{
  "seed": 20260534,
  "pi": [
    0.22810792919291095,
    0.6150208934553099,
    0.06451375582415281,
    0.09235742152762656
  ],
  "prior_report": {
    "seed": 1616087053,
    "pi": [
      0.22810792919291095,
      0.6150208934553099,
      0.06451375582415281,
      0.09235742152762656
    ],
    "n_jobs": 1994,
    "n_long_reassigned_from_T0": 0,
    "n_short_reassigned_from_high_tier": 249,
    "tier_counts": {
      "T0": 552,
      "T1": 1388,
      "T2": 24,
      "T3": 30
    },
    "tier_fractions": {
      "T0": 0.2768304914744233,
      "T1": 0.6960882647943831,
      "T2": 0.012036108324974924,
      "T3": 0.015045135406218655
    }
  },
  "all_rigid": {
    "co2_g": 2169520.4847251917,
    "facility_co2_g": 2659542.7509189122,
    "energy_kwh": 8825.209999999983,
    "p95_slowdown": 147.08437705998676,
    "avg_pue": 1.1710688768818607,
    "it_co2_pct": 0.0,
    "facility_co2_pct": 0.0
  },
  "declared_tier": {
    "co2_g": 2169966.0515583963,
    "facility_co2_g": 2682712.825395552,
    "energy_kwh": 8826.377083333322,
    "p95_slowdown": 147.08437705998676,
    "avg_pue": 1.1710688768818607,
    "it_co2_pct": -0.02053757207371998,
    "facility_co2_pct": -0.8712051900137352
  },
  "delta_it_pp": -0.02053757207371998,
  "delta_facility_pp": -0.8712051900137352,
  "p95_match": true
}