{
  "seed": 20260517,
  "pi": [
    0.33197220115907256,
    0.34646119363357386,
    0.20879365074748518,
    0.11277295445986835
  ],
  "prior_report": {
    "seed": 498853598,
    "pi": [
      0.33197220115907256,
      0.34646119363357386,
      0.20879365074748518,
      0.11277295445986835
    ],
    "n_jobs": 1994,
    "n_long_reassigned_from_T0": 0,
    "n_short_reassigned_from_high_tier": 536,
    "tier_counts": {
      "T0": 914,
      "T1": 981,
      "T2": 64,
      "T3": 35
    },
    "tier_fractions": {
      "T0": 0.4583751253761284,
      "T1": 0.49197592778335003,
      "T2": 0.0320962888665998,
      "T3": 0.017552657973921765
    }
  },
  "all_rigid": {
    "co2_g": 2170191.4446371743,
    "facility_co2_g": 2661551.553590773,
    "energy_kwh": 8825.209999999992,
    "p95_slowdown": 144.62709163346608,
    "avg_pue": 1.183859183527037,
    "it_co2_pct": 0.0,
    "facility_co2_pct": 0.0
  },
  "declared_tier": {
    "co2_g": 2170637.011470379,
    "facility_co2_g": 2684721.628067413,
    "energy_kwh": 8826.377083333331,
    "p95_slowdown": 144.62709163346608,
    "avg_pue": 1.183859183527037,
    "it_co2_pct": -0.020531222455311138,
    "facility_co2_pct": -0.8705476489974551
  },
  "delta_it_pp": -0.020531222455311138,
  "delta_facility_pp": -0.8705476489974551,
  "p95_match": true
}