{
  "seed": 20260531,
  "pi": [
    0.09196521303944016,
    0.3607128657928988,
    0.19205672124435097,
    0.35526519992331007
  ],
  "prior_report": {
    "seed": 782557477,
    "pi": [
      0.09196521303944016,
      0.3607128657928988,
      0.19205672124435097,
      0.35526519992331007
    ],
    "n_jobs": 1994,
    "n_long_reassigned_from_T0": 0,
    "n_short_reassigned_from_high_tier": 871,
    "tier_counts": {
      "T0": 363,
      "T1": 1433,
      "T2": 69,
      "T3": 129
    },
    "tier_fractions": {
      "T0": 0.18204613841524575,
      "T1": 0.7186559679037111,
      "T2": 0.03460381143430291,
      "T3": 0.06469408224674023
    }
  },
  "all_rigid": {
    "co2_g": 2165671.1767641664,
    "facility_co2_g": 2520762.6954381615,
    "energy_kwh": 8826.37708333332,
    "p95_slowdown": 149.01623541349568,
    "avg_pue": 1.2042446004119614,
    "it_co2_pct": 0.0,
    "facility_co2_pct": 0.0
  },
  "declared_tier": {
    "co2_g": 2165673.116388195,
    "facility_co2_g": 2522093.749077938,
    "energy_kwh": 8826.377083333322,
    "p95_slowdown": 149.01623541349568,
    "avg_pue": 1.2042446004119614,
    "it_co2_pct": -8.956225900913495e-05,
    "facility_co2_pct": -0.052803607502815986
  },
  "delta_it_pp": -8.956225900913495e-05,
  "delta_facility_pp": -0.052803607502815986,
  "p95_match": true
}