{
  "seed": 20260533,
  "pi": [
    0.2655743286633713,
    0.14397125250659337,
    0.42477932875132507,
    0.16567509007871037
  ],
  "prior_report": {
    "seed": 1290412057,
    "pi": [
      0.2655743286633713,
      0.14397125250659337,
      0.42477932875132507,
      0.16567509007871037
    ],
    "n_jobs": 1994,
    "n_long_reassigned_from_T0": 0,
    "n_short_reassigned_from_high_tier": 976,
    "tier_counts": {
      "T0": 1166,
      "T1": 626,
      "T2": 146,
      "T3": 56
    },
    "tier_fractions": {
      "T0": 0.5847542627883651,
      "T1": 0.3139418254764293,
      "T2": 0.0732196589769308,
      "T3": 0.028084252758274825
    }
  },
  "all_rigid": {
    "co2_g": 2159302.738459181,
    "facility_co2_g": 2516180.708680778,
    "energy_kwh": 8826.377083333315,
    "p95_slowdown": 149.01623541349568,
    "avg_pue": 1.1395862669967405,
    "it_co2_pct": 0.0,
    "facility_co2_pct": 0.0
  },
  "declared_tier": {
    "co2_g": 2159304.67808321,
    "facility_co2_g": 2517121.25779097,
    "energy_kwh": 8826.377083333316,
    "p95_slowdown": 149.01623541349568,
    "avg_pue": 1.1395862669967405,
    "it_co2_pct": -8.982640526955521e-05,
    "facility_co2_pct": -0.037380030255684815
  },
  "delta_it_pp": -8.982640526955521e-05,
  "delta_facility_pp": -0.037380030255684815,
  "p95_match": true
}