{
  "seed": 20260541,
  "pi": [
    0.31399869527736957,
    0.30870692717633214,
    0.34226654010917046,
    0.0350278374371278
  ],
  "prior_report": {
    "seed": 1882888256,
    "pi": [
      0.31399869527736957,
      0.30870692717633214,
      0.34226654010917046,
      0.0350278374371278
    ],
    "n_jobs": 1994,
    "n_long_reassigned_from_T0": 0,
    "n_short_reassigned_from_high_tier": 633,
    "tier_counts": {
      "T0": 941,
      "T1": 913,
      "T2": 126,
      "T3": 14
    },
    "tier_fractions": {
      "T0": 0.4719157472417252,
      "T1": 0.45787362086258776,
      "T2": 0.06318956870611836,
      "T3": 0.007021063189568706
    }
  },
  "all_rigid": {
    "co2_g": 2167814.104324805,
    "facility_co2_g": 2526519.0199560663,
    "energy_kwh": 8826.37708333332,
    "p95_slowdown": 145.6810810810809,
    "avg_pue": 1.2138487043341746,
    "it_co2_pct": 0.0,
    "facility_co2_pct": 0.0
  },
  "declared_tier": {
    "co2_g": 2167816.043948834,
    "facility_co2_g": 2527852.305050297,
    "energy_kwh": 8826.377083333322,
    "p95_slowdown": 145.6810810810809,
    "avg_pue": 1.2138487043341746,
    "it_co2_pct": -8.947372494017003e-05,
    "facility_co2_pct": -0.052771623079017616
  },
  "delta_it_pp": -8.947372494017003e-05,
  "delta_facility_pp": -0.052771623079017616,
  "p95_match": true
}