{
  "seed": 20260518,
  "pi": [
    0.4323988804499268,
    0.31268138260813,
    0.22802024627862685,
    0.02689949066331629
  ],
  "prior_report": {
    "seed": 768969855,
    "pi": [
      0.4323988804499268,
      0.31268138260813,
      0.22802024627862685,
      0.02689949066331629
    ],
    "n_jobs": 1994,
    "n_long_reassigned_from_T0": 0,
    "n_short_reassigned_from_high_tier": 409,
    "tier_counts": {
      "T0": 1115,
      "T1": 786,
      "T2": 83,
      "T3": 10
    },
    "tier_fractions": {
      "T0": 0.5591775325977933,
      "T1": 0.39418254764292876,
      "T2": 0.04162487462387161,
      "T3": 0.0050150451354062184
    }
  },
  "all_rigid": {
    "co2_g": 2155733.9931169073,
    "facility_co2_g": 2646858.2700499236,
    "energy_kwh": 8825.209999999985,
    "p95_slowdown": 143.0819313885323,
    "avg_pue": 1.1483583983539973,
    "it_co2_pct": 0.0,
    "facility_co2_pct": 0.0
  },
  "declared_tier": {
    "co2_g": 2156179.559950112,
    "facility_co2_g": 2668628.493494345,
    "energy_kwh": 8826.377083333324,
    "p95_slowdown": 143.0819313885323,
    "avg_pue": 1.1483583983539973,
    "it_co2_pct": -0.02066891530343451,
    "facility_co2_pct": -0.8224929793468228
  },
  "delta_it_pp": -0.02066891530343451,
  "delta_facility_pp": -0.8224929793468228,
  "p95_match": true
}