{
  "budget_w": 900,
  "total_energy_j": 25674.98927800005,
  "per_gpu_energy_j": {
    "0": 25674.98927800005,
    "1": 0.0,
    "2": 0.0
  },
  "per_gpu_mean_pwr_w": {
    "0": 285.4850155183116,
    "1": 0,
    "2": 0
  },
  "jain_fairness": 0.3333333333333333,
  "duration_s": 90.0
}