{
  "budget_w": 600,
  "total_energy_j": 17488.893416999967,
  "per_gpu_energy_j": {
    "0": 17488.893416999967,
    "1": 0.0,
    "2": 0.0
  },
  "per_gpu_mean_pwr_w": {
    "0": 193.67476168757125,
    "1": 0,
    "2": 0
  },
  "jain_fairness": 0.3333333333333333,
  "duration_s": 90.0
}