{
  "budget_w": 750,
  "total_energy_j": 21779.71605700002,
  "per_gpu_energy_j": {
    "0": 21779.71605700002,
    "1": 0.0,
    "2": 0.0
  },
  "per_gpu_mean_pwr_w": {
    "0": 241.85682683422658,
    "1": 0,
    "2": 0
  },
  "jain_fairness": 0.33333333333333337,
  "duration_s": 90.0
}