{
  "seed": 20260513,
  "pi": [
    0.34849267291937264,
    0.34223601536530446,
    0.2965685610496562,
    0.012702750665666842
  ],
  "prior_report": {
    "seed": 975850028,
    "pi": [
      0.34849267291937264,
      0.34223601536530446,
      0.2965685610496562,
      0.012702750665666842
    ],
    "n_jobs": 1994,
    "n_long_reassigned_from_T0": 0,
    "n_short_reassigned_from_high_tier": 495,
    "tier_counts": {
      "T0": 989,
      "T1": 892,
      "T2": 103,
      "T3": 10
    },
    "tier_fractions": {
      "T0": 0.49598796389167504,
      "T1": 0.4473420260782347,
      "T2": 0.051654964894684054,
      "T3": 0.0050150451354062184
    }
  },
  "all_rigid": {
    "co2_g": 2156230.93265081,
    "facility_co2_g": 2642164.6816145447,
    "energy_kwh": 8825.209999999981,
    "p95_slowdown": 145.81951219512175,
    "avg_pue": 1.1796259940738438,
    "it_co2_pct": 0.0,
    "facility_co2_pct": 0.0
  },
  "declared_tier": {
    "co2_g": 2156678.4391080434,
    "facility_co2_g": 2654438.1202767068,
    "energy_kwh": 8826.377083333322,
    "p95_slowdown": 145.81951219512175,
    "avg_pue": 1.1796259940738438,
    "it_co2_pct": -0.020754106179299292,
    "facility_co2_pct": -0.4645220923421789
  },
  "delta_it_pp": -0.020754106179299292,
  "delta_facility_pp": -0.4645220923421789,
  "p95_match": true
}