{
  "seed": 20260524,
  "pi": [
    0.32874837436457865,
    0.3930366609389317,
    0.11413885507715944,
    0.16407610961933014
  ],
  "prior_report": {
    "seed": 853407783,
    "pi": [
      0.32874837436457865,
      0.3930366609389317,
      0.11413885507715944,
      0.16407610961933014
    ],
    "n_jobs": 1994,
    "n_long_reassigned_from_T0": 0,
    "n_short_reassigned_from_high_tier": 429,
    "tier_counts": {
      "T0": 864,
      "T1": 1020,
      "T2": 37,
      "T3": 73
    },
    "tier_fractions": {
      "T0": 0.43329989969909727,
      "T1": 0.5115346038114343,
      "T2": 0.018555667001003008,
      "T3": 0.0366098294884654
    }
  },
  "all_rigid": {
    "co2_g": 2169546.22842538,
    "facility_co2_g": 2656437.324649292,
    "energy_kwh": 8825.209999999988,
    "p95_slowdown": 149.01623541349568,
    "avg_pue": 1.2156006779184483,
    "it_co2_pct": 0.0,
    "facility_co2_pct": 0.0
  },
  "declared_tier": {
    "co2_g": 2169993.734882613,
    "facility_co2_g": 2670508.018523066,
    "energy_kwh": 8826.37708333333,
    "p95_slowdown": 149.01623541349568,
    "avg_pue": 1.2156006779184483,
    "it_co2_pct": -0.020626730667006044,
    "facility_co2_pct": -0.5296828855403612
  },
  "delta_it_pp": -0.020626730667006044,
  "delta_facility_pp": -0.5296828855403612,
  "p95_match": true
}