{
  "seed": 20260536,
  "pi": [
    0.34923658149703324,
    0.20876848453497143,
    0.23634899745797372,
    0.20564593651002164
  ],
  "prior_report": {
    "seed": 931270067,
    "pi": [
      0.34923658149703324,
      0.20876848453497143,
      0.23634899745797372,
      0.20564593651002164
    ],
    "n_jobs": 1994,
    "n_long_reassigned_from_T0": 0,
    "n_short_reassigned_from_high_tier": 726,
    "tier_counts": {
      "T0": 1170,
      "T1": 702,
      "T2": 68,
      "T3": 54
    },
    "tier_fractions": {
      "T0": 0.5867602808425276,
      "T1": 0.3520561685055166,
      "T2": 0.034102306920762285,
      "T3": 0.02708124373119358
    }
  },
  "all_rigid": {
    "co2_g": 2168609.3839286887,
    "facility_co2_g": 2658601.7495379266,
    "energy_kwh": 8825.209999999988,
    "p95_slowdown": 144.62709163346608,
    "avg_pue": 1.2267109633925535,
    "it_co2_pct": 0.0,
    "facility_co2_pct": 0.0
  },
  "declared_tier": {
    "co2_g": 2169056.890385922,
    "facility_co2_g": 2672667.7752163457,
    "energy_kwh": 8826.37708333333,
    "p95_slowdown": 144.62709163346608,
    "avg_pue": 1.2267109633925535,
    "it_co2_pct": -0.020635641464505916,
    "facility_co2_pct": -0.5290760709408149
  },
  "delta_it_pp": -0.020635641464505916,
  "delta_facility_pp": -0.5290760709408149,
  "p95_match": true
}