{
  "seed": 20260539,
  "pi": [
    0.2801657152359114,
    0.362577518161089,
    0.22138216976882918,
    0.13587459683417033
  ],
  "prior_report": {
    "seed": 1930096168,
    "pi": [
      0.2801657152359114,
      0.362577518161089,
      0.22138216976882918,
      0.13587459683417033
    ],
    "n_jobs": 1994,
    "n_long_reassigned_from_T0": 0,
    "n_short_reassigned_from_high_tier": 578,
    "tier_counts": {
      "T0": 790,
      "T1": 1064,
      "T2": 87,
      "T3": 53
    },
    "tier_fractions": {
      "T0": 0.39618856569709127,
      "T1": 0.5336008024072216,
      "T2": 0.043630892678034106,
      "T3": 0.02657973921765296
    }
  },
  "all_rigid": {
    "co2_g": 2155860.212801677,
    "facility_co2_g": 2510103.7666552034,
    "energy_kwh": 8826.37708333331,
    "p95_slowdown": 149.01623541349568,
    "avg_pue": 1.1397109614504308,
    "it_co2_pct": 0.0,
    "facility_co2_pct": 0.0
  },
  "declared_tier": {
    "co2_g": 2155862.152425706,
    "facility_co2_g": 2510829.5382741243,
    "energy_kwh": 8826.377083333311,
    "p95_slowdown": 149.01623541349568,
    "avg_pue": 1.1397109614504308,
    "it_co2_pct": -8.996984206532943e-05,
    "facility_co2_pct": -0.028914008598457386
  },
  "delta_it_pp": -8.996984206532943e-05,
  "delta_facility_pp": -0.028914008598457386,
  "p95_match": true
}