{
  "seed": 20260544,
  "pi": [
    0.2785420825988005,
    0.32121479844874856,
    0.20563467150609874,
    0.19460844744635228
  ],
  "prior_report": {
    "seed": 2144449393,
    "pi": [
      0.2785420825988005,
      0.32121479844874856,
      0.20563467150609874,
      0.19460844744635228
    ],
    "n_jobs": 1994,
    "n_long_reassigned_from_T0": 0,
    "n_short_reassigned_from_high_tier": 679,
    "tier_counts": {
      "T0": 903,
      "T1": 956,
      "T2": 64,
      "T3": 71
    },
    "tier_fractions": {
      "T0": 0.4528585757271815,
      "T1": 0.4794383149448345,
      "T2": 0.0320962888665998,
      "T3": 0.03560682046138415
    }
  },
  "all_rigid": {
    "co2_g": 2158097.6463677576,
    "facility_co2_g": 2654275.3961678753,
    "energy_kwh": 8825.209999999983,
    "p95_slowdown": 143.0819313885323,
    "avg_pue": 1.1485818126106995,
    "it_co2_pct": 0.0,
    "facility_co2_pct": 0.0
  },
  "declared_tier": {
    "co2_g": 2158545.152824991,
    "facility_co2_g": 2666548.8348300373,
    "energy_kwh": 8826.377083333324,
    "p95_slowdown": 143.0819313885323,
    "avg_pue": 1.1485818126106995,
    "it_co2_pct": -0.02073615426931852,
    "facility_co2_pct": -0.4624026082554078
  },
  "delta_it_pp": -0.02073615426931852,
  "delta_facility_pp": -0.4624026082554078,
  "p95_match": true
}