{
  "seed": 20260523,
  "pi": [
    0.1385201652051477,
    0.2111458220948081,
    0.40250948978467577,
    0.2478245229153683
  ],
  "prior_report": {
    "seed": 794214963,
    "pi": [
      0.1385201652051477,
      0.2111458220948081,
      0.40250948978467577,
      0.2478245229153683
    ],
    "n_jobs": 1994,
    "n_long_reassigned_from_T0": 0,
    "n_short_reassigned_from_high_tier": 1111,
    "tier_counts": {
      "T0": 713,
      "T1": 1062,
      "T2": 137,
      "T3": 82
    },
    "tier_fractions": {
      "T0": 0.3575727181544634,
      "T1": 0.5325977933801405,
      "T2": 0.0687061183550652,
      "T3": 0.041123370110330994
    }
  },
  "all_rigid": {
    "co2_g": 2168814.4865039764,
    "facility_co2_g": 2660491.944432729,
    "energy_kwh": 8825.209999999994,
    "p95_slowdown": 147.08437705998676,
    "avg_pue": 1.1847387085563315,
    "it_co2_pct": 0.0,
    "facility_co2_pct": 0.0
  },
  "declared_tier": {
    "co2_g": 2169261.9929612097,
    "facility_co2_g": 2674562.6383065027,
    "energy_kwh": 8826.377083333335,
    "p95_slowdown": 147.08437705998676,
    "avg_pue": 1.1847387085563315,
    "it_co2_pct": -0.020633689972937574,
    "facility_co2_pct": -0.5288756428380781
  },
  "delta_it_pp": -0.020633689972937574,
  "delta_facility_pp": -0.5288756428380781,
  "p95_match": true
}