{
  "seed": 20260515,
  "pi": [
    0.4031260108839675,
    0.14912337359041825,
    0.33893185970525525,
    0.10881875582035909
  ],
  "prior_report": {
    "seed": 1171851820,
    "pi": [
      0.4031260108839675,
      0.14912337359041825,
      0.33893185970525525,
      0.10881875582035909
    ],
    "n_jobs": 1994,
    "n_long_reassigned_from_T0": 0,
    "n_short_reassigned_from_high_tier": 710,
    "tier_counts": {
      "T0": 1316,
      "T1": 521,
      "T2": 116,
      "T3": 41
    },
    "tier_fractions": {
      "T0": 0.6599799398194583,
      "T1": 0.261283851554664,
      "T2": 0.058174523570712136,
      "T3": 0.020561685055165497
    }
  },
  "all_rigid": {
    "co2_g": 2169396.1839385116,
    "facility_co2_g": 2529743.4659577613,
    "energy_kwh": 8826.37708333332,
    "p95_slowdown": 149.01623541349568,
    "avg_pue": 1.1705727440052214,
    "it_co2_pct": 0.0,
    "facility_co2_pct": 0.0
  },
  "declared_tier": {
    "co2_g": 2169398.1235625404,
    "facility_co2_g": 2531076.751051992,
    "energy_kwh": 8826.377083333322,
    "p95_slowdown": 149.01623541349568,
    "avg_pue": 1.1705727440052214,
    "it_co2_pct": -8.94084742686374e-05,
    "facility_co2_pct": -0.05270435963853348
  },
  "delta_it_pp": -8.94084742686374e-05,
  "delta_facility_pp": -0.05270435963853348,
  "p95_match": true
}