{
  "seed": 20260516,
  "pi": [
    0.3192828111809291,
    0.3169384566650292,
    0.12362724101407628,
    0.24015149113996548
  ],
  "prior_report": {
    "seed": 528064220,
    "pi": [
      0.3192828111809291,
      0.3169384566650292,
      0.12362724101407628,
      0.24015149113996548
    ],
    "n_jobs": 1994,
    "n_long_reassigned_from_T0": 0,
    "n_short_reassigned_from_high_tier": 616,
    "tier_counts": {
      "T0": 920,
      "T1": 961,
      "T2": 34,
      "T3": 79
    },
    "tier_fractions": {
      "T0": 0.46138415245737213,
      "T1": 0.4819458375125376,
      "T2": 0.017051153460381142,
      "T3": 0.03961885656970913
    }
  },
  "all_rigid": {
    "co2_g": 2164112.817510452,
    "facility_co2_g": 2657562.0933271805,
    "energy_kwh": 8825.209999999981,
    "p95_slowdown": 145.6810810810809,
    "avg_pue": 1.1426654216542542,
    "it_co2_pct": 0.0,
    "facility_co2_pct": 0.0
  },
  "declared_tier": {
    "co2_g": 2164560.3239676855,
    "facility_co2_g": 2670325.692501601,
    "energy_kwh": 8826.377083333322,
    "p95_slowdown": 145.6810810810809,
    "avg_pue": 1.1426654216542542,
    "it_co2_pct": -0.02067851794105291,
    "facility_co2_pct": -0.48027473022993483
  },
  "delta_it_pp": -0.02067851794105291,
  "delta_facility_pp": -0.48027473022993483,
  "p95_match": true
}