{
  "seed": 20260519,
  "pi": [
    0.13620759314981232,
    0.5004094124092788,
    0.23989101406635965,
    0.1234919803745493
  ],
  "prior_report": {
    "seed": 854479693,
    "pi": [
      0.13620759314981232,
      0.5004094124092788,
      0.23989101406635965,
      0.1234919803745493
    ],
    "n_jobs": 1994,
    "n_long_reassigned_from_T0": 0,
    "n_short_reassigned_from_high_tier": 635,
    "tier_counts": {
      "T0": 386,
      "T1": 1469,
      "T2": 98,
      "T3": 41
    },
    "tier_fractions": {
      "T0": 0.19358074222668004,
      "T1": 0.7367101303911735,
      "T2": 0.04914744232698094,
      "T3": 0.020561685055165497
    }
  },
  "all_rigid": {
    "co2_g": 2173208.1508976487,
    "facility_co2_g": 2535778.5577370077,
    "energy_kwh": 8826.377083333326,
    "p95_slowdown": 144.62709163346608,
    "avg_pue": 1.2273789389713592,
    "it_co2_pct": 0.0,
    "facility_co2_pct": 0.0
  },
  "declared_tier": {
    "co2_g": 2173210.0905216774,
    "facility_co2_g": 2537111.8428312386,
    "energy_kwh": 8826.377083333327,
    "p95_slowdown": 144.62709163346608,
    "avg_pue": 1.2273789389713592,
    "it_co2_pct": -8.925164522999296e-05,
    "facility_co2_pct": -0.0525789245343633
  },
  "delta_it_pp": -8.925164522999296e-05,
  "delta_facility_pp": -0.0525789245343633,
  "p95_match": true
}