{
  "seed": 20260538,
  "pi": [
    0.35967641741488887,
    0.40526552712999797,
    0.10297438861854484,
    0.13208366683656844
  ],
  "prior_report": {
    "seed": 1932506942,
    "pi": [
      0.35967641741488887,
      0.40526552712999797,
      0.10297438861854484,
      0.13208366683656844
    ],
    "n_jobs": 1994,
    "n_long_reassigned_from_T0": 0,
    "n_short_reassigned_from_high_tier": 365,
    "tier_counts": {
      "T0": 905,
      "T1": 1018,
      "T2": 33,
      "T3": 38
    },
    "tier_fractions": {
      "T0": 0.4538615847542628,
      "T1": 0.5105315947843531,
      "T2": 0.016549648946840523,
      "T3": 0.01905717151454363
    }
  },
  "all_rigid": {
    "co2_g": 2157397.092458575,
    "facility_co2_g": 2517580.0074354648,
    "energy_kwh": 8826.377083333324,
    "p95_slowdown": 147.08437705998676,
    "avg_pue": 1.173057404717404,
    "it_co2_pct": 0.0,
    "facility_co2_pct": 0.0
  },
  "declared_tier": {
    "co2_g": 2157399.032082604,
    "facility_co2_g": 2518912.209617975,
    "energy_kwh": 8826.377083333326,
    "p95_slowdown": 147.08437705998676,
    "avg_pue": 1.173057404717404,
    "it_co2_pct": -8.990574964506948e-05,
    "facility_co2_pct": -0.052915981957912805
  },
  "delta_it_pp": -8.990574964506948e-05,
  "delta_facility_pp": -0.052915981957912805,
  "p95_match": true
}