{
  "seed": 20260530,
  "pi": [
    0.32444259733738057,
    0.3251980900934959,
    0.21982524602055423,
    0.1305340665485693
  ],
  "prior_report": {
    "seed": 1777329945,
    "pi": [
      0.32444259733738057,
      0.3251980900934959,
      0.21982524602055423,
      0.1305340665485693
    ],
    "n_jobs": 1994,
    "n_long_reassigned_from_T0": 0,
    "n_short_reassigned_from_high_tier": 587,
    "tier_counts": {
      "T0": 911,
      "T1": 955,
      "T2": 83,
      "T3": 45
    },
    "tier_fractions": {
      "T0": 0.45687061183550653,
      "T1": 0.4789368104312939,
      "T2": 0.04162487462387161,
      "T3": 0.022567703109327986
    }
  },
  "all_rigid": {
    "co2_g": 2168145.567285333,
    "facility_co2_g": 2524024.638489331,
    "energy_kwh": 8826.377083333326,
    "p95_slowdown": 149.01623541349568,
    "avg_pue": 1.2050687894402756,
    "it_co2_pct": 0.0,
    "facility_co2_pct": 0.0
  },
  "declared_tier": {
    "co2_g": 2168147.5069093616,
    "facility_co2_g": 2525356.8406718415,
    "energy_kwh": 8826.377083333327,
    "p95_slowdown": 149.01623541349568,
    "avg_pue": 1.2050687894402756,
    "it_co2_pct": -8.946004632637283e-05,
    "facility_co2_pct": -0.052780870764701504
  },
  "delta_it_pp": -8.946004632637283e-05,
  "delta_facility_pp": -0.052780870764701504,
  "p95_match": true
}