{
  "seed": 20260535,
  "pi": [
    0.10351770677901072,
    0.37322658780427326,
    0.34933076092740106,
    0.17392494448931506
  ],
  "prior_report": {
    "seed": 1051296388,
    "pi": [
      0.10351770677901072,
      0.37322658780427326,
      0.34933076092740106,
      0.17392494448931506
    ],
    "n_jobs": 1994,
    "n_long_reassigned_from_T0": 0,
    "n_short_reassigned_from_high_tier": 898,
    "tier_counts": {
      "T0": 382,
      "T1": 1419,
      "T2": 134,
      "T3": 59
    },
    "tier_fractions": {
      "T0": 0.19157472417251756,
      "T1": 0.7116349047141425,
      "T2": 0.06720160481444333,
      "T3": 0.02958876629889669
    }
  },
  "all_rigid": {
    "co2_g": 2165198.1479764837,
    "facility_co2_g": 2649796.688771464,
    "energy_kwh": 8825.209999999985,
    "p95_slowdown": 149.79629629629613,
    "avg_pue": 1.1799891634374113,
    "it_co2_pct": 0.0,
    "facility_co2_pct": 0.0
  },
  "declared_tier": {
    "co2_g": 2165643.7148096883,
    "facility_co2_g": 2671566.9122158852,
    "energy_kwh": 8826.377083333324,
    "p95_slowdown": 149.79629629629613,
    "avg_pue": 1.1799891634374113,
    "it_co2_pct": -0.020578570770579674,
    "facility_co2_pct": -0.8215808985146955
  },
  "delta_it_pp": -0.020578570770579674,
  "delta_facility_pp": -0.8215808985146955,
  "p95_match": true
}