{"country": "CH", "mw": 10, "seed": 3, "hyper": "alpha_scale", "value": 1.0, "energy_kwh": 7101.479166670179, "ci_weighted_mean": 32.297733111897365, "cfe_canonical_pct": 95.96278336101282, "cfe_pct": 32.72786713709797, "cfe_abs_pct": 100.0, "p95_slowdown": 1680.6166666666666, "n_jobs": 20000}