{"country": "CH", "mw": 10, "seed": 1, "hyper": "short_job_s", "value": 300.0, "energy_kwh": 7101.479166670182, "ci_weighted_mean": 32.303846685812616, "cfe_canonical_pct": 95.96201916427343, "cfe_pct": 32.698930954814585, "cfe_abs_pct": 100.0, "p95_slowdown": 1680.6166666666666, "n_jobs": 20000}