{"country": "CH", "mw": 10, "seed": 4, "hyper": "window_scale", "value": 2.0, "energy_kwh": 7101.479166670219, "ci_weighted_mean": 32.37919126143151, "cfe_canonical_pct": 95.95260109232106, "cfe_pct": 32.34831263768806, "cfe_abs_pct": 100.0, "p95_slowdown": 1680.6166666666666, "n_jobs": 20000}