{"country": "CH", "mw": 10, "seed": 0, "hyper": "window_scale", "value": 0.5, "energy_kwh": 7101.479166670219, "ci_weighted_mean": 32.37916010918888, "cfe_canonical_pct": 95.95260498635139, "cfe_pct": 32.34145458880499, "cfe_abs_pct": 100.0, "p95_slowdown": 1680.6166666666666, "n_jobs": 20000}