{"country": "CH", "mw": 10, "seed": 6, "hyper": "window_scale", "value": 1.0, "energy_kwh": 7101.4791666701885, "ci_weighted_mean": 32.31836250487434, "cfe_canonical_pct": 95.9602046868907, "cfe_pct": 32.673593659427205, "cfe_abs_pct": 100.0, "p95_slowdown": 1680.6166666666666, "n_jobs": 20000}