{"country": "CH", "mw": 10, "seed": 4, "hyper": "window_scale", "value": 0.5, "energy_kwh": 5467.404166668925, "ci_weighted_mean": 33.03374151032705, "cfe_canonical_pct": 95.87078231120913, "cfe_pct": 31.868028595094156, "cfe_abs_pct": 100.0, "p95_slowdown": 1260.6166666666666, "n_jobs": 20000}