{"country": "DE", "mw": 10, "seed": 3, "hyper": "short_job_s", "value": 1.0, "energy_kwh": 7101.4791666702195, "ci_weighted_mean": 319.2816440208003, "cfe_canonical_pct": 60.089794497399964, "cfe_pct": 47.78979932445559, "cfe_abs_pct": 0.0, "p95_slowdown": 1680.6166666666666, "n_jobs": 20000}