{"country": "DE", "mw": 10, "seed": 4, "hyper": "window_scale", "value": 0.5, "energy_kwh": 5468.104166668926, "ci_weighted_mean": 338.0703695764613, "cfe_canonical_pct": 57.741203802942344, "cfe_pct": 47.12325812619585, "cfe_abs_pct": 0.0, "p95_slowdown": 1260.6166666666666, "n_jobs": 20000}