{"country": "FR", "mw": 10, "seed": 1, "hyper": "alpha_scale", "value": 2.0, "energy_kwh": 7101.479166670219, "ci_weighted_mean": 57.22394217725155, "cfe_canonical_pct": 92.84700722784356, "cfe_pct": 36.389438396044, "cfe_abs_pct": 100.0, "p95_slowdown": 1680.6166666666666, "n_jobs": 20000}