{"country": "FR", "mw": 10, "seed": 4, "hyper": "alpha_scale", "value": 4.0, "energy_kwh": 7101.4791666702195, "ci_weighted_mean": 57.22373199823575, "cfe_canonical_pct": 92.84703350022053, "cfe_pct": 36.38923167559347, "cfe_abs_pct": 100.0, "p95_slowdown": 1680.6166666666666, "n_jobs": 20000}