{"country": "FR", "mw": 10, "seed": 2, "hyper": "short_job_s", "value": 60.0, "energy_kwh": 7101.4791666702195, "ci_weighted_mean": 57.22394217725155, "cfe_canonical_pct": 92.84700722784356, "cfe_pct": 36.39071558658646, "cfe_abs_pct": 100.0, "p95_slowdown": 1680.6166666666666, "n_jobs": 20000}