{"country": "FR", "mw": 10, "seed": 3, "hyper": "short_job_s", "value": 1.0, "energy_kwh": 7101.4791666702195, "ci_weighted_mean": 57.223996467436194, "cfe_canonical_pct": 92.84700044157049, "cfe_pct": 36.38627652151443, "cfe_abs_pct": 100.0, "p95_slowdown": 1680.6166666666666, "n_jobs": 20000}