{"country": "FR", "mw": 10, "seed": 4, "hyper": "window_scale", "value": 0.5, "energy_kwh": 5467.754166668927, "ci_weighted_mean": 58.66981136514843, "cfe_canonical_pct": 92.66627357935644, "cfe_pct": 35.8672688399374, "cfe_abs_pct": 100.0, "p95_slowdown": 1260.6166666666666, "n_jobs": 20000}