{"country": "IT", "mw": 10, "seed": 4, "hyper": "alpha_scale", "value": 2.0, "energy_kwh": 7101.4791666702195, "ci_weighted_mean": 278.8971560205675, "cfe_canonical_pct": 65.13785549742906, "cfe_pct": 43.41179849868788, "cfe_abs_pct": 0.0, "p95_slowdown": 1680.6166666666666, "n_jobs": 20000}