{"country": "IT", "mw": 10, "seed": 6, "hyper": "t4_envelope_scale", "value": 1.0, "energy_kwh": 7101.4791666702195, "ci_weighted_mean": 278.89868103682306, "cfe_canonical_pct": 65.13766487039712, "cfe_pct": 43.43959642284646, "cfe_abs_pct": 0.0, "p95_slowdown": 1680.6166666666666, "n_jobs": 20000}