{"country": "IT", "mw": 10, "seed": 0, "hyper": "window_scale", "value": 0.5, "energy_kwh": 7101.479166670219, "ci_weighted_mean": 278.89868103682306, "cfe_canonical_pct": 65.13766487039712, "cfe_pct": 43.43469339926496, "cfe_abs_pct": 0.0, "p95_slowdown": 1680.6166666666666, "n_jobs": 20000}