{"country": "IT", "mw": 10, "seed": 3, "hyper": "window_scale", "value": 0.5, "energy_kwh": 7101.4791666702195, "ci_weighted_mean": 278.8991228486519, "cfe_canonical_pct": 65.13760964391851, "cfe_pct": 43.426117327535344, "cfe_abs_pct": 0.0, "p95_slowdown": 1680.6166666666666, "n_jobs": 20000}