{"country": "IT", "mw": 10, "seed": 4, "hyper": "window_scale", "value": 0.5, "energy_kwh": 5467.929166668926, "ci_weighted_mean": 290.6356596549959, "cfe_canonical_pct": 63.67054254312552, "cfe_pct": 42.81658104723822, "cfe_abs_pct": 0.0, "p95_slowdown": 1260.6166666666666, "n_jobs": 20000}