{"country": "PL", "mw": 10, "seed": 3, "hyper": "alpha_scale", "value": 1.0, "energy_kwh": 7101.4791666702195, "ci_weighted_mean": 661.8145012042978, "cfe_canonical_pct": 17.27318734946277, "cfe_pct": 43.475103926051275, "cfe_abs_pct": 0.0, "p95_slowdown": 1680.6166666666666, "n_jobs": 20000}