{"country": "PL", "mw": 10, "seed": 4, "hyper": "short_job_s", "value": 1.0, "energy_kwh": 7101.4791666702195, "ci_weighted_mean": 661.8092775671673, "cfe_canonical_pct": 17.273840304104084, "cfe_pct": 43.46061529142321, "cfe_abs_pct": 0.0, "p95_slowdown": 1680.6166666666666, "n_jobs": 20000}