{"country": "PL", "mw": 10, "seed": 5, "hyper": "t4_envelope_scale", "value": 2.0, "energy_kwh": 7101.4791666702195, "ci_weighted_mean": 661.8133268493084, "cfe_canonical_pct": 17.27333414383645, "cfe_pct": 43.48866538169219, "cfe_abs_pct": 0.0, "p95_slowdown": 1680.6166666666666, "n_jobs": 20000}