{"country": "PL", "mw": 10, "seed": 4, "hyper": "window_scale", "value": 0.5, "energy_kwh": 5467.929166668926, "ci_weighted_mean": 692.9991920214098, "cfe_canonical_pct": 13.375100997323774, "cfe_pct": 42.86367560472139, "cfe_abs_pct": 0.0, "p95_slowdown": 1260.6166666666666, "n_jobs": 20000}