{"country": "SE", "mw": 10, "seed": 5, "hyper": "alpha_scale", "value": 0.5, "energy_kwh": 7101.4791666702195, "ci_weighted_mean": 11.869486348275954, "cfe_canonical_pct": 98.51631420646551, "cfe_pct": 31.299282083664583, "cfe_abs_pct": 100.0, "p95_slowdown": 1680.6166666666666, "n_jobs": 20000}