{"country": "SE", "mw": 10, "seed": 4, "hyper": "short_job_s", "value": 60.0, "energy_kwh": 7101.4791666702195, "ci_weighted_mean": 11.869495838359354, "cfe_canonical_pct": 98.51631302020508, "cfe_pct": 31.309010935555207, "cfe_abs_pct": 100.0, "p95_slowdown": 1680.6166666666666, "n_jobs": 20000}