{"country": "SE", "mw": 10, "seed": 3, "hyper": "t4_envelope_scale", "value": 2.0, "energy_kwh": 7101.4791666702195, "ci_weighted_mean": 11.869493831467997, "cfe_canonical_pct": 98.51631327106651, "cfe_pct": 31.299685173741306, "cfe_abs_pct": 100.0, "p95_slowdown": 1680.6166666666666, "n_jobs": 20000}