{"country": "SE", "mw": 10, "seed": 0, "hyper": "window_scale", "value": 1.0, "energy_kwh": 7101.479166670219, "ci_weighted_mean": 11.869486348275954, "cfe_canonical_pct": 98.51631420646551, "cfe_pct": 31.30086482732693, "cfe_abs_pct": 100.0, "p95_slowdown": 1680.6166666666666, "n_jobs": 20000}