{"country": "SE", "mw": 10, "seed": 4, "hyper": "window_scale", "value": 0.5, "energy_kwh": 5467.404166668925, "ci_weighted_mean": 12.069404580211987, "cfe_canonical_pct": 98.4913244274735, "cfe_pct": 30.843206231774314, "cfe_abs_pct": 100.0, "p95_slowdown": 1260.6166666666666, "n_jobs": 20000}