{"country": "CH", "mw": 50, "layer": "fsla_M3", "seed": 3, "nodes": 33333, "n_completed": NaN, "n_truncated": NaN, "energy_kwh": 34941.14166664609, "ci_weighted_mean": 32.42893075959556, "cfe_canonical_pct": 95.94638365505055, "co2_g_it": 1112048.7307702014, "co2_g_facility": 20345889.045738526, "v1_n_jobs": 20000, "source": "v1_fsla_dispatcher", "_wall_s": 3.0994415283203125e-06}