{"country": "CH", "mw": 50, "layer": "saf", "seed": 3, "nodes": 33333, "n_completed": 20000, "n_truncated": 0, "energy_kwh": 11867.913333319138, "ci_weighted_mean": 33.30168612554247, "cfe_canonical_pct": 95.83728923430719, "co2_g_it": 395221.5247913344, "co2_g_facility": 474265.8297504725, "source": "v2_scheduler", "_wall_s": 2.86102294921875e-06}