{"country": "CH", "mw": 10, "layer": "fsla_M3", "seed": 4, "nodes": 6667, "n_completed": NaN, "n_truncated": NaN, "energy_kwh": 7101.479166670188, "ci_weighted_mean": 32.297904504660906, "cfe_canonical_pct": 95.96276193691739, "co2_g_it": 225336.85794382388, "co2_g_facility": 437735.5676114593, "v1_n_jobs": 20000, "source": "v1_fsla_dispatcher", "_wall_s": 2.86102294921875e-06}