{"country": "CH", "mw": 10, "layer": "fsla_none", "seed": 6, "nodes": 6667, "n_completed": NaN, "n_truncated": NaN, "energy_kwh": 3622.6933333341744, "ci_weighted_mean": 31.137225387223054, "cfe_canonical_pct": 96.10784682659713, "co2_g_it": 111083.37481069667, "co2_g_facility": 189650.3234135923, "v1_n_jobs": 20000, "source": "v1_fsla_dispatcher", "_wall_s": 2.86102294921875e-06}