{"country": "CH", "mw": 50, "layer": "fcfs", "seed": 2, "nodes": 33333, "n_completed": 20000, "n_truncated": 0, "energy_kwh": 11867.913333319138, "ci_weighted_mean": 33.301686125542474, "cfe_canonical_pct": 95.83728923430719, "co2_g_it": 395221.52479133446, "co2_g_facility": 474265.8297504728, "source": "v2_scheduler", "_wall_s": 1.430511474609375e-06}