{"country": "CH", "mw": 50, "layer": "fsla_M1", "seed": 1, "nodes": 33333, "n_completed": NaN, "n_truncated": NaN, "energy_kwh": 34941.14166664616, "ci_weighted_mean": 32.3467595041551, "cfe_canonical_pct": 95.95665506198061, "co2_g_it": 1110085.0045241057, "co2_g_facility": 20597690.568253256, "v1_n_jobs": 20000, "source": "v1_fsla_dispatcher", "_wall_s": 2.6226043701171875e-06}