{"country": "CH", "mw": 50, "layer": "fsla_M0", "seed": 2, "nodes": 33333, "n_completed": NaN, "n_truncated": NaN, "energy_kwh": 34941.14166664609, "ci_weighted_mean": 32.37003536651614, "cfe_canonical_pct": 95.95374557918548, "co2_g_it": 1110667.3762577374, "co2_g_facility": 20547009.295522615, "v1_n_jobs": 20000, "source": "v1_fsla_dispatcher", "_wall_s": 2.6226043701171875e-06}