{"country": "CH", "mw": 50, "layer": "fsla_M3", "seed": 5, "nodes": 33333, "n_completed": NaN, "n_truncated": NaN, "energy_kwh": 34941.14166664617, "ci_weighted_mean": 32.405738117081235, "cfe_canonical_pct": 95.94928273536485, "co2_g_it": 1111728.0398400666, "co2_g_facility": 20390551.015324034, "v1_n_jobs": 20000, "source": "v1_fsla_dispatcher", "_wall_s": 2.384185791015625e-06}