{"country": "CH", "mw": 50, "layer": "fsla_M0", "seed": 6, "nodes": 33333, "n_completed": NaN, "n_truncated": NaN, "energy_kwh": 34941.14166664617, "ci_weighted_mean": 32.34680327333964, "cfe_canonical_pct": 95.95664959083254, "co2_g_it": 1110089.161917397, "co2_g_facility": 20598239.576838493, "v1_n_jobs": 20000, "source": "v1_fsla_dispatcher", "_wall_s": 2.6226043701171875e-06}