{"country": "CH", "mw": 1, "layer": "fsla_M1", "seed": 2, "nodes": 667, "n_completed": NaN, "n_truncated": NaN, "energy_kwh": 866.8524999995768, "ci_weighted_mean": 32.03422379845538, "cfe_canonical_pct": 95.99572202519307, "co2_g_it": 27416.11941752743, "co2_g_facility": 32308.12793832396, "v1_n_jobs": 20000, "source": "v1_fsla_dispatcher", "_wall_s": 2.1457672119140625e-06}