{"country": "CH", "mw": 10, "layer": "fsla_M0", "seed": 2, "nodes": 6667, "n_completed": NaN, "n_truncated": NaN, "energy_kwh": 7101.479166670196, "ci_weighted_mean": 32.32141155675618, "cfe_canonical_pct": 95.95982355540548, "co2_g_it": 225407.5763332919, "co2_g_facility": 437380.9618701348, "v1_n_jobs": 20000, "source": "v1_fsla_dispatcher", "_wall_s": 2.384185791015625e-06}