{"country": "CH", "mw": 50, "layer": "fsla_M0", "seed": 7, "nodes": 33333, "n_completed": NaN, "n_truncated": NaN, "energy_kwh": 34941.14166664617, "ci_weighted_mean": 32.40573811708123, "cfe_canonical_pct": 95.94928273536485, "co2_g_it": 1111728.0398400666, "co2_g_facility": 20390551.015324034, "v1_n_jobs": 20000, "source": "v1_fsla_dispatcher", "_wall_s": 1.9073486328125e-06}