{"country": "DE", "mw": 50, "layer": "fcfs", "seed": 5, "nodes": 33333, "n_completed": 20000, "n_truncated": 0, "energy_kwh": 11867.913333319138, "ci_weighted_mean": 345.76810000355283, "cfe_canonical_pct": 56.778987499555896, "co2_g_it": 4103545.8442685897, "co2_g_facility": 4924255.013132839, "source": "v2_scheduler", "_wall_s": 2.384185791015625e-06}