{"country": "DE", "mw": 10, "layer": "fsla_none", "seed": 2, "nodes": 6667, "n_completed": NaN, "n_truncated": NaN, "energy_kwh": 3622.6933333341744, "ci_weighted_mean": 283.69016355076303, "cfe_canonical_pct": 64.53872955615464, "co2_g_it": 978470.9517634881, "co2_g_facility": 1624287.8393242706, "v1_n_jobs": 20000, "source": "v1_fsla_dispatcher", "_wall_s": 1.9073486328125e-06}