{"country": "DE", "mw": 50, "layer": "fsla_M0", "seed": 6, "nodes": 33333, "n_completed": NaN, "n_truncated": NaN, "energy_kwh": 34941.14166664609, "ci_weighted_mean": 320.7116617391826, "cfe_canonical_pct": 59.91104228260218, "co2_g_it": 10604003.697923316, "co2_g_facility": 192822957.49909142, "v1_n_jobs": 20000, "source": "v1_fsla_dispatcher", "_wall_s": 2.1457672119140625e-06}