{"country": "DE", "mw": 50, "layer": "fsla_M2", "seed": 4, "nodes": 33333, "n_completed": NaN, "n_truncated": NaN, "energy_kwh": 34941.1416666461, "ci_weighted_mean": 320.71943430252963, "cfe_canonical_pct": 59.910070712183796, "co2_g_it": 10627501.279873624, "co2_g_facility": 192409696.4937773, "v1_n_jobs": 20000, "source": "v1_fsla_dispatcher", "_wall_s": 2.86102294921875e-06}