{"country": "DE", "mw": 10, "layer": "fsla_M2", "seed": 2, "nodes": 6667, "n_completed": NaN, "n_truncated": NaN, "energy_kwh": 7101.4791666702195, "ci_weighted_mean": 319.2853504412528, "cfe_canonical_pct": 60.08933119484341, "co2_g_it": 2149575.988713605, "co2_g_facility": 4131482.6787543716, "v1_n_jobs": 20000, "source": "v1_fsla_dispatcher", "_wall_s": 2.384185791015625e-06}