{"country": "DE", "mw": 50, "layer": "fsla_none", "seed": 1, "nodes": 33333, "n_completed": NaN, "n_truncated": NaN, "energy_kwh": 18029.12833333312, "ci_weighted_mean": 283.82667035060643, "cfe_canonical_pct": 64.52166620617419, "co2_g_it": 4868026.254467549, "co2_g_facility": 60937892.958738916, "v1_n_jobs": 20000, "source": "v1_fsla_dispatcher", "_wall_s": 2.384185791015625e-06}