{"country": "DE", "mw": 50, "layer": "saf", "seed": 1, "nodes": 33333, "n_completed": 20000, "n_truncated": 0, "energy_kwh": 11867.913333319138, "ci_weighted_mean": 345.7681000035527, "cfe_canonical_pct": 56.77898749955591, "co2_g_it": 4103545.844268589, "co2_g_facility": 4924255.013132839, "source": "v2_scheduler", "_wall_s": 1.9073486328125e-06}