{"country": "DE", "mw": 50, "layer": "fsla_M1", "seed": 5, "nodes": 33333, "n_completed": NaN, "n_truncated": NaN, "energy_kwh": 34941.14166664609, "ci_weighted_mean": 320.7104020522416, "cfe_canonical_pct": 59.9111997434698, "co2_g_it": 10601601.664144313, "co2_g_facility": 193169939.24122208, "v1_n_jobs": 20000, "source": "v1_fsla_dispatcher", "_wall_s": 2.6226043701171875e-06}