{"country": "DE", "mw": 1, "layer": "fsla_M1", "seed": 2, "nodes": 667, "n_completed": NaN, "n_truncated": NaN, "energy_kwh": 866.8524999995708, "ci_weighted_mean": 310.66655336300397, "cfe_canonical_pct": 61.16668082962451, "co2_g_it": 259244.61351511476, "co2_g_facility": 305994.55849239347, "v1_n_jobs": 20000, "source": "v1_fsla_dispatcher", "_wall_s": 2.6226043701171875e-06}