{"country": "DE", "mw": 10, "layer": "replay", "seed": 1, "nodes": 6667, "n_completed": 20000, "n_truncated": 0, "energy_kwh": 2392.492500002609, "ci_weighted_mean": 345.7563530174469, "cfe_canonical_pct": 56.78045587281915, "co2_g_it": 827219.4814224961, "co2_g_facility": 992663.3777061307, "source": "v2_scheduler", "_wall_s": 2.6226043701171875e-06}