{"country": "DE", "mw": 10, "layer": "fsla_M0", "seed": 1, "nodes": 6667, "n_completed": NaN, "n_truncated": NaN, "energy_kwh": 7101.4791666702195, "ci_weighted_mean": 319.2830351547004, "cfe_canonical_pct": 60.089620605662454, "co2_g_it": 2145406.4897355223, "co2_g_facility": 4133744.1102572833, "v1_n_jobs": 20000, "source": "v1_fsla_dispatcher", "_wall_s": 2.6226043701171875e-06}