{"country": "DE", "mw": 50, "layer": "fsla_M0", "seed": 2, "nodes": 33333, "n_completed": NaN, "n_truncated": NaN, "energy_kwh": 34941.141666646094, "ci_weighted_mean": 320.7179534499785, "cfe_canonical_pct": 59.91025581875269, "co2_g_it": 10623736.92180243, "co2_g_facility": 192379661.20632252, "v1_n_jobs": 20000, "source": "v1_fsla_dispatcher", "_wall_s": 2.1457672119140625e-06}