{"country": "FR", "mw": 10, "layer": "saf", "seed": 2, "nodes": 6667, "n_completed": 20000, "n_truncated": 0, "energy_kwh": 2392.4925000026096, "ci_weighted_mean": 59.260952982758525, "cfe_canonical_pct": 92.59238087715518, "co2_g_it": 141781.38555425705, "co2_g_facility": 170137.66266489212, "source": "v2_scheduler", "_wall_s": 2.86102294921875e-06}