{"country": "FR", "mw": 1, "layer": "saf", "seed": 1, "nodes": 667, "n_completed": 20000, "n_truncated": 0, "energy_kwh": 259.4720833334195, "ci_weighted_mean": 59.24694925942965, "cfe_canonical_pct": 92.5941313425713, "co2_g_it": 15372.929355493607, "co2_g_facility": 18447.51522657839, "source": "v2_scheduler", "_wall_s": 2.1457672119140625e-06}