{"country": "FR", "mw": 10, "layer": "fsla_M1", "seed": 6, "nodes": 6667, "n_completed": NaN, "n_truncated": NaN, "energy_kwh": 7101.479166670219, "ci_weighted_mean": 57.22404019383664, "cfe_canonical_pct": 92.84699497577043, "co2_g_it": 396973.3032369774, "co2_g_facility": 766303.1199992578, "v1_n_jobs": 20000, "source": "v1_fsla_dispatcher", "_wall_s": 2.6226043701171875e-06}