{"country": "FR", "mw": 10, "layer": "fsla_none", "seed": 5, "nodes": 6667, "n_completed": NaN, "n_truncated": NaN, "energy_kwh": 3622.6933333341744, "ci_weighted_mean": 54.48200667513127, "cfe_canonical_pct": 93.18974916560859, "co2_g_it": 193579.35516196268, "co2_g_facility": 329410.50908869907, "v1_n_jobs": 20000, "source": "v1_fsla_dispatcher", "_wall_s": 2.1457672119140625e-06}