{"country": "FR", "mw": 50, "layer": "easy_fcfs", "seed": 2, "nodes": 33333, "n_completed": 20000, "n_truncated": 0, "energy_kwh": 11867.913333319138, "ci_weighted_mean": 59.26185747230766, "cfe_canonical_pct": 92.59226781596155, "co2_g_it": 703314.5884528585, "co2_g_facility": 843977.5061429703, "source": "v2_scheduler", "_wall_s": 1.9073486328125e-06}