{"country": "FR", "mw": 50, "layer": "fsla_M1", "seed": 1, "nodes": 33333, "n_completed": NaN, "n_truncated": NaN, "energy_kwh": 34941.14166664609, "ci_weighted_mean": 57.33389992779066, "cfe_canonical_pct": 92.83326250902617, "co2_g_it": 1956801.6935602042, "co2_g_facility": 35765805.39730239, "v1_n_jobs": 20000, "source": "v1_fsla_dispatcher", "_wall_s": 3.0994415283203125e-06}