{"country": "FR", "mw": 50, "layer": "fsla_none", "seed": 7, "nodes": 33333, "n_completed": NaN, "n_truncated": NaN, "energy_kwh": 18029.12833333312, "ci_weighted_mean": 54.492517368197966, "cfe_canonical_pct": 93.18843532897525, "co2_g_it": 963270.8588894336, "co2_g_facility": 12923490.506690307, "v1_n_jobs": 20000, "source": "v1_fsla_dispatcher", "_wall_s": 2.1457672119140625e-06}