{"country": "FR", "mw": 1, "layer": "fsla_M0", "seed": 4, "nodes": 667, "n_completed": NaN, "n_truncated": NaN, "energy_kwh": 866.8524999995707, "ci_weighted_mean": 56.56209550094779, "cfe_canonical_pct": 92.92973806238153, "co2_g_it": 48236.1134466762, "co2_g_facility": 56889.219012734764, "v1_n_jobs": 20000, "source": "v1_fsla_dispatcher", "_wall_s": 2.6226043701171875e-06}