{"country": "FR", "mw": 10, "layer": "fsla_M1", "seed": 1, "nodes": 6667, "n_completed": NaN, "n_truncated": NaN, "energy_kwh": 7101.4791666702195, "ci_weighted_mean": 57.22394217725155, "cfe_canonical_pct": 92.84700722784356, "co2_g_it": 396971.23559207737, "co2_g_facility": 766313.5138213435, "v1_n_jobs": 20000, "source": "v1_fsla_dispatcher", "_wall_s": 2.86102294921875e-06}