{"country": "FR", "mw": 10, "layer": "fsla_M3", "seed": 2, "nodes": 6667, "n_completed": NaN, "n_truncated": NaN, "energy_kwh": 7101.479166670219, "ci_weighted_mean": 57.22418170592686, "cfe_canonical_pct": 92.84697728675914, "co2_g_it": 397089.11598264676, "co2_g_facility": 766166.2384840611, "v1_n_jobs": 20000, "source": "v1_fsla_dispatcher", "_wall_s": 2.6226043701171875e-06}