{"country": "FR", "mw": 1, "layer": "fsla_M2", "seed": 0, "nodes": 667, "n_completed": NaN, "n_truncated": NaN, "energy_kwh": 765.1274999996423, "ci_weighted_mean": 56.15985640724724, "cfe_canonical_pct": 92.98001794909409, "co2_g_it": 42502.72132174999, "co2_g_facility": 50335.9174703086, "v1_n_jobs": 20000, "source": "v1_fsla_dispatcher", "_wall_s": 2.6226043701171875e-06}