{"country": "FR", "mw": 1, "layer": "fsla_none", "seed": 5, "nodes": 667, "n_completed": NaN, "n_truncated": NaN, "energy_kwh": 379.7366666665925, "ci_weighted_mean": 54.318216901420655, "cfe_canonical_pct": 93.21022288732242, "co2_g_it": 20308.566910527385, "co2_g_facility": 24786.22521554464, "v1_n_jobs": 20000, "source": "v1_fsla_dispatcher", "_wall_s": 2.86102294921875e-06}