{"country": "IT", "mw": 50, "layer": "fsla_M1", "seed": 4, "nodes": 33333, "n_completed": NaN, "n_truncated": NaN, "energy_kwh": 34941.141666646094, "ci_weighted_mean": 279.79625190317904, "cfe_canonical_pct": 65.02546851210262, "co2_g_it": 9411011.91955365, "co2_g_facility": 170994330.16984224, "v1_n_jobs": 20000, "source": "v1_fsla_dispatcher", "_wall_s": 2.384185791015625e-06}