{"country": "IT", "mw": 10, "layer": "replay", "seed": 0, "nodes": 6667, "n_completed": 20000, "n_truncated": 0, "energy_kwh": 2392.492500002609, "ci_weighted_mean": 295.43407427748275, "cfe_canonical_pct": 63.070740715314656, "co2_g_it": 706823.8069540913, "co2_g_facility": 848188.568345775, "source": "v2_scheduler", "_wall_s": 2.384185791015625e-06}