{"country": "IT", "mw": 50, "layer": "fsla_M3", "seed": 2, "nodes": 33333, "n_completed": NaN, "n_truncated": NaN, "energy_kwh": 34941.141666646094, "ci_weighted_mean": 279.7953279560038, "cfe_canonical_pct": 65.02558400549952, "co2_g_it": 9409152.544468176, "co2_g_facility": 171003978.0046046, "v1_n_jobs": 20000, "source": "v1_fsla_dispatcher", "_wall_s": 2.384185791015625e-06}