{"country": "IT", "mw": 10, "layer": "fsla_none", "seed": 3, "nodes": 6667, "n_completed": NaN, "n_truncated": NaN, "energy_kwh": 3622.6933333341744, "ci_weighted_mean": 256.6614910279355, "cfe_canonical_pct": 67.91731362150806, "co2_g_it": 899038.5838115577, "co2_g_facility": 1512054.5494615277, "v1_n_jobs": 20000, "source": "v1_fsla_dispatcher", "_wall_s": 2.384185791015625e-06}