{"country": "IT", "mw": 1, "layer": "replay", "seed": 7, "nodes": 667, "n_completed": 20000, "n_truncated": 0, "energy_kwh": 259.4720833335136, "ci_weighted_mean": 295.3204591647907, "cfe_canonical_pct": 63.084942604401164, "co2_g_it": 76627.41479049806, "co2_g_facility": 91952.89774853969, "source": "v2_scheduler", "_wall_s": 2.384185791015625e-06}