{"country": "IT", "mw": 10, "layer": "fsla_M2", "seed": 1, "nodes": 6667, "n_completed": NaN, "n_truncated": NaN, "energy_kwh": 7101.4791666702195, "ci_weighted_mean": 278.89999073404283, "cfe_canonical_pct": 65.13750115824465, "co2_g_it": 1904377.8056489308, "co2_g_facility": 3672517.6663593543, "v1_n_jobs": 20000, "source": "v1_fsla_dispatcher", "_wall_s": 5.9604644775390625e-06}