{"country": "IT", "mw": 10, "layer": "fsla_M0", "seed": 4, "nodes": 6667, "n_completed": NaN, "n_truncated": NaN, "energy_kwh": 7101.4791666702195, "ci_weighted_mean": 278.90169047206143, "cfe_canonical_pct": 65.13728869099232, "co2_g_it": 1906716.6250976361, "co2_g_facility": 3671783.6023359885, "v1_n_jobs": 20000, "source": "v1_fsla_dispatcher", "_wall_s": 2.1457672119140625e-06}