{"country": "IT", "mw": 50, "layer": "saf", "seed": 4, "nodes": 33333, "n_completed": 20000, "n_truncated": 0, "energy_kwh": 11867.913333319138, "ci_weighted_mean": 295.441412589509, "cfe_canonical_pct": 63.06982342631138, "co2_g_it": 3506273.0796856745, "co2_g_facility": 4207527.695622721, "source": "v2_scheduler", "_wall_s": 3.0994415283203125e-06}