{"country": "IT", "mw": 1, "layer": "fsla_M1", "seed": 4, "nodes": 667, "n_completed": NaN, "n_truncated": NaN, "energy_kwh": 866.8524999995706, "ci_weighted_mean": 273.5175804482165, "cfe_canonical_pct": 65.81030244397293, "co2_g_it": 230791.26107692678, "co2_g_facility": 273745.2311315631, "v1_n_jobs": 20000, "source": "v1_fsla_dispatcher", "_wall_s": 2.384185791015625e-06}