{"country": "IT", "mw": 50, "layer": "fsla_M2", "seed": 3, "nodes": 33333, "n_completed": NaN, "n_truncated": NaN, "energy_kwh": 34941.141666646094, "ci_weighted_mean": 279.79156856797914, "cfe_canonical_pct": 65.0260539290026, "co2_g_it": 9400613.195276566, "co2_g_facility": 171532570.77584165, "v1_n_jobs": 20000, "source": "v1_fsla_dispatcher", "_wall_s": 2.384185791015625e-06}