{"country": "IT", "mw": 10, "layer": "fsla_M3", "seed": 7, "nodes": 6667, "n_completed": NaN, "n_truncated": NaN, "energy_kwh": 7101.4791666702195, "ci_weighted_mean": 278.89868103682306, "cfe_canonical_pct": 65.13766487039712, "co2_g_it": 1904263.6953287341, "co2_g_facility": 3673514.9265598175, "v1_n_jobs": 20000, "source": "v1_fsla_dispatcher", "_wall_s": 2.6226043701171875e-06}