{"country": "PL", "mw": 1, "layer": "fsla_M2", "seed": 6, "nodes": 667, "n_completed": NaN, "n_truncated": NaN, "energy_kwh": 866.852499999572, "ci_weighted_mean": 647.5600614691289, "cfe_canonical_pct": 19.054992316358888, "co2_g_it": 543964.0290609458, "co2_g_facility": 641048.7789648285, "v1_n_jobs": 20000, "source": "v1_fsla_dispatcher", "_wall_s": 1.9073486328125e-06}