{"country": "PL", "mw": 10, "layer": "replay", "seed": 6, "nodes": 6667, "n_completed": 20000, "n_truncated": 0, "energy_kwh": 2392.492500002609, "ci_weighted_mean": 705.7473521735245, "cfe_canonical_pct": 11.781580978309435, "co2_g_it": 1688495.2469718575, "co2_g_facility": 2026194.2963627048, "source": "v2_scheduler", "_wall_s": 1.9073486328125e-06}