{"country": "PL", "mw": 1, "layer": "fsla_M1", "seed": 0, "nodes": 667, "n_completed": NaN, "n_truncated": NaN, "energy_kwh": 765.1274999996424, "ci_weighted_mean": 638.855229013321, "cfe_canonical_pct": 20.143096373334867, "co2_g_it": 478862.39546194085, "co2_g_facility": 567146.1457478799, "v1_n_jobs": 20000, "source": "v1_fsla_dispatcher", "_wall_s": 2.384185791015625e-06}