{"country": "PL", "mw": 1, "layer": "fsla_M3", "seed": 1, "nodes": 667, "n_completed": NaN, "n_truncated": NaN, "energy_kwh": 866.8524999995719, "ci_weighted_mean": 647.5572981715799, "cfe_canonical_pct": 19.055337728552512, "co2_g_it": 543935.9609367338, "co2_g_facility": 640785.589095734, "v1_n_jobs": 20000, "source": "v1_fsla_dispatcher", "_wall_s": 2.384185791015625e-06}