{"country": "PL", "mw": 50, "layer": "fsla_M2", "seed": 2, "nodes": 33333, "n_completed": NaN, "n_truncated": NaN, "energy_kwh": 34941.141666646094, "ci_weighted_mean": 664.1957545650001, "cfe_canonical_pct": 16.975530679374984, "co2_g_it": 22232240.061676335, "co2_g_facility": 403846054.72356814, "v1_n_jobs": 20000, "source": "v1_fsla_dispatcher", "_wall_s": 2.384185791015625e-06}