{"country": "PL", "mw": 10, "layer": "fsla_none", "seed": 6, "nodes": 6667, "n_completed": NaN, "n_truncated": NaN, "energy_kwh": 3622.6933333341744, "ci_weighted_mean": 602.7385170451093, "cfe_canonical_pct": 24.657685369361324, "co2_g_it": 2101795.992180331, "co2_g_facility": 3521626.5360029526, "v1_n_jobs": 20000, "source": "v1_fsla_dispatcher", "_wall_s": 2.6226043701171875e-06}