{"country": "PL", "mw": 50, "layer": "fcfs", "seed": 1, "nodes": 33333, "n_completed": 20000, "n_truncated": 0, "energy_kwh": 11867.913333319138, "ci_weighted_mean": 705.7668481891171, "cfe_canonical_pct": 11.779143976360363, "co2_g_it": 8375979.787838248, "co2_g_facility": 10051175.745391872, "source": "v2_scheduler", "_wall_s": 2.384185791015625e-06}