{"country": "PL", "mw": 50, "layer": "saf", "seed": 6, "nodes": 33333, "n_completed": 20000, "n_truncated": 0, "energy_kwh": 11867.913333319138, "ci_weighted_mean": 705.7668481891174, "cfe_canonical_pct": 11.779143976360329, "co2_g_it": 8375979.78783825, "co2_g_facility": 10051175.745391877, "source": "v2_scheduler", "_wall_s": 2.1457672119140625e-06}