{"country": "PL", "mw": 1, "layer": "saf", "seed": 1, "nodes": 667, "n_completed": 20000, "n_truncated": 0, "energy_kwh": 259.4720833334195, "ci_weighted_mean": 705.4455058829752, "cfe_canonical_pct": 11.819311764628093, "co2_g_it": 183043.41508965363, "co2_g_facility": 219652.0981074665, "source": "v2_scheduler", "_wall_s": 2.384185791015625e-06}