{"country": "PL", "mw": 50, "layer": "fsla_M3", "seed": 3, "nodes": 33333, "n_completed": NaN, "n_truncated": NaN, "energy_kwh": 34941.141666646094, "ci_weighted_mean": 664.1857628663922, "cfe_canonical_pct": 16.97677964170097, "co2_g_it": 22209471.601530295, "co2_g_facility": 405040141.0833074, "v1_n_jobs": 20000, "source": "v1_fsla_dispatcher", "_wall_s": 2.384185791015625e-06}