{"country": "PL", "mw": 50, "layer": "fsla_none", "seed": 0, "nodes": 33333, "n_completed": NaN, "n_truncated": NaN, "energy_kwh": 18029.12833333312, "ci_weighted_mean": 602.9650720588152, "cfe_canonical_pct": 24.6293659926481, "co2_g_it": 10457477.904430645, "co2_g_facility": 134403608.1888995, "v1_n_jobs": 20000, "source": "v1_fsla_dispatcher", "_wall_s": 2.6226043701171875e-06}