{"country": "SE", "mw": 10, "layer": "fsla_none", "seed": 6, "nodes": 6667, "n_completed": NaN, "n_truncated": NaN, "energy_kwh": 3622.6933333341744, "ci_weighted_mean": 11.489913542587942, "cfe_canonical_pct": 98.56376080717651, "co2_g_it": 41099.719741356224, "co2_g_facility": 70318.60728554719, "v1_n_jobs": 20000, "source": "v1_fsla_dispatcher", "_wall_s": 2.6226043701171875e-06}