{"country": "SE", "mw": 10, "layer": "fsla_M0", "seed": 2, "nodes": 6667, "n_completed": NaN, "n_truncated": NaN, "energy_kwh": 7101.4791666702195, "ci_weighted_mean": 11.869493831467997, "cfe_canonical_pct": 98.51631327106651, "co2_g_it": 82988.82928280941, "co2_g_facility": 160365.0753618903, "v1_n_jobs": 20000, "source": "v1_fsla_dispatcher", "_wall_s": 2.6226043701171875e-06}