{"country": "SE", "mw": 10, "layer": "fsla_M3", "seed": 7, "nodes": 6667, "n_completed": NaN, "n_truncated": NaN, "energy_kwh": 7101.4791666702195, "ci_weighted_mean": 11.869486348275954, "cfe_canonical_pct": 98.51631420646551, "co2_g_it": 82989.51562146992, "co2_g_facility": 160298.54304181004, "v1_n_jobs": 20000, "source": "v1_fsla_dispatcher", "_wall_s": 2.384185791015625e-06}