{"country": "SE", "mw": 10, "layer": "replay", "seed": 4, "nodes": 6667, "n_completed": 20000, "n_truncated": 0, "energy_kwh": 2392.492500002609, "ci_weighted_mean": 12.151151396455498, "cfe_canonical_pct": 98.48110607544307, "co2_g_it": 29071.53858241601, "co2_g_facility": 34885.846298898534, "source": "v2_scheduler", "_wall_s": 2.86102294921875e-06}