{"country": "SE", "mw": 50, "layer": "fsla_M2", "seed": 4, "nodes": 33333, "n_completed": NaN, "n_truncated": NaN, "energy_kwh": 34941.14166664609, "ci_weighted_mean": 11.884687514183833, "cfe_canonical_pct": 98.51441406072702, "co2_g_it": 408808.3486147548, "co2_g_facility": 7488020.816468492, "v1_n_jobs": 20000, "source": "v1_fsla_dispatcher", "_wall_s": 2.1457672119140625e-06}