{"country": "SE", "mw": 1, "layer": "fsla_M0", "seed": 0, "nodes": 667, "n_completed": NaN, "n_truncated": NaN, "energy_kwh": 765.1024999996423, "ci_weighted_mean": 11.722399663148218, "cfe_canonical_pct": 98.53470004210646, "co2_g_it": 8903.70666234385, "co2_g_facility": 10551.986968831789, "v1_n_jobs": 20000, "source": "v1_fsla_dispatcher", "_wall_s": 2.6226043701171875e-06}