{"country": "SE", "mw": 1, "layer": "fsla_M2", "seed": 6, "nodes": 667, "n_completed": NaN, "n_truncated": NaN, "energy_kwh": 866.8524999995719, "ci_weighted_mean": 11.778319304111182, "cfe_canonical_pct": 98.5277100869861, "co2_g_it": 10098.111190144327, "co2_g_facility": 11894.714907545478, "v1_n_jobs": 20000, "source": "v1_fsla_dispatcher", "_wall_s": 1.9073486328125e-06}