{"country": "SE", "mw": 1, "layer": "fcfs", "seed": 2, "nodes": 667, "n_completed": 20000, "n_truncated": 0, "energy_kwh": 259.4720833335136, "ci_weighted_mean": 12.149213774371896, "cfe_canonical_pct": 98.48134827820351, "co2_g_it": 3152.381808900496, "co2_g_facility": 3782.8581706805526, "source": "v2_scheduler", "_wall_s": 2.384185791015625e-06}