{"country": "SE", "mw": 50, "layer": "fsla_M3", "seed": 3, "nodes": 33333, "n_completed": NaN, "n_truncated": NaN, "energy_kwh": 34941.14166664609, "ci_weighted_mean": 11.884687514183833, "cfe_canonical_pct": 98.51441406072702, "co2_g_it": 408828.45401327667, "co2_g_facility": 7482724.722715596, "v1_n_jobs": 20000, "source": "v1_fsla_dispatcher", "_wall_s": 2.384185791015625e-06}