{"country": "SE", "mw": 50, "layer": "fsla_none", "seed": 6, "nodes": 33333, "n_completed": NaN, "n_truncated": NaN, "energy_kwh": 18029.12833333312, "ci_weighted_mean": 11.491367852323792, "cfe_canonical_pct": 98.56357901845952, "co2_g_it": 204525.269893287, "co2_g_facility": 2784727.2445809143, "v1_n_jobs": 20000, "source": "v1_fsla_dispatcher", "_wall_s": 2.1457672119140625e-06}