{"country": "SE", "mw": 50, "layer": "fsla_M3", "seed": 6, "nodes": 33333, "n_completed": NaN, "n_truncated": NaN, "energy_kwh": 34941.14166664609, "ci_weighted_mean": 11.884687590855416, "cfe_canonical_pct": 98.51441405114308, "co2_g_it": 408820.95215320075, "co2_g_facility": 7484260.30008019, "v1_n_jobs": 20000, "source": "v1_fsla_dispatcher", "_wall_s": 2.384185791015625e-06}