{"country": "SE", "mw": 10, "layer": "fsla_M1", "seed": 3, "nodes": 6667, "n_completed": NaN, "n_truncated": NaN, "energy_kwh": 7101.4791666702195, "ci_weighted_mean": 11.869486270608007, "cfe_canonical_pct": 98.516314216174, "co2_g_it": 82989.6811188, "co2_g_facility": 160302.2171882202, "v1_n_jobs": 20000, "source": "v1_fsla_dispatcher", "_wall_s": 2.384185791015625e-06}