{"country": "SE", "mw": 10, "layer": "fsla_M2", "seed": 1, "nodes": 6667, "n_completed": NaN, "n_truncated": NaN, "energy_kwh": 7101.4791666702195, "ci_weighted_mean": 11.869486348275954, "cfe_canonical_pct": 98.51631420646551, "co2_g_it": 82988.09789357797, "co2_g_facility": 160317.08710943995, "v1_n_jobs": 20000, "source": "v1_fsla_dispatcher", "_wall_s": 2.384185791015625e-06}