{"country": "SE", "mw": 10, "layer": "fsla_M2", "seed": 4, "nodes": 6667, "n_completed": NaN, "n_truncated": NaN, "energy_kwh": 7101.4791666702195, "ci_weighted_mean": 11.869486270608007, "cfe_canonical_pct": 98.516314216174, "co2_g_it": 82985.67826013241, "co2_g_facility": 160350.06722847105, "v1_n_jobs": 20000, "source": "v1_fsla_dispatcher", "_wall_s": 1.9073486328125e-06}