{"country": "SE", "mw": 50, "layer": "fsla_M1", "seed": 5, "nodes": 33333, "n_completed": NaN, "n_truncated": NaN, "energy_kwh": 34941.14166664609, "ci_weighted_mean": 11.884687590855416, "cfe_canonical_pct": 98.51441405114308, "co2_g_it": 408827.65016910207, "co2_g_facility": 7482047.655451005, "v1_n_jobs": 20000, "source": "v1_fsla_dispatcher", "_wall_s": 3.0994415283203125e-06}