{"country": "SE", "mw": 50, "layer": "fsla_M1", "seed": 1, "nodes": 33333, "n_completed": NaN, "n_truncated": NaN, "energy_kwh": 34941.14166664609, "ci_weighted_mean": 11.884687590855416, "cfe_canonical_pct": 98.51441405114308, "co2_g_it": 408820.419756853, "co2_g_facility": 7484247.708318581, "v1_n_jobs": 20000, "source": "v1_fsla_dispatcher", "_wall_s": 2.384185791015625e-06}