{"country": "SE", "mw": 10, "layer": "fsla_M3", "seed": 6, "nodes": 6667, "n_completed": NaN, "n_truncated": NaN, "energy_kwh": 7101.4791666702195, "ci_weighted_mean": 11.869486348275954, "cfe_canonical_pct": 98.51631420646551, "co2_g_it": 82988.13661819613, "co2_g_facility": 160318.24747871503, "v1_n_jobs": 20000, "source": "v1_fsla_dispatcher", "_wall_s": 2.1457672119140625e-06}