{
  "seed": 20260520,
  "pi": [
    0.23671513147490503,
    0.4050044715199122,
    0.19321102664146297,
    0.1650693703637197
  ],
  "prior_report": {
    "seed": 1842046861,
    "pi": [
      0.23671513147490503,
      0.4050044715199122,
      0.19321102664146297,
      0.1650693703637197
    ],
    "n_jobs": 1994,
    "n_long_reassigned_from_T0": 0,
    "n_short_reassigned_from_high_tier": 610,
    "tier_counts": {
      "T0": 654,
      "T1": 1218,
      "T2": 66,
      "T3": 56
    },
    "tier_fractions": {
      "T0": 0.3279839518555667,
      "T1": 0.6108324974924775,
      "T2": 0.033099297893681046,
      "T3": 0.028084252758274825
    }
  },
  "all_rigid": {
    "co2_g": 2160873.9464361016,
    "facility_co2_g": 2647789.527394656,
    "energy_kwh": 8825.209999999986,
    "p95_slowdown": 148.5702956020187,
    "avg_pue": 1.2165132049284322,
    "it_co2_pct": 0.0,
    "facility_co2_pct": 0.0
  },
  "declared_tier": {
    "co2_g": 2161321.452893335,
    "facility_co2_g": 2661860.22126843,
    "energy_kwh": 8826.377083333327,
    "p95_slowdown": 148.5702956020187,
    "avg_pue": 1.2165132049284322,
    "it_co2_pct": -0.02070951236980978,
    "facility_co2_pct": -0.5314128531816786
  },
  "delta_it_pp": -0.02070951236980978,
  "delta_facility_pp": -0.5314128531816786,
  "p95_match": true
}