{
  "seed": 20260525,
  "pi": [
    0.3383649531864109,
    0.537551808549387,
    0.05194667715060501,
    0.07213656111359695
  ],
  "prior_report": {
    "seed": 1390040462,
    "pi": [
      0.3383649531864109,
      0.537551808549387,
      0.05194667715060501,
      0.07213656111359695
    ],
    "n_jobs": 1994,
    "n_long_reassigned_from_T0": 0,
    "n_short_reassigned_from_high_tier": 210,
    "tier_counts": {
      "T0": 747,
      "T1": 1197,
      "T2": 19,
      "T3": 31
    },
    "tier_fractions": {
      "T0": 0.37462387161484456,
      "T1": 0.6003009027081244,
      "T2": 0.009528585757271816,
      "T3": 0.015546639919759278
    }
  },
  "all_rigid": {
    "co2_g": 2148920.3396032415,
    "facility_co2_g": 2637527.44233785,
    "energy_kwh": 8825.20999999998,
    "p95_slowdown": 147.70089858793315,
    "avg_pue": 1.1417627675778428,
    "it_co2_pct": 0.0,
    "facility_co2_pct": 0.0
  },
  "declared_tier": {
    "co2_g": 2149367.846060475,
    "facility_co2_g": 2650291.0415122705,
    "energy_kwh": 8826.37708333332,
    "p95_slowdown": 147.70089858793315,
    "avg_pue": 1.1417627675778428,
    "it_co2_pct": -0.020824711320655,
    "facility_co2_pct": -0.48392289572187774
  },
  "delta_it_pp": -0.020824711320655,
  "delta_facility_pp": -0.48392289572187774,
  "p95_match": true
}