{
  "seed": 20260514,
  "pi": [
    0.240435899323833,
    0.5502589833397055,
    0.09449520381667262,
    0.11480991351978877
  ],
  "prior_report": {
    "seed": 391681707,
    "pi": [
      0.240435899323833,
      0.5502589833397055,
      0.09449520381667262,
      0.11480991351978877
    ],
    "n_jobs": 1994,
    "n_long_reassigned_from_T0": 0,
    "n_short_reassigned_from_high_tier": 321,
    "tier_counts": {
      "T0": 568,
      "T1": 1343,
      "T2": 38,
      "T3": 45
    },
    "tier_fractions": {
      "T0": 0.2848545636910732,
      "T1": 0.6735205616850551,
      "T2": 0.01905717151454363,
      "T3": 0.022567703109327986
    }
  },
  "all_rigid": {
    "co2_g": 2170187.317519323,
    "facility_co2_g": 2656924.995844995,
    "energy_kwh": 8825.20999999999,
    "p95_slowdown": 151.2748691099476,
    "avg_pue": 1.213118900457568,
    "it_co2_pct": 0.0,
    "facility_co2_pct": 0.0
  },
  "declared_tier": {
    "co2_g": 2170634.8239765563,
    "facility_co2_g": 2670991.021523414,
    "energy_kwh": 8826.377083333331,
    "p95_slowdown": 151.2748691099476,
    "avg_pue": 1.213118900457568,
    "it_co2_pct": -0.02062063738097475,
    "facility_co2_pct": -0.5294099645423156
  },
  "delta_it_pp": -0.02062063738097475,
  "delta_facility_pp": -0.5294099645423156,
  "p95_match": true
}