{
  "seed": 20260537,
  "pi": [
    0.22291093235287798,
    0.09213263015716223,
    0.5113260175481197,
    0.17363041994184011
  ],
  "prior_report": {
    "seed": 1044823823,
    "pi": [
      0.22291093235287798,
      0.09213263015716223,
      0.5113260175481197,
      0.17363041994184011
    ],
    "n_jobs": 1994,
    "n_long_reassigned_from_T0": 0,
    "n_short_reassigned_from_high_tier": 1109,
    "tier_counts": {
      "T0": 1234,
      "T1": 535,
      "T2": 172,
      "T3": 53
    },
    "tier_fractions": {
      "T0": 0.6188565697091274,
      "T1": 0.2683049147442327,
      "T2": 0.08625877632898696,
      "T3": 0.02657973921765296
    }
  },
  "all_rigid": {
    "co2_g": 2169806.881463624,
    "facility_co2_g": 2527850.239206819,
    "energy_kwh": 8826.377083333327,
    "p95_slowdown": 145.6810810810809,
    "avg_pue": 1.159036254528165,
    "it_co2_pct": 0.0,
    "facility_co2_pct": 0.0
  },
  "declared_tier": {
    "co2_g": 2169808.821087653,
    "facility_co2_g": 2529183.5243010498,
    "energy_kwh": 8826.37708333333,
    "p95_slowdown": 145.6810810810809,
    "avg_pue": 1.159036254528165,
    "it_co2_pct": -8.93915511612775e-05,
    "facility_co2_pct": -0.052743832429302806
  },
  "delta_it_pp": -8.93915511612775e-05,
  "delta_facility_pp": -0.052743832429302806,
  "p95_match": true
}