{
  "seed": 20260543,
  "pi": [
    0.24341070061529108,
    0.3064148567873896,
    0.1361068104784476,
    0.3140676321188716
  ],
  "prior_report": {
    "seed": 944668826,
    "pi": [
      0.24341070061529108,
      0.3064148567873896,
      0.1361068104784476,
      0.3140676321188716
    ],
    "n_jobs": 1994,
    "n_long_reassigned_from_T0": 0,
    "n_short_reassigned_from_high_tier": 750,
    "tier_counts": {
      "T0": 823,
      "T1": 1015,
      "T2": 45,
      "T3": 111
    },
    "tier_fractions": {
      "T0": 0.4127382146439318,
      "T1": 0.5090270812437312,
      "T2": 0.022567703109327986,
      "T3": 0.055667001003009024
    }
  },
  "all_rigid": {
    "co2_g": 2162564.71137427,
    "facility_co2_g": 2518973.993072047,
    "energy_kwh": 8826.377083333324,
    "p95_slowdown": 149.01623541349568,
    "avg_pue": 1.1573357798032171,
    "it_co2_pct": 0.0,
    "facility_co2_pct": 0.0
  },
  "declared_tier": {
    "co2_g": 2162566.6509982985,
    "facility_co2_g": 2520307.278166278,
    "energy_kwh": 8826.377083333326,
    "p95_slowdown": 149.01623541349568,
    "avg_pue": 1.1573357798032171,
    "it_co2_pct": -8.969091276345154e-05,
    "facility_co2_pct": -0.05292968875016957
  },
  "delta_it_pp": -8.969091276345154e-05,
  "delta_facility_pp": -0.05292968875016957,
  "p95_match": true
}