{
  "seed": 20260542,
  "pi": [
    0.35014039933194957,
    0.21613602229878864,
    0.13652669993635308,
    0.2971968784329087
  ],
  "prior_report": {
    "seed": 1393377482,
    "pi": [
      0.35014039933194957,
      0.21613602229878864,
      0.13652669993635308,
      0.2971968784329087
    ],
    "n_jobs": 1994,
    "n_long_reassigned_from_T0": 0,
    "n_short_reassigned_from_high_tier": 707,
    "tier_counts": {
      "T0": 1155,
      "T1": 692,
      "T2": 53,
      "T3": 94
    },
    "tier_fractions": {
      "T0": 0.5792377131394183,
      "T1": 0.34704112337011034,
      "T2": 0.02657973921765296,
      "T3": 0.04714142427281846
    }
  },
  "all_rigid": {
    "co2_g": 2163863.686880565,
    "facility_co2_g": 2649971.533498462,
    "energy_kwh": 8825.209999999983,
    "p95_slowdown": 149.79629629629613,
    "avg_pue": 1.1388908562517752,
    "it_co2_pct": 0.0,
    "facility_co2_pct": 0.0
  },
  "declared_tier": {
    "co2_g": 2164311.193337798,
    "facility_co2_g": 2662735.132672882,
    "energy_kwh": 8826.377083333324,
    "p95_slowdown": 149.79629629629613,
    "avg_pue": 1.1388908562517752,
    "it_co2_pct": -0.020680898706637585,
    "facility_co2_pct": -0.4816504257904253
  },
  "delta_it_pp": -0.020680898706637585,
  "delta_facility_pp": -0.4816504257904253,
  "p95_match": true
}