{
  "seed": 20260529,
  "pi": [
    0.23392999011950893,
    0.2562425407770548,
    0.14789091843497643,
    0.3619365506684597
  ],
  "prior_report": {
    "seed": 1712146057,
    "pi": [
      0.23392999011950893,
      0.2562425407770548,
      0.14789091843497643,
      0.3619365506684597
    ],
    "n_jobs": 1994,
    "n_long_reassigned_from_T0": 0,
    "n_short_reassigned_from_high_tier": 830,
    "tier_counts": {
      "T0": 881,
      "T1": 943,
      "T2": 47,
      "T3": 123
    },
    "tier_fractions": {
      "T0": 0.4418254764292879,
      "T1": 0.4729187562688064,
      "T2": 0.02357071213640923,
      "T3": 0.06168505516549649
    }
  },
  "all_rigid": {
    "co2_g": 2163421.3328117635,
    "facility_co2_g": 2649258.2234975207,
    "energy_kwh": 8825.209999999985,
    "p95_slowdown": 148.5702956020187,
    "avg_pue": 1.1921838794185893,
    "it_co2_pct": 0.0,
    "facility_co2_pct": 0.0
  },
  "declared_tier": {
    "co2_g": 2163868.839268997,
    "facility_co2_g": 2661531.6621596827,
    "energy_kwh": 8826.377083333326,
    "p95_slowdown": 148.5702956020187,
    "avg_pue": 1.1921838794185893,
    "it_co2_pct": -0.020685127323383234,
    "facility_co2_pct": -0.4632783076146785
  },
  "delta_it_pp": -0.020685127323383234,
  "delta_facility_pp": -0.4632783076146785,
  "p95_match": true
}