{
  "workload": "bursty_alternating",
  "n_predictions": 66,
  "mae_w": 19.66111180187473,
  "rmse_w": 45.323238563432284,
  "p95_w": 164.1181654938274,
  "ar_phi_final": [
    0.39740294833865014,
    -0.06376279976804611,
    -0.10386774299999317,
    -0.06953229339778721
  ],
  "ar_c_final": 200.7692041958392
}