{
  "workload": "inference_memory_bound",
  "n_predictions": 60,
  "mae_w": 4.688613354698998,
  "rmse_w": 6.772417513768357,
  "p95_w": 12.83250000000001,
  "ar_phi_final": [
    -0.23385103449113576,
    -0.2006934280485121,
    -0.11254966405103167,
    0.020014798491670337
  ],
  "ar_c_final": 390.6721748391265
}