{
  "workload": "matmul_compute_bound",
  "n_predictions": 50,
  "mae_w": 6.9952673799131535,
  "rmse_w": 13.624657095336278,
  "p95_w": 20.01709999999997,
  "ar_phi_final": [
    0.5124583840077553,
    -0.03130598727241278,
    0.02252934025514462,
    0.0013007852526980106
  ],
  "ar_c_final": 121.33293167352008
}