{"country": "CH", "mw": 1.0, "nodes": 667, "layer": "fsla", "mechanism": "M0", "seed": 20260522, "n_jobs": 360139, "energy_kwh": 9309.090416634097, "co2_g_it": 285344.6867755066, "co2_g_facility": 321349.5438692968, "co2_tonnes_y": 3.471693689101997, "cfe_pct": 40.42493144325004, "cfe_abs_pct": 100.0, "ci_weighted_mean": 32.85655105095299, "p50_slowdown": 11280.616666666667, "p95_slowdown": 11280.633333333333, "p99_slowdown": 11280.633333333333, "avg_pue": 1.1261802261008529, "jain_fairness": 0.3516873523253093}