{"country": "CH", "mw": 50.0, "nodes": 33333, "layer": "fsla", "mechanism": "M3", "seed": 20260517, "n_jobs": 360139, "energy_kwh": 447231.8345806586, "co2_g_it": 13628778.74132658, "co2_g_facility": 323141404.3355509, "co2_tonnes_y": 165.81680801947337, "cfe_pct": 41.70623783556907, "cfe_abs_pct": 100.0, "ci_weighted_mean": 32.52614458234673, "p50_slowdown": 11280.616666666667, "p95_slowdown": 11280.633333333333, "p99_slowdown": 11280.633333333333, "avg_pue": 23.710107698599355, "jain_fairness": 0.3380389012221651}