{"country": "CH", "mw": 1.0, "nodes": 667, "layer": "pue", "mechanism": "GridPilot-PUE", "seed": 20260521, "n_jobs": 360139, "energy_kwh": 6922.7904166623775, "co2_g_it": 207841.3281196932, "co2_g_facility": 234066.79389489655, "co2_tonnes_y": 2.528736158789601, "cfe_pct": 44.94027734883873, "cfe_abs_pct": 100.0, "ci_weighted_mean": 33.71967283076743, "p50_slowdown": 2640.616666666667, "p95_slowdown": 2640.633333333333, "p99_slowdown": 2640.65, "avg_pue": 1.1261802261008524, "jain_fairness": 0.8540309571185888}