{"country": "CH", "mw": 50.0, "nodes": 33333, "layer": "pue", "mechanism": "GridPilot-PUE", "seed": 20260517, "n_jobs": 360139, "energy_kwh": 327786.3095830223, "co2_g_it": 9857847.627537755, "co2_g_facility": 233732929.58201364, "co2_tonnes_y": 119.93714613504268, "cfe_pct": 44.57274245018554, "cfe_abs_pct": 100.0, "ci_weighted_mean": 33.469845255102, "p50_slowdown": 2640.616666666667, "p95_slowdown": 2640.633333333333, "p99_slowdown": 2640.65, "avg_pue": 23.710383532752598, "jain_fairness": 0.8250925800904829}