{"country": "CH", "mw": 10.0, "nodes": 6667, "layer": "pue", "mechanism": "GridPilot-PUE", "seed": 20260524, "n_jobs": 360139, "energy_kwh": 65835.47166670588, "co2_g_it": 1980439.6323663557, "co2_g_facility": 4319357.371996538, "co2_tonnes_y": 24.095348860457328, "cfe_pct": 44.51791464870208, "cfe_abs_pct": 100.0, "ci_weighted_mean": 33.4749005330391, "p50_slowdown": 2640.616666666667, "p95_slowdown": 2640.633333333333, "p99_slowdown": 2640.65, "avg_pue": 2.181059389469078, "jain_fairness": 0.8295426961881285}