{"country": "CH", "mw": 50.0, "nodes": 33333, "layer": "fsla", "mechanism": "M3", "seed": 20260520, "n_jobs": 360139, "energy_kwh": 447089.8845806605, "co2_g_it": 13679640.901530858, "co2_g_facility": 324347450.7054481, "co2_tonnes_y": 166.43563096862542, "cfe_pct": 40.82082149872885, "cfe_abs_pct": 100.0, "ci_weighted_mean": 32.603539783403015, "p50_slowdown": 11280.616666666667, "p95_slowdown": 11280.633333333333, "p99_slowdown": 11280.633333333333, "avg_pue": 23.710107695734568, "jain_fairness": 0.3404235990687819}