{"country": "CH", "mw": 10.0, "nodes": 6667, "layer": "fsla", "mechanism": "none", "seed": 20260522, "n_jobs": 360139, "energy_kwh": 61803.22708334204, "co2_g_it": 1854216.9278162287, "co2_g_facility": 4043966.852361346, "co2_tonnes_y": 22.55963928843078, "cfe_pct": 45.089648060096934, "cfe_abs_pct": 100.0, "ci_weighted_mean": 33.198178439802945, "p50_slowdown": 1260.6166666666666, "p95_slowdown": 1260.65, "p99_slowdown": 1260.65, "avg_pue": 2.1811059509908817, "jain_fairness": 0.9809300735902445}