{"country": "CH", "mw": 10.0, "nodes": 6667, "layer": "pue", "mechanism": "GridPilot-PUE", "seed": 20260523, "n_jobs": 360139, "energy_kwh": 65855.09666670617, "co2_g_it": 1980542.2327867323, "co2_g_facility": 4319235.957455078, "co2_tonnes_y": 24.09659716557191, "cfe_pct": 44.57104078141793, "cfe_abs_pct": 100.0, "ci_weighted_mean": 33.47348513496214, "p50_slowdown": 2640.616666666667, "p95_slowdown": 2640.633333333333, "p99_slowdown": 2640.65, "avg_pue": 2.180912085656822, "jain_fairness": 0.8289388261999471}