{"country": "CH", "mw": 10.0, "nodes": 6667, "layer": "pue", "mechanism": "GridPilot-PUE", "seed": 20260521, "n_jobs": 360139, "energy_kwh": 65870.02166670637, "co2_g_it": 1976899.2067008317, "co2_g_facility": 4311433.830846956, "co2_tonnes_y": 24.052273681526785, "cfe_pct": 45.01662940256109, "cfe_abs_pct": 100.0, "ci_weighted_mean": 33.464080418048255, "p50_slowdown": 2640.616666666667, "p95_slowdown": 2640.633333333333, "p99_slowdown": 2640.65, "avg_pue": 2.18090541761015, "jain_fairness": 0.8264883815909244}