{"country": "CH", "mw": 50.0, "nodes": 33333, "layer": "pue", "mechanism": "GridPilot-PUE", "seed": 20260524, "n_jobs": 360139, "energy_kwh": 327670.70958302496, "co2_g_it": 9855352.252914416, "co2_g_facility": 233674809.72143188, "co2_tonnes_y": 119.90678574379206, "cfe_pct": 44.551263657368146, "cfe_abs_pct": 100.0, "ci_weighted_mean": 33.467944664779345, "p50_slowdown": 2640.616666666667, "p95_slowdown": 2640.633333333333, "p99_slowdown": 2640.65, "avg_pue": 23.710413540568222, "jain_fairness": 0.827969954788676}