{"country": "CH", "mw": 50.0, "nodes": 33333, "layer": "fsla", "mechanism": "none", "seed": 20260518, "n_jobs": 360139, "energy_kwh": 307516.9287499389, "co2_g_it": 9224759.087698413, "co2_g_facility": 218721745.36698925, "co2_tonnes_y": 112.23456890033069, "cfe_pct": 45.12105428863757, "cfe_abs_pct": 100.0, "ci_weighted_mean": 33.18246125766745, "p50_slowdown": 1260.6166666666666, "p95_slowdown": 1260.65, "p99_slowdown": 1260.65, "avg_pue": 23.71054216506039, "jain_fairness": 0.9801652801547938}