{"country": "CH", "mw": 50.0, "nodes": 33333, "layer": "pue", "mechanism": "GridPilot-PUE", "seed": 20260522, "n_jobs": 360139, "energy_kwh": 327567.0095830266, "co2_g_it": 9854231.954924092, "co2_g_facility": 233648018.2469407, "co2_tonnes_y": 119.89315545157645, "cfe_pct": 44.507497018016515, "cfe_abs_pct": 100.0, "ci_weighted_mean": 33.45194730871051, "p50_slowdown": 2640.616666666667, "p95_slowdown": 2640.633333333333, "p99_slowdown": 2640.65, "avg_pue": 23.710413540568222, "jain_fairness": 0.830490837843122}