{"country": "CH", "mw": 10.0, "nodes": 6667, "layer": "fsla", "mechanism": "M0", "seed": 20260519, "n_jobs": 360139, "energy_kwh": 89716.82166702054, "co2_g_it": 2752903.9010732584, "co2_g_facility": 6004115.478308615, "co2_tonnes_y": 33.49366412972464, "cfe_pct": 40.194648389149414, "cfe_abs_pct": 100.0, "ci_weighted_mean": 32.58996843059669, "p50_slowdown": 11280.616666666667, "p95_slowdown": 11280.633333333333, "p99_slowdown": 11280.633333333333, "avg_pue": 2.180940574762757, "jain_fairness": 0.3385306707394072}