{"country": "CH", "mw": 10.0, "nodes": 6667, "layer": "fsla", "mechanism": "M2", "seed": 20260517, "n_jobs": 360139, "energy_kwh": 89745.9216670209, "co2_g_it": 2735188.5257680644, "co2_g_facility": 5965247.761109178, "co2_tonnes_y": 33.27812706351145, "cfe_pct": 41.681920105319776, "cfe_abs_pct": 100.0, "ci_weighted_mean": 32.559554206264494, "p50_slowdown": 11280.616666666667, "p95_slowdown": 11280.633333333333, "p99_slowdown": 11280.633333333333, "avg_pue": 2.1809390116934253, "jain_fairness": 0.33977041838451966}