{"country": "CH", "mw": 10.0, "nodes": 6667, "layer": "pue", "mechanism": "GridPilot-PUE", "seed": 20260522, "n_jobs": 360139, "energy_kwh": 65814.47166670572, "co2_g_it": 1979700.0254192743, "co2_g_facility": 4318073.161640857, "co2_tonnes_y": 24.08635030926784, "cfe_pct": 44.5296735727641, "cfe_abs_pct": 99.99999999999999, "ci_weighted_mean": 33.469913463728155, "p50_slowdown": 2640.616666666667, "p95_slowdown": 2640.633333333333, "p99_slowdown": 2640.65, "avg_pue": 2.181019222477813, "jain_fairness": 0.8338898362511109}