{"country": "CH", "mw": 1.0, "nodes": 667, "layer": "pue", "mechanism": "GridPilot-PUE", "seed": 20260520, "n_jobs": 360139, "energy_kwh": 6921.490416662394, "co2_g_it": 208007.54730033746, "co2_g_facility": 234253.98664933658, "co2_tonnes_y": 2.5307584921541055, "cfe_pct": 44.72757145417382, "cfe_abs_pct": 100.0, "ci_weighted_mean": 33.71850210684052, "p50_slowdown": 2640.616666666667, "p95_slowdown": 2640.633333333333, "p99_slowdown": 2640.65, "avg_pue": 1.1261802261008524, "jain_fairness": 0.8528675385470701}