{"country": "CH", "mw": 1.0, "nodes": 667, "layer": "fsla", "mechanism": "M2", "seed": 20260518, "n_jobs": 360139, "energy_kwh": 9309.090416634097, "co2_g_it": 284298.88374208007, "co2_g_facility": 320171.7811726802, "co2_tonnes_y": 3.4589697521953076, "cfe_pct": 41.23075733010745, "cfe_abs_pct": 100.0, "ci_weighted_mean": 33.060415240676804, "p50_slowdown": 11280.616666666667, "p95_slowdown": 11280.633333333333, "p99_slowdown": 11280.633333333333, "avg_pue": 1.1261802261008529, "jain_fairness": 0.3551885408616668}