{"country": "CH", "mw": 10.0, "nodes": 6667, "layer": "pue", "mechanism": "none", "seed": 20260519, "n_jobs": 359481, "energy_kwh": 1889310.0, "co2_g_it": 59812595.37153207, "co2_g_facility": 130452789.78093481, "co2_tonnes_y": 727.7199103536401, "cfe_pct": 33.20770591080705, "cfe_abs_pct": 99.99999999999999, "ci_weighted_mean": 32.7877019804179, "p50_slowdown": 11280.616666666667, "p95_slowdown": 11280.633333333333, "p99_slowdown": 11280.633333333333, "avg_pue": 2.181034237118367, "jain_fairness": 0.3529043772341174}