{"country": "CH", "mw": 10.0, "nodes": 6667, "layer": "pue", "mechanism": "GridPilot-PUE", "seed": 20260517, "n_jobs": 360139, "energy_kwh": 65858.19666670621, "co2_g_it": 1980538.321207182, "co2_g_facility": 4319277.111126816, "co2_tonnes_y": 24.09654957468738, "cfe_pct": 44.58162099875275, "cfe_abs_pct": 100.0, "ci_weighted_mean": 33.4891524219418, "p50_slowdown": 2640.616666666667, "p95_slowdown": 2640.633333333333, "p99_slowdown": 2640.65, "avg_pue": 2.1809656466140326, "jain_fairness": 0.002252238668849864}