{"country": "CH", "mw": 50.0, "nodes": 33333, "layer": "pue", "mechanism": "GridPilot-PUE", "seed": 20260518, "n_jobs": 360139, "energy_kwh": 328115.2845830173, "co2_g_it": 9843147.591111558, "co2_g_facility": 233384012.44779283, "co2_tonnes_y": 119.75829569185728, "cfe_pct": 45.110386430808894, "cfe_abs_pct": 100.0, "ci_weighted_mean": 33.45896574841849, "p50_slowdown": 2640.616666666667, "p95_slowdown": 2640.633333333333, "p99_slowdown": 2640.65, "avg_pue": 23.710413549311397, "jain_fairness": 0.8192992025405693}