{"country": "CH", "mw": 10.0, "nodes": 6667, "layer": "fsla", "mechanism": "M3", "seed": 20260520, "n_jobs": 360139, "energy_kwh": 89716.82166702063, "co2_g_it": 2745502.084791454, "co2_g_facility": 5986882.184943494, "co2_tonnes_y": 33.40360869829602, "cfe_pct": 40.78643207409714, "cfe_abs_pct": 100.0, "ci_weighted_mean": 32.63574136107641, "p50_slowdown": 11280.616666666667, "p95_slowdown": 11280.633333333333, "p99_slowdown": 11280.633333333333, "avg_pue": 2.180901398496794, "jain_fairness": 0.3414308828844665}