{"country": "CH", "mw": 1.0, "nodes": 667, "layer": "fsla", "mechanism": "M1", "seed": 20260523, "n_jobs": 360139, "energy_kwh": 9310.390416634074, "co2_g_it": 283890.86697179626, "co2_g_facility": 319712.2807540884, "co2_tonnes_y": 3.454005548156854, "cfe_pct": 41.57569122759925, "cfe_abs_pct": 100.0, "ci_weighted_mean": 32.97549596091845, "p50_slowdown": 11280.616666666667, "p95_slowdown": 11280.633333333333, "p99_slowdown": 11280.633333333333, "avg_pue": 1.1261802261008529, "jain_fairness": 0.35550122196006423}