{"country": "CH", "mw": 10.0, "nodes": 6667, "layer": "fsla", "mechanism": "M1", "seed": 20260523, "n_jobs": 360139, "energy_kwh": 89734.34666702077, "co2_g_it": 2732341.647566818, "co2_g_facility": 5959002.249571477, "co2_tonnes_y": 33.243490045396285, "cfe_pct": 41.88128784396851, "cfe_abs_pct": 99.99999999999999, "ci_weighted_mean": 32.569587309075025, "p50_slowdown": 11280.616666666667, "p95_slowdown": 11280.633333333333, "p99_slowdown": 11280.633333333333, "avg_pue": 2.180962520120888, "jain_fairness": 0.34961144182168097}