{"country": "CH", "mw": 50.0, "nodes": 33333, "layer": "pue", "mechanism": "GridPilot-PUE", "seed": 20260523, "n_jobs": 360139, "energy_kwh": 327771.85958302265, "co2_g_it": 9856047.061864594, "co2_g_facility": 233691215.2399177, "co2_tonnes_y": 119.9152392526859, "cfe_pct": 44.60263592615943, "cfe_abs_pct": 100.0, "ci_weighted_mean": 33.466159415504926, "p50_slowdown": 2640.616666666667, "p95_slowdown": 2640.633333333333, "p99_slowdown": 2640.65, "avg_pue": 23.71041354231686, "jain_fairness": 0.8254274757918936}