{"country": "CH", "mw": 10.0, "nodes": 6667, "layer": "pue", "mechanism": "GridPilot-PUE", "seed": 20260519, "n_jobs": 360139, "energy_kwh": 65861.87166670625, "co2_g_it": 1981416.0641733487, "co2_g_facility": 4321390.564040161, "co2_tonnes_y": 24.107228780775742, "cfe_pct": 44.498063092372114, "cfe_abs_pct": 100.0, "ci_weighted_mean": 33.49181111251394, "p50_slowdown": 2640.616666666667, "p95_slowdown": 2640.633333333333, "p99_slowdown": 2640.65, "avg_pue": 2.180965667658604, "jain_fairness": 0.826504697431889}