{"country": "CH", "mw": 1.0, "nodes": 667, "layer": "fsla", "mechanism": "none", "seed": 20260518, "n_jobs": 360139, "energy_kwh": 6513.64833333228, "co2_g_it": 195974.83066843997, "co2_g_facility": 220702.97911222005, "co2_tonnes_y": 2.384360439799353, "cfe_pct": 44.48098005851869, "cfe_abs_pct": 100.0, "ci_weighted_mean": 33.426921513052676, "p50_slowdown": 1260.6166666666666, "p95_slowdown": 1260.65, "p99_slowdown": 1260.65, "avg_pue": 1.1261802261008529, "jain_fairness": 0.9844979662694929}