{"country": "CH", "mw": 10.0, "nodes": 6667, "layer": "fsla", "mechanism": "M1", "seed": 20260522, "n_jobs": 360139, "energy_kwh": 89730.84666702076, "co2_g_it": 2745811.6622167146, "co2_g_facility": 5988875.497917973, "co2_tonnes_y": 33.40737522363669, "cfe_pct": 40.7959938343504, "cfe_abs_pct": 100.0, "ci_weighted_mean": 32.42337250627895, "p50_slowdown": 11280.616666666667, "p95_slowdown": 11280.633333333333, "p99_slowdown": 11280.633333333333, "avg_pue": 2.1810157984881315, "jain_fairness": 0.33812583476157876}