{"country": "CH", "mw": 1.0, "nodes": 667, "layer": "pue", "mechanism": "GridPilot-PUE", "seed": 20260517, "n_jobs": 360139, "energy_kwh": 6921.340416662396, "co2_g_it": 208169.942969357, "co2_g_facility": 234436.87344059092, "co2_tonnes_y": 2.532734306127177, "cfe_pct": 44.554600220030494, "cfe_abs_pct": 99.99999999999999, "ci_weighted_mean": 33.728885868458875, "p50_slowdown": 2640.616666666667, "p95_slowdown": 2640.633333333333, "p99_slowdown": 2640.65, "avg_pue": 1.1261802261008524, "jain_fairness": 0.8554105226498679}