{"country": "CH", "mw": 1.0, "nodes": 667, "layer": "fsla", "mechanism": "M3", "seed": 20260524, "n_jobs": 360139, "energy_kwh": 9309.240416634091, "co2_g_it": 284231.81715751626, "co2_g_facility": 320096.2521113162, "co2_tonnes_y": 3.4581537754164478, "cfe_pct": 41.285963269138705, "cfe_abs_pct": 100.0, "ci_weighted_mean": 32.98274329249927, "p50_slowdown": 11280.616666666667, "p95_slowdown": 11280.633333333333, "p99_slowdown": 11280.633333333333, "avg_pue": 1.1261802261008529, "jain_fairness": 0.35834871775803867}