{"country": "CH", "mw": 50.0, "nodes": 33333, "layer": "fsla", "mechanism": "M2", "seed": 20260518, "n_jobs": 360139, "energy_kwh": 447107.73458066117, "co2_g_it": 13640988.728836078, "co2_g_facility": 323431010.6352312, "co2_tonnes_y": 165.9653628675056, "cfe_pct": 41.44968147158798, "cfe_abs_pct": 100.0, "ci_weighted_mean": 32.63374968414799, "p50_slowdown": 11280.616666666667, "p95_slowdown": 11280.633333333333, "p99_slowdown": 11280.633333333333, "avg_pue": 23.710107695529935, "jain_fairness": 0.34860688388348937}