{"country": "CH", "mw": 1.0, "nodes": 667, "layer": "fsla", "mechanism": "M0", "seed": 20260521, "n_jobs": 360139, "energy_kwh": 9313.79041663405, "co2_g_it": 284148.24075335637, "co2_g_facility": 320002.1300175695, "co2_tonnes_y": 3.4571369291658356, "cfe_pct": 41.45731885477862, "cfe_abs_pct": 100.0, "ci_weighted_mean": 32.973058919868464, "p50_slowdown": 11280.616666666667, "p95_slowdown": 11280.633333333333, "p99_slowdown": 11280.633333333333, "avg_pue": 1.1261802261008529, "jain_fairness": 0.3512285477504964}