{"country": "CH", "mw": 50.0, "nodes": 33333, "layer": "fsla", "mechanism": "M1", "seed": 20260521, "n_jobs": 360139, "energy_kwh": 447319.38458065747, "co2_g_it": 13628395.154030513, "co2_g_facility": 323133170.93426585, "co2_tonnes_y": 165.81214104070457, "cfe_pct": 41.755170840524784, "cfe_abs_pct": 100.0, "ci_weighted_mean": 32.5421008457835, "p50_slowdown": 11280.616666666667, "p95_slowdown": 11280.633333333333, "p99_slowdown": 11280.633333333333, "avg_pue": 23.71010769880398, "jain_fairness": 0.3383997505162795}