{"country": "CH", "mw": 10.0, "nodes": 6667, "layer": "pue", "mechanism": "GridPilot-PUE", "seed": 20260518, "n_jobs": 360139, "energy_kwh": 65924.34666670712, "co2_g_it": 1977824.5541569316, "co2_g_facility": 4314200.568332941, "co2_tonnes_y": 24.063532075576, "cfe_pct": 45.09334426473657, "cfe_abs_pct": 100.0, "ci_weighted_mean": 33.48058474435956, "p50_slowdown": 2640.616666666667, "p95_slowdown": 2640.633333333333, "p99_slowdown": 2640.65, "avg_pue": 2.18100582500444, "jain_fairness": 0.8216260398687457}