{"country": "CH", "mw": 1.0, "nodes": 667, "layer": "pue", "mechanism": "none", "seed": 20260519, "n_jobs": 359678, "energy_kwh": 189094.5, "co2_g_it": 5986463.130277756, "co2_g_facility": 6741836.401600619, "co2_tonnes_y": 72.83530141837934, "cfe_pct": 33.206665053133506, "cfe_abs_pct": 100.0, "ci_weighted_mean": 33.17028000955159, "p50_slowdown": 11280.616666666667, "p95_slowdown": 11280.633333333333, "p99_slowdown": 11280.633333333333, "avg_pue": 1.126180226100853, "jain_fairness": 0.3649949360107369}