{"country": "CH", "mw": 50.0, "nodes": 33333, "layer": "pue", "mechanism": "GridPilot-PUE", "seed": 20260521, "n_jobs": 360139, "energy_kwh": 327845.8095830216, "co2_g_it": 9840048.841550961, "co2_g_facility": 233311605.5503566, "co2_tonnes_y": 119.72059423887002, "cfe_pct": 45.00131388715057, "cfe_abs_pct": 100.0, "ci_weighted_mean": 33.44456659271093, "p50_slowdown": 2640.616666666667, "p95_slowdown": 2640.633333333333, "p99_slowdown": 2640.65, "avg_pue": 23.710413540568222, "jain_fairness": 0.824627210196003}