{"country": "CH", "mw": 1.0, "nodes": 667, "layer": "fsla", "mechanism": "M3", "seed": 20260517, "n_jobs": 360139, "energy_kwh": 9311.36541663408, "co2_g_it": 284264.69002914254, "co2_g_facility": 320133.27288930916, "co2_tonnes_y": 3.4585537286879005, "cfe_pct": 41.31062054880431, "cfe_abs_pct": 100.0, "ci_weighted_mean": 32.96787893931693, "p50_slowdown": 11280.616666666667, "p95_slowdown": 11280.633333333333, "p99_slowdown": 11280.633333333333, "avg_pue": 1.1261802261008529, "jain_fairness": 0.35220530596453825}