{"country": "CH", "mw": 10.0, "nodes": 6667, "layer": "fsla", "mechanism": "M1", "seed": 20260518, "n_jobs": 360139, "energy_kwh": 89721.32166702059, "co2_g_it": 2737417.3328722427, "co2_g_facility": 5970140.453487323, "co2_tonnes_y": 33.30524421661228, "cfe_pct": 41.44379421686673, "cfe_abs_pct": 100.0, "ci_weighted_mean": 32.663212052421194, "p50_slowdown": 11280.616666666667, "p95_slowdown": 11280.633333333333, "p99_slowdown": 11280.633333333333, "avg_pue": 2.1809562557354587, "jain_fairness": 0.3501627671883521}