{"country": "CH", "mw": 10.0, "nodes": 6667, "layer": "fsla", "mechanism": "M2", "seed": 20260524, "n_jobs": 360139, "energy_kwh": 89722.67166702062, "co2_g_it": 2736232.5417845445, "co2_g_facility": 5966708.5972144315, "co2_tonnes_y": 33.29082925837862, "cfe_pct": 41.54180632127497, "cfe_abs_pct": 100.0, "ci_weighted_mean": 32.609729175262224, "p50_slowdown": 11280.616666666667, "p95_slowdown": 11280.633333333333, "p99_slowdown": 11280.633333333333, "avg_pue": 2.1809358861704244, "jain_fairness": 0.35214772516007503}