{"country": "CH", "mw": 1.0, "nodes": 667, "layer": "pue", "mechanism": "GridPilot-PUE", "seed": 20260524, "n_jobs": 360139, "energy_kwh": 6919.040416662405, "co2_g_it": 208216.5849237447, "co2_g_facility": 234489.4006873289, "co2_tonnes_y": 2.533301783238894, "cfe_pct": 44.434531823695956, "cfe_abs_pct": 100.0, "ci_weighted_mean": 33.73037993408593, "p50_slowdown": 2640.616666666667, "p95_slowdown": 2640.633333333333, "p99_slowdown": 2640.65, "avg_pue": 1.1261802261008524, "jain_fairness": 0.856928713545072}