{"country": "CH", "mw": 50.0, "nodes": 33333, "layer": "fsla", "mechanism": "M0", "seed": 20260524, "n_jobs": 360139, "energy_kwh": 447117.0845806605, "co2_g_it": 13628116.142507842, "co2_g_facility": 323125917.6254081, "co2_tonnes_y": 165.80874640051206, "cfe_pct": 41.66076882103967, "cfe_abs_pct": 100.0, "ci_weighted_mean": 32.59091083968748, "p50_slowdown": 11280.616666666667, "p95_slowdown": 11280.633333333333, "p99_slowdown": 11280.633333333333, "avg_pue": 23.71010769573456, "jain_fairness": 0.352359707728489}