{"country": "CH", "mw": 10.0, "nodes": 6667, "layer": "fsla", "mechanism": "M3", "seed": 20260521, "n_jobs": 360139, "energy_kwh": 89763.94666702111, "co2_g_it": 2735152.959421469, "co2_g_facility": 5965336.802189684, "co2_tonnes_y": 33.27769433962787, "cfe_pct": 41.7286601533129, "cfe_abs_pct": 100.0, "ci_weighted_mean": 32.567998540645554, "p50_slowdown": 11280.616666666667, "p95_slowdown": 11280.633333333333, "p99_slowdown": 11280.633333333333, "avg_pue": 2.180964094477424, "jain_fairness": 0.34016137445268524}