{"country": "CH", "mw": 1.0, "nodes": 667, "layer": "fsla", "mechanism": "M0", "seed": 20260520, "n_jobs": 360139, "energy_kwh": 9308.69041663411, "co2_g_it": 285469.7141428784, "co2_g_facility": 321490.3472181523, "co2_tonnes_y": 3.4732148554050206, "cfe_pct": 40.31914173497097, "cfe_abs_pct": 100.0, "ci_weighted_mean": 33.04627703341921, "p50_slowdown": 11280.616666666667, "p95_slowdown": 11280.633333333333, "p99_slowdown": 11280.633333333333, "avg_pue": 1.1261802261008529, "jain_fairness": 0.35286202819288626}