{"country": "CH", "mw": 50.0, "nodes": 33333, "layer": "pue", "mechanism": "GridPilot-PUE", "seed": 20260519, "n_jobs": 360139, "energy_kwh": 327804.15958302224, "co2_g_it": 9861325.6590753, "co2_g_facility": 233815411.0406625, "co2_tonnes_y": 119.97946218541614, "cfe_pct": 44.50838331248089, "cfe_abs_pct": 100.0, "ci_weighted_mean": 33.47157799210499, "p50_slowdown": 2640.616666666667, "p95_slowdown": 2640.633333333333, "p99_slowdown": 2640.65, "avg_pue": 23.710383532752598, "jain_fairness": 0.8254451769755432}