{"country": "CH", "mw": 1.0, "nodes": 667, "layer": "fsla", "mechanism": "M3", "seed": 20260519, "n_jobs": 360139, "energy_kwh": 9308.640416634096, "co2_g_it": 285892.47364360775, "co2_g_facility": 321966.4506082798, "co2_tonnes_y": 3.478358429330561, "cfe_pct": 39.99219423076219, "cfe_abs_pct": 100.0, "ci_weighted_mean": 33.00432758360048, "p50_slowdown": 11280.616666666667, "p95_slowdown": 11280.633333333333, "p99_slowdown": 11280.633333333333, "avg_pue": 1.1261802261008529, "jain_fairness": 0.3537227448151565}