{"country": "CH", "mw": 50.0, "nodes": 33333, "layer": "fsla", "mechanism": "M0", "seed": 20260522, "n_jobs": 360139, "energy_kwh": 447150.2345806603, "co2_g_it": 13682485.539980829, "co2_g_facility": 324414995.32117116, "co2_tonnes_y": 166.47024073643342, "cfe_pct": 40.8048103891321, "cfe_abs_pct": 100.0, "ci_weighted_mean": 32.3883925732526, "p50_slowdown": 11280.616666666667, "p95_slowdown": 11280.633333333333, "p99_slowdown": 11280.633333333333, "avg_pue": 23.710107698599355, "jain_fairness": 0.3092149187242648}