{"country": "CH", "mw": 50.0, "nodes": 33333, "layer": "pue", "mechanism": "none", "seed": 20260518, "n_jobs": 359451, "energy_kwh": 9446452.5, "co2_g_it": 299061456.6886563, "co2_g_facility": 7090790453.095937, "co2_tonnes_y": 3638.5810563786513, "cfe_pct": 33.206516400907, "cfe_abs_pct": 100.0, "ci_weighted_mean": 32.75608736683754, "p50_slowdown": 11280.616666666667, "p95_slowdown": 11280.633333333333, "p99_slowdown": 11280.633333333333, "avg_pue": 23.71011598405779, "jain_fairness": 0.3501090672703042}