{"country": "CH", "mw": 50.0, "nodes": 33333, "layer": "pue", "mechanism": "GridPilot-PUE", "seed": 20260520, "n_jobs": 360139, "energy_kwh": 327796.50958302215, "co2_g_it": 9847814.671204003, "co2_g_facility": 233494300.63589588, "co2_tonnes_y": 119.81507849964869, "cfe_pct": 44.79899977605989, "cfe_abs_pct": 100.0, "ci_weighted_mean": 33.444891216078254, "p50_slowdown": 2640.616666666667, "p95_slowdown": 2640.633333333333, "p99_slowdown": 2640.65, "avg_pue": 23.710383532752598, "jain_fairness": 0.8256944959304167}