{"country": "CH", "mw": 50.0, "nodes": 33333, "layer": "fsla", "mechanism": "M0", "seed": 20260519, "n_jobs": 360139, "energy_kwh": 447086.4845806615, "co2_g_it": 13716990.763689278, "co2_g_facility": 325234275.3388645, "co2_tonnes_y": 166.89005429155287, "cfe_pct": 40.21991904011988, "cfe_abs_pct": 100.0, "ci_weighted_mean": 32.55442509198678, "p50_slowdown": 11280.616666666667, "p95_slowdown": 11280.633333333333, "p99_slowdown": 11280.633333333333, "avg_pue": 23.710107697166958, "jain_fairness": 0.34096649295786824}