{"country": "CH", "mw": 1.0, "nodes": 667, "layer": "pue", "mechanism": "GridPilot-PUE", "seed": 20260519, "n_jobs": 360139, "energy_kwh": 6922.01541666239, "co2_g_it": 208181.67942482702, "co2_g_facility": 234450.09080466582, "co2_tonnes_y": 2.532877099668729, "cfe_pct": 44.56347594481003, "cfe_abs_pct": 100.0, "ci_weighted_mean": 33.733022293237205, "p50_slowdown": 2640.616666666667, "p95_slowdown": 2640.633333333333, "p99_slowdown": 2640.65, "avg_pue": 1.1261802261008524, "jain_fairness": 0.8530364493464074}