{"country": "DE", "mw": 10.0, "nodes": 6667, "layer": "fsla", "mechanism": "M3", "seed": 20260521, "n_jobs": 360139, "energy_kwh": 89770.37166702122, "co2_g_it": 24081969.297033846, "co2_g_facility": 52526417.49723505, "co2_tonnes_y": 292.9972931139118, "cfe_pct": 60.43624880270233, "cfe_abs_pct": 0.0, "ci_weighted_mean": 333.25822999073154, "p50_slowdown": 11280.616666666667, "p95_slowdown": 11280.633333333333, "p99_slowdown": 11280.633333333333, "avg_pue": 2.1809593882360088, "jain_fairness": 0.3490554940507933}