{"country": "DE", "mw": 10.0, "nodes": 6667, "layer": "pue", "mechanism": "GridPilot-PUE", "seed": 20260517, "n_jobs": 360139, "energy_kwh": 65869.67166670637, "co2_g_it": 16691865.828216357, "co2_g_facility": 36403971.20617161, "co2_tonnes_y": 203.08436757663233, "cfe_pct": 65.98309242901408, "cfe_abs_pct": 0.0, "ci_weighted_mean": 351.1758511895128, "p50_slowdown": 2640.616666666667, "p95_slowdown": 2640.633333333333, "p99_slowdown": 2640.65, "avg_pue": 2.180965663274323, "jain_fairness": 0.8259052736105434}