{"country": "DE", "mw": 10.0, "nodes": 6667, "layer": "fsla", "mechanism": "M0", "seed": 20260522, "n_jobs": 360139, "energy_kwh": 89743.12166702085, "co2_g_it": 24077816.089309033, "co2_g_facility": 52511179.58913131, "co2_tonnes_y": 292.9467624199266, "cfe_pct": 60.42311309546429, "cfe_abs_pct": 0.0, "ci_weighted_mean": 333.26188639026805, "p50_slowdown": 11280.616666666667, "p95_slowdown": 11280.633333333333, "p99_slowdown": 11280.633333333333, "avg_pue": 2.1809186394605047, "jain_fairness": 0.347813760054989}