{"country": "DE", "mw": 10.0, "nodes": 6667, "layer": "pue", "mechanism": "GridPilot-PUE", "seed": 20260520, "n_jobs": 360139, "energy_kwh": 65867.79666670637, "co2_g_it": 16631741.621834159, "co2_g_facility": 36272034.36663566, "co2_tonnes_y": 202.35285639898225, "cfe_pct": 66.32125098623298, "cfe_abs_pct": 0.0, "ci_weighted_mean": 350.4269675817452, "p50_slowdown": 2640.616666666667, "p95_slowdown": 2640.633333333333, "p99_slowdown": 2640.65, "avg_pue": 2.180798280789148, "jain_fairness": 0.8261282010235415}