{"country": "DE", "mw": 50.0, "nodes": 33333, "layer": "fsla", "mechanism": "none", "seed": 20260519, "n_jobs": 360139, "energy_kwh": 307516.9287499389, "co2_g_it": 77188001.69349605, "co2_g_facility": 1830153433.7624793, "co2_tonnes_y": 939.1206872708685, "cfe_pct": 66.88054714660791, "cfe_abs_pct": 0.0, "ci_weighted_mean": 342.3486645402229, "p50_slowdown": 1260.6166666666666, "p95_slowdown": 1260.65, "p99_slowdown": 1260.65, "avg_pue": 23.71054216506039, "jain_fairness": 0.9801652801547938}