{"country": "DE", "mw": 50.0, "nodes": 33333, "layer": "pue", "mechanism": "GridPilot-PUE", "seed": 20260519, "n_jobs": 360139, "energy_kwh": 327873.859583021, "co2_g_it": 83159528.8980542, "co2_g_facility": 1971746587.148824, "co2_tonnes_y": 1011.7742682596594, "cfe_pct": 65.89898659745306, "cfe_abs_pct": 0.0, "ci_weighted_mean": 350.6990482872036, "p50_slowdown": 2640.616666666667, "p95_slowdown": 2640.633333333333, "p99_slowdown": 2640.65, "avg_pue": 23.710383531003966, "jain_fairness": 0.8241048216064951}