{"country": "DE", "mw": 10.0, "nodes": 6667, "layer": "fsla", "mechanism": "M0", "seed": 20260519, "n_jobs": 360139, "energy_kwh": 89731.37166702075, "co2_g_it": 24092424.528159667, "co2_g_facility": 52550406.140443236, "co2_tonnes_y": 293.1244984259426, "cfe_pct": 60.349201727497956, "cfe_abs_pct": 0.0, "ci_weighted_mean": 333.32849259389286, "p50_slowdown": 11280.616666666667, "p95_slowdown": 11280.633333333333, "p99_slowdown": 11280.633333333333, "avg_pue": 2.1810408714214833, "jain_fairness": 0.3470192274117462}