{"country": "DE", "mw": 10.0, "nodes": 6667, "layer": "pue", "mechanism": "GridPilot-PUE", "seed": 20260521, "n_jobs": 360139, "energy_kwh": 65885.6966667066, "co2_g_it": 16617308.913803758, "co2_g_facility": 36241914.60255248, "co2_tonnes_y": 202.17725845127904, "cfe_pct": 66.42866600950747, "cfe_abs_pct": 0.0, "ci_weighted_mean": 350.339902054988, "p50_slowdown": 2640.616666666667, "p95_slowdown": 2640.633333333333, "p99_slowdown": 2640.65, "avg_pue": 2.180945578463401, "jain_fairness": 0.8253651608519367}