{"country": "DE", "mw": 1.0, "nodes": 667, "layer": "fsla", "mechanism": "M1", "seed": 20260522, "n_jobs": 360139, "energy_kwh": 9311.465416634072, "co2_g_it": 2503183.361158752, "co2_g_facility": 2819035.6036441335, "co2_tonnes_y": 30.455397560764812, "cfe_pct": 60.22482510881513, "cfe_abs_pct": 0.0, "ci_weighted_mean": 343.710563369032, "p50_slowdown": 11280.616666666667, "p95_slowdown": 11280.633333333333, "p99_slowdown": 11280.633333333333, "avg_pue": 1.1261802261008529, "jain_fairness": 0.35743916582355245}