{"country": "DE", "mw": 1.0, "nodes": 667, "layer": "pue", "mechanism": "GridPilot-PUE", "seed": 20260518, "n_jobs": 360139, "energy_kwh": 6929.715416662301, "co2_g_it": 1741176.424461254, "co2_g_facility": 1960878.4593815622, "co2_tonnes_y": 21.18431316427859, "cfe_pct": 66.78411154044417, "cfe_abs_pct": 0.0, "ci_weighted_mean": 357.5611742560137, "p50_slowdown": 2640.616666666667, "p95_slowdown": 2640.633333333333, "p99_slowdown": 2640.65, "avg_pue": 1.1261802261008524, "jain_fairness": 0.8433087451996023}