{"country": "DE", "mw": 10.0, "nodes": 6667, "layer": "fsla", "mechanism": "M0", "seed": 20260524, "n_jobs": 360139, "energy_kwh": 89731.37166702074, "co2_g_it": 24094019.16094894, "co2_g_facility": 52554646.19129546, "co2_tonnes_y": 293.1438997915454, "cfe_pct": 60.34256572954496, "cfe_abs_pct": 0.0, "ci_weighted_mean": 333.33115963375565, "p50_slowdown": 11280.616666666667, "p95_slowdown": 11280.633333333333, "p99_slowdown": 11280.633333333333, "avg_pue": 2.1810424377743667, "jain_fairness": 0.3501348344928772}