{"country": "DE", "mw": 50.0, "nodes": 33333, "layer": "pue", "mechanism": "none", "seed": 20260522, "n_jobs": 359451, "energy_kwh": 9446452.5, "co2_g_it": 2933183993.9685626, "co2_g_facility": 69546297732.43379, "co2_tonnes_y": 35687.07192661751, "cfe_pct": 44.6615815608477, "cfe_abs_pct": 0.0, "ci_weighted_mean": 332.3800806004167, "p50_slowdown": 11280.616666666667, "p95_slowdown": 11280.633333333333, "p99_slowdown": 11280.633333333333, "avg_pue": 23.71011598405779, "jain_fairness": 0.3501090672703042}