{"country": "DE", "mw": 1.0, "nodes": 667, "layer": "fsla", "mechanism": "M3", "seed": 20260523, "n_jobs": 360139, "energy_kwh": 9311.015416634076, "co2_g_it": 2503713.5623436705, "co2_g_facility": 2819632.7057344345, "co2_tonnes_y": 30.46184834184799, "cfe_pct": 60.19871012588088, "cfe_abs_pct": 0.0, "ci_weighted_mean": 343.752353957315, "p50_slowdown": 11280.616666666667, "p95_slowdown": 11280.633333333333, "p99_slowdown": 11280.633333333333, "avg_pue": 1.1261802261008529, "jain_fairness": 0.36241422036705423}