{"country": "DE", "mw": 1.0, "nodes": 667, "layer": "fsla", "mechanism": "M0", "seed": 20260518, "n_jobs": 360139, "energy_kwh": 9309.840416634088, "co2_g_it": 2503917.7857627356, "co2_g_facility": 2819862.698110703, "co2_tonnes_y": 30.46433306011328, "cfe_pct": 60.17784600483368, "cfe_abs_pct": 0.0, "ci_weighted_mean": 343.7867770595284, "p50_slowdown": 11280.616666666667, "p95_slowdown": 11280.633333333333, "p99_slowdown": 11280.633333333333, "avg_pue": 1.1261802261008529, "jain_fairness": 0.36537308599098}