{"country": "DE", "mw": 1.0, "nodes": 667, "layer": "pue", "mechanism": "GridPilot-PUE", "seed": 20260522, "n_jobs": 360139, "energy_kwh": 6918.040416662416, "co2_g_it": 1757541.9647586285, "co2_g_facility": 1979309.007253894, "co2_tonnes_y": 21.383427237896647, "cfe_pct": 65.7424126521566, "cfe_abs_pct": 0.0, "ci_weighted_mean": 357.90059957031565, "p50_slowdown": 2640.616666666667, "p95_slowdown": 2640.633333333333, "p99_slowdown": 2640.65, "avg_pue": 1.1261802261008524, "jain_fairness": 0.8570311274784846}