{"country": "DE", "mw": 50.0, "nodes": 33333, "layer": "pue", "mechanism": "GridPilot-PUE", "seed": 20260524, "n_jobs": 360139, "energy_kwh": 327718.30958302406, "co2_g_it": 83007744.46361046, "co2_g_facility": 1968155125.3023257, "co2_tonnes_y": 1009.9275576405938, "cfe_pct": 66.0269813428994, "cfe_abs_pct": 0.0, "ci_weighted_mean": 350.46012143048137, "p50_slowdown": 2640.616666666667, "p95_slowdown": 2640.633333333333, "p99_slowdown": 2640.65, "avg_pue": 23.710413540568222, "jain_fairness": 0.8255098651665398}