{"country": "DE", "mw": 50.0, "nodes": 33333, "layer": "pue", "mechanism": "GridPilot-PUE", "seed": 20260522, "n_jobs": 360139, "energy_kwh": 327622.25958302565, "co2_g_it": 83047460.34624092, "co2_g_facility": 1969095647.408726, "co2_tonnes_y": 1010.4107675459312, "cfe_pct": 65.95398560875371, "cfe_abs_pct": 0.0, "ci_weighted_mean": 350.03269674731735, "p50_slowdown": 2640.616666666667, "p95_slowdown": 2640.633333333333, "p99_slowdown": 2640.65, "avg_pue": 23.710413539693903, "jain_fairness": 0.8295046373019231}