{"country": "DE", "mw": 10.0, "nodes": 6667, "layer": "fsla", "mechanism": "M1", "seed": 20260520, "n_jobs": 360139, "energy_kwh": 89732.07166702075, "co2_g_it": 24097563.442815937, "co2_g_facility": 52560675.00298019, "co2_tonnes_y": 293.18702188759386, "cfe_pct": 60.3285986403939, "cfe_abs_pct": 0.0, "ci_weighted_mean": 333.34471415344126, "p50_slowdown": 11280.616666666667, "p95_slowdown": 11280.633333333333, "p99_slowdown": 11280.633333333333, "avg_pue": 2.1810110928623834, "jain_fairness": 0.3502872880301957}