{"country": "DE", "mw": 1.0, "nodes": 667, "layer": "pue", "mechanism": "GridPilot-PUE", "seed": 20260523, "n_jobs": 360139, "energy_kwh": 6922.215416662388, "co2_g_it": 1752955.0463235888, "co2_g_facility": 1974143.3104136263, "co2_tonnes_y": 21.327619730270328, "cfe_pct": 66.04706712956572, "cfe_abs_pct": 0.0, "ci_weighted_mean": 357.78400778918376, "p50_slowdown": 2640.616666666667, "p95_slowdown": 2640.633333333333, "p99_slowdown": 2640.65, "avg_pue": 1.1261802261008524, "jain_fairness": 0.853818284115562}