{"country": "DE", "mw": 1.0, "nodes": 667, "layer": "pue", "mechanism": "none", "seed": 20260524, "n_jobs": 359678, "energy_kwh": 189094.5, "co2_g_it": 58714978.149137005, "co2_g_facility": 66123647.36750171, "co2_tonnes_y": 714.3655674811669, "cfe_pct": 44.66172969579936, "cfe_abs_pct": 0.0, "ci_weighted_mean": 343.71220524568, "p50_slowdown": 11280.616666666667, "p95_slowdown": 11280.633333333333, "p99_slowdown": 11280.633333333333, "avg_pue": 1.126180226100853, "jain_fairness": 0.3649949360107369}