{"country": "DE", "mw": 50.0, "nodes": 33333, "layer": "fsla", "mechanism": "M2", "seed": 20260517, "n_jobs": 360139, "energy_kwh": 447270.0845806583, "co2_g_it": 120043111.7528865, "co2_g_facility": 2846250939.109171, "co2_tonnes_y": 1460.5245263267857, "cfe_pct": 60.388164439207706, "cfe_abs_pct": 0.0, "ci_weighted_mean": 332.55221291074815, "p50_slowdown": 11280.616666666667, "p95_slowdown": 11280.633333333333, "p99_slowdown": 11280.633333333333, "avg_pue": 23.71010770003174, "jain_fairness": 0.34995002170505857}