{"country": "DE", "mw": 10.0, "nodes": 6667, "layer": "fsla", "mechanism": "none", "seed": 20260519, "n_jobs": 360139, "energy_kwh": 61803.22708334204, "co2_g_it": 15520622.703387057, "co2_g_facility": 33849959.7786856, "co2_tonnes_y": 188.8342428912092, "cfe_pct": 66.83365559105047, "cfe_abs_pct": 0.0, "ci_weighted_mean": 342.7994420660106, "p50_slowdown": 1260.6166666666666, "p95_slowdown": 1260.65, "p99_slowdown": 1260.65, "avg_pue": 2.1811059509908817, "jain_fairness": 0.9809300735902445}