{"country": "DE", "mw": 50.0, "nodes": 33333, "layer": "pue", "mechanism": "GridPilot-PUE", "seed": 20260518, "n_jobs": 360139, "energy_kwh": 328204.5345830159, "co2_g_it": 82674130.5784679, "co2_g_facility": 1960237245.6231387, "co2_tonnes_y": 1005.8685887046928, "cfe_pct": 66.54666928795001, "cfe_abs_pct": 0.0, "ci_weighted_mean": 350.1501183496137, "p50_slowdown": 2640.616666666667, "p95_slowdown": 2640.633333333333, "p99_slowdown": 2640.65, "avg_pue": 23.710413544939808, "jain_fairness": 0.8172347432601702}