{"country": "DE", "mw": 1.0, "nodes": 667, "layer": "pue", "mechanism": "GridPilot-PUE", "seed": 20260521, "n_jobs": 360139, "energy_kwh": 6924.265416662363, "co2_g_it": 1746058.7821728734, "co2_g_facility": 1966376.8740931624, "co2_tonnes_y": 21.243715183103294, "cfe_pct": 66.44696641828585, "cfe_abs_pct": 0.0, "ci_weighted_mean": 357.55667915846715, "p50_slowdown": 2640.616666666667, "p95_slowdown": 2640.633333333333, "p99_slowdown": 2640.65, "avg_pue": 1.1261802261008524, "jain_fairness": 0.8501500350044573}