{"country": "DE", "mw": 50.0, "nodes": 33333, "layer": "fsla", "mechanism": "M2", "seed": 20260522, "n_jobs": 360139, "energy_kwh": 447219.08458065905, "co2_g_it": 119968206.60531496, "co2_g_facility": 2844473699.6435843, "co2_tonnes_y": 1459.6131803646654, "cfe_pct": 60.439278827073714, "cfe_abs_pct": 0.0, "ci_weighted_mean": 332.42572152302324, "p50_slowdown": 11280.616666666667, "p95_slowdown": 11280.633333333333, "p99_slowdown": 11280.633333333333, "avg_pue": 23.710107697985464, "jain_fairness": 0.35114094885273184}