{"country": "DE", "mw": 50.0, "nodes": 33333, "layer": "pue", "mechanism": "GridPilot-PUE", "seed": 20260520, "n_jobs": 360139, "energy_kwh": 327829.6595830216, "co2_g_it": 82742136.5167275, "co2_g_facility": 1961842990.4276404, "co2_tonnes_y": 1006.6959942868513, "cfe_pct": 66.36164674789623, "cfe_abs_pct": 0.0, "ci_weighted_mean": 349.8519025712739, "p50_slowdown": 2640.616666666667, "p95_slowdown": 2640.633333333333, "p99_slowdown": 2640.65, "avg_pue": 23.710383531003966, "jain_fairness": 0.8247791312039323}