{"country": "DE", "mw": 50.0, "nodes": 33333, "layer": "fsla", "mechanism": "M0", "seed": 20260521, "n_jobs": 360139, "energy_kwh": 447350.83458065736, "co2_g_it": 120036741.27667382, "co2_g_facility": 2846101094.0393453, "co2_tonnes_y": 1460.447018866198, "cfe_pct": 60.41157255283702, "cfe_abs_pct": 0.0, "ci_weighted_mean": 332.45262632509747, "p50_slowdown": 11280.616666666667, "p95_slowdown": 11280.633333333333, "p99_slowdown": 11280.633333333333, "avg_pue": 23.710107697985464, "jain_fairness": 0.34729204527404745}