{"country": "DE", "mw": 10.0, "nodes": 6667, "layer": "fsla", "mechanism": "M1", "seed": 20260517, "n_jobs": 360139, "energy_kwh": 89754.79666702103, "co2_g_it": 24087053.517283313, "co2_g_facility": 52532234.946086384, "co2_tonnes_y": 293.059151126947, "cfe_pct": 60.39771377420373, "cfe_abs_pct": 0.0, "ci_weighted_mean": 333.33473741537443, "p50_slowdown": 11280.616666666667, "p95_slowdown": 11280.633333333333, "p99_slowdown": 11280.633333333333, "avg_pue": 2.1810032613031867, "jain_fairness": 0.35072929232421435}