{"country": "DE", "mw": 1.0, "nodes": 667, "layer": "fsla", "mechanism": "M2", "seed": 20260521, "n_jobs": 360139, "energy_kwh": 9314.56541663404, "co2_g_it": 2501538.357471823, "co2_g_facility": 2817183.033020089, "co2_tonnes_y": 30.435383349240514, "cfe_pct": 60.32418097974446, "cfe_abs_pct": 0.0, "ci_weighted_mean": 343.7744837118183, "p50_slowdown": 11280.616666666667, "p95_slowdown": 11280.633333333333, "p99_slowdown": 11280.633333333333, "avg_pue": 1.1261802261008529, "jain_fairness": 0.353478585923015}