{"country": "DE", "mw": 1.0, "nodes": 667, "layer": "fsla", "mechanism": "none", "seed": 20260518, "n_jobs": 360139, "energy_kwh": 6513.64833333228, "co2_g_it": 1651622.571799162, "co2_g_facility": 1860024.6813421354, "co2_tonnes_y": 20.094741290223137, "cfe_pct": 65.92487441148864, "cfe_abs_pct": 0.0, "ci_weighted_mean": 349.3599204863607, "p50_slowdown": 1260.6166666666666, "p95_slowdown": 1260.65, "p99_slowdown": 1260.65, "avg_pue": 1.1261802261008529, "jain_fairness": 0.9844979662694929}