{"country": "DE", "mw": 1.0, "nodes": 667, "layer": "fsla", "mechanism": "M1", "seed": 20260519, "n_jobs": 360139, "energy_kwh": 9310.015416634085, "co2_g_it": 2503996.4283679686, "co2_g_facility": 2819951.2638576524, "co2_tonnes_y": 30.465289878476952, "cfe_pct": 60.17657954302262, "cfe_abs_pct": 0.0, "ci_weighted_mean": 343.785990030608, "p50_slowdown": 11280.616666666667, "p95_slowdown": 11280.633333333333, "p99_slowdown": 11280.633333333333, "avg_pue": 1.1261802261008529, "jain_fairness": 0.3658443312567531}