{"country": "DE", "mw": 10.0, "nodes": 6667, "layer": "pue", "mechanism": "GridPilot-PUE", "seed": 20260523, "n_jobs": 360139, "energy_kwh": 65868.67166670637, "co2_g_it": 16678427.589075673, "co2_g_facility": 36375658.61641411, "co2_tonnes_y": 202.92086900042068, "cfe_pct": 66.05783801392477, "cfe_abs_pct": 0.0, "ci_weighted_mean": 350.9380806044408, "p50_slowdown": 2640.616666666667, "p95_slowdown": 2640.633333333333, "p99_slowdown": 2640.65, "avg_pue": 2.180932192389169, "jain_fairness": 0.8263755583675436}