{"country": "DE", "mw": 50.0, "nodes": 33333, "layer": "pue", "mechanism": "GridPilot-PUE", "seed": 20260521, "n_jobs": 360139, "energy_kwh": 327923.1595830202, "co2_g_it": 82696751.43799883, "co2_g_facility": 1960778910.1834984, "co2_tonnes_y": 1006.143809162319, "cfe_pct": 66.44020023000995, "cfe_abs_pct": 0.0, "ci_weighted_mean": 349.73282178837366, "p50_slowdown": 2640.616666666667, "p95_slowdown": 2640.633333333333, "p99_slowdown": 2640.65, "avg_pue": 23.710413543191176, "jain_fairness": 0.8246466180151095}