{"country": "DE", "mw": 1.0, "nodes": 667, "layer": "fsla", "mechanism": "M0", "seed": 20260524, "n_jobs": 360139, "energy_kwh": 9309.990416634086, "co2_g_it": 2503701.2928717737, "co2_g_facility": 2819618.888097819, "co2_tonnes_y": 30.461699063273244, "cfe_pct": 60.188147410269956, "cfe_abs_pct": 0.0, "ci_weighted_mean": 343.7812730650624, "p50_slowdown": 11280.616666666667, "p95_slowdown": 11280.633333333333, "p99_slowdown": 11280.633333333333, "avg_pue": 1.1261802261008529, "jain_fairness": 0.3658141307381082}