{"country": "DE", "mw": 50.0, "nodes": 33333, "layer": "fsla", "mechanism": "M3", "seed": 20260520, "n_jobs": 360139, "energy_kwh": 447157.0345806603, "co2_g_it": 120052622.20088851, "co2_g_facility": 2846474706.150162, "co2_tonnes_y": 1460.6402367774767, "cfe_pct": 60.35488469018205, "cfe_abs_pct": 0.0, "ci_weighted_mean": 332.5111885522429, "p50_slowdown": 11280.616666666667, "p95_slowdown": 11280.633333333333, "p99_slowdown": 11280.633333333333, "avg_pue": 23.710107697985464, "jain_fairness": 0.35038717475591513}