{"country": "DE", "mw": 1.0, "nodes": 667, "layer": "pue", "mechanism": "GridPilot-PUE", "seed": 20260517, "n_jobs": 360139, "energy_kwh": 6922.265416662387, "co2_g_it": 1754528.3782411884, "co2_g_facility": 1975915.1657083197, "co2_tonnes_y": 21.346761935267793, "cfe_pct": 65.96287863842726, "cfe_abs_pct": 0.0, "ci_weighted_mean": 357.9075779889063, "p50_slowdown": 2640.616666666667, "p95_slowdown": 2640.633333333333, "p99_slowdown": 2640.65, "avg_pue": 1.1261802261008524, "jain_fairness": 0.8533238420953616}