{"country": "DE", "mw": 50.0, "nodes": 33333, "layer": "pue", "mechanism": "GridPilot-PUE", "seed": 20260517, "n_jobs": 360139, "energy_kwh": 327843.2595830214, "co2_g_it": 83063670.74318102, "co2_g_facility": 1969473844.280902, "co2_tonnes_y": 1010.6079940420357, "cfe_pct": 65.99932904582549, "cfe_abs_pct": 0.0, "ci_weighted_mean": 350.5963131131858, "p50_slowdown": 2640.616666666667, "p95_slowdown": 2640.633333333333, "p99_slowdown": 2640.65, "avg_pue": 23.710383531003966, "jain_fairness": 0.8252267263612014}