{"country": "DE", "mw": 10.0, "nodes": 6667, "layer": "pue", "mechanism": "none", "seed": 20260522, "n_jobs": 359481, "energy_kwh": 1889310.0, "co2_g_it": 586635173.1670836, "co2_g_facility": 1279457887.3034503, "co2_tonnes_y": 7137.3946068661835, "cfe_pct": 44.66309957637975, "cfe_abs_pct": 0.0, "ci_weighted_mean": 333.243355923108, "p50_slowdown": 11280.616666666667, "p95_slowdown": 11280.633333333333, "p99_slowdown": 11280.633333333333, "avg_pue": 2.181034237118367, "jain_fairness": 0.3529043772341174}