{"country": "DE", "mw": 1.0, "nodes": 667, "layer": "fsla", "mechanism": "M2", "seed": 20260517, "n_jobs": 360139, "energy_kwh": 9312.665416634061, "co2_g_it": 2502345.9135971423, "co2_g_facility": 2818092.4867598824, "co2_tonnes_y": 30.4452086154319, "cfe_pct": 60.27133970929416, "cfe_abs_pct": 0.0, "ci_weighted_mean": 343.74814489510015, "p50_slowdown": 11280.616666666667, "p95_slowdown": 11280.633333333333, "p99_slowdown": 11280.633333333333, "avg_pue": 1.1261802261008529, "jain_fairness": 0.35748052613516557}