{"country": "DE", "mw": 10.0, "nodes": 6667, "layer": "pue", "mechanism": "GridPilot-PUE", "seed": 20260519, "n_jobs": 360139, "energy_kwh": 65875.72166670643, "co2_g_it": 16715980.845210023, "co2_g_facility": 36455047.799370214, "co2_tonnes_y": 203.37776695005527, "cfe_pct": 65.85508800185615, "cfe_abs_pct": 0.0, "ci_weighted_mean": 351.30606166042105, "p50_slowdown": 2640.616666666667, "p95_slowdown": 2640.633333333333, "p99_slowdown": 2640.65, "avg_pue": 2.180918774748072, "jain_fairness": 0.8250224620794723}