{"country": "DE", "mw": 50.0, "nodes": 33333, "layer": "fsla", "mechanism": "M2", "seed": 20260523, "n_jobs": 360139, "energy_kwh": 447202.08458065917, "co2_g_it": 120025796.22712839, "co2_g_facility": 2845839078.6636114, "co2_tonnes_y": 1460.3138540967286, "cfe_pct": 60.38738368250191, "cfe_abs_pct": 0.0, "ci_weighted_mean": 332.4617163183799, "p50_slowdown": 11280.616666666667, "p95_slowdown": 11280.633333333333, "p99_slowdown": 11280.633333333333, "avg_pue": 23.71010769819009, "jain_fairness": 0.34978716204782867}