{"country": "DE", "mw": 50.0, "nodes": 33333, "layer": "fsla", "mechanism": "M2", "seed": 20260519, "n_jobs": 360139, "energy_kwh": 447151.08458066033, "co2_g_it": 120034191.3517038, "co2_g_facility": 2846037568.4513693, "co2_tonnes_y": 1460.4159947790627, "cfe_pct": 60.368942163663334, "cfe_abs_pct": 0.0, "ci_weighted_mean": 332.5070565733767, "p50_slowdown": 11280.616666666667, "p95_slowdown": 11280.633333333333, "p99_slowdown": 11280.633333333333, "avg_pue": 23.710107697576213, "jain_fairness": 0.3506186147691878}