{"country": "DE", "mw": 10.0, "nodes": 6667, "layer": "pue", "mechanism": "GridPilot-PUE", "seed": 20260524, "n_jobs": 360139, "energy_kwh": 65844.89666670602, "co2_g_it": 16678276.744932452, "co2_g_facility": 36378742.68964497, "co2_tonnes_y": 202.9190337300115, "cfe_pct": 66.02455339257256, "cfe_abs_pct": 0.0, "ci_weighted_mean": 351.01126715241764, "p50_slowdown": 2640.616666666667, "p95_slowdown": 2640.633333333333, "p99_slowdown": 2640.65, "avg_pue": 2.181012520233701, "jain_fairness": 0.8287586610386897}