{"country": "DE", "mw": 1.0, "nodes": 667, "layer": "pue", "mechanism": "GridPilot-PUE", "seed": 20260519, "n_jobs": 360139, "energy_kwh": 6923.265416662374, "co2_g_it": 1753425.349359735, "co2_g_facility": 1974672.9563932177, "co2_tonnes_y": 21.333341750543443, "cfe_pct": 66.03604233249638, "cfe_abs_pct": 0.0, "ci_weighted_mean": 358.1175044073388, "p50_slowdown": 2640.616666666667, "p95_slowdown": 2640.633333333333, "p99_slowdown": 2640.65, "avg_pue": 1.1261802261008524, "jain_fairness": 0.8518179154019616}