{"country": "DE", "mw": 50.0, "nodes": 33333, "layer": "fsla", "mechanism": "M3", "seed": 20260518, "n_jobs": 360139, "energy_kwh": 447144.2845806605, "co2_g_it": 120049479.41892707, "co2_g_facility": 2846400188.680249, "co2_tonnes_y": 1460.601999596946, "cfe_pct": 60.35465058023977, "cfe_abs_pct": 0.0, "ci_weighted_mean": 332.5097355522698, "p50_slowdown": 11280.616666666667, "p95_slowdown": 11280.633333333333, "p99_slowdown": 11280.633333333333, "avg_pue": 23.710107696962332, "jain_fairness": 0.3506255580690822}