{"country": "DE", "mw": 10.0, "nodes": 6667, "layer": "fsla", "mechanism": "M3", "seed": 20260523, "n_jobs": 360139, "energy_kwh": 89740.6716670208, "co2_g_it": 24084810.811549556, "co2_g_facility": 52531470.88828615, "co2_tonnes_y": 293.0318648738529, "cfe_pct": 60.39127270783842, "cfe_abs_pct": 0.0, "ci_weighted_mean": 333.28920342935857, "p50_slowdown": 11280.616666666667, "p95_slowdown": 11280.633333333333, "p99_slowdown": 11280.633333333333, "avg_pue": 2.1809844564492553, "jain_fairness": 0.34821134444248747}