{"country": "DE", "mw": 50.0, "nodes": 33333, "layer": "fsla", "mechanism": "M3", "seed": 20260524, "n_jobs": 360139, "energy_kwh": 447151.08458066033, "co2_g_it": 120037523.46906339, "co2_g_facility": 2846116669.702305, "co2_tonnes_y": 1460.456535540271, "cfe_pct": 60.366159531114846, "cfe_abs_pct": 0.0, "ci_weighted_mean": 332.4999919838374, "p50_slowdown": 11280.616666666667, "p95_slowdown": 11280.633333333333, "p99_slowdown": 11280.633333333333, "avg_pue": 23.710107697576213, "jain_fairness": 0.3506119542298469}