{"country": "DE", "mw": 1.0, "nodes": 667, "layer": "pue", "mechanism": "GridPilot-PUE", "seed": 20260524, "n_jobs": 360139, "energy_kwh": 6919.865416662396, "co2_g_it": 1755757.3257039695, "co2_g_facility": 1977299.1820398136, "co2_tonnes_y": 21.361714129398294, "cfe_pct": 65.86373571650685, "cfe_abs_pct": 0.0, "ci_weighted_mean": 357.934187335708, "p50_slowdown": 2640.616666666667, "p95_slowdown": 2640.633333333333, "p99_slowdown": 2640.65, "avg_pue": 1.1261802261008524, "jain_fairness": 0.8564046943166361}