{"country": "DE", "mw": 1.0, "nodes": 667, "layer": "pue", "mechanism": "GridPilot-PUE", "seed": 20260520, "n_jobs": 360139, "energy_kwh": 6922.365416662386, "co2_g_it": 1748748.7687104456, "co2_g_facility": 1969406.283740218, "co2_tonnes_y": 21.276443352643753, "cfe_pct": 66.27601553858001, "cfe_abs_pct": 0.0, "ci_weighted_mean": 357.666126887045, "p50_slowdown": 2640.616666666667, "p95_slowdown": 2640.633333333333, "p99_slowdown": 2640.65, "avg_pue": 1.1261802261008524, "jain_fairness": 0.8531518105894099}