{"country": "DE", "mw": 50.0, "nodes": 33333, "layer": "pue", "mechanism": "GridPilot-PUE", "seed": 20260523, "n_jobs": 360139, "energy_kwh": 327839.0095830213, "co2_g_it": 83015635.35638353, "co2_g_facility": 1968341289.434886, "co2_tonnes_y": 1010.0235635026662, "cfe_pct": 66.05281555794966, "cfe_abs_pct": 0.0, "ci_weighted_mean": 350.4385169730341, "p50_slowdown": 2640.616666666667, "p95_slowdown": 2640.633333333333, "p99_slowdown": 2640.65, "avg_pue": 23.710413540568222, "jain_fairness": 0.8254881895889677}