{"country": "DE", "mw": 10.0, "nodes": 6667, "layer": "pue", "mechanism": "GridPilot-PUE", "seed": 20260522, "n_jobs": 360139, "energy_kwh": 65826.42166670586, "co2_g_it": 16679890.32523369, "co2_g_facility": 36378136.06989089, "co2_tonnes_y": 202.93866562367657, "cfe_pct": 65.98885379386644, "cfe_abs_pct": 0.0, "ci_weighted_mean": 350.50834797502944, "p50_slowdown": 2640.616666666667, "p95_slowdown": 2640.633333333333, "p99_slowdown": 2640.65, "avg_pue": 2.1808719116507054, "jain_fairness": 0.8308276117754924}