{"country": "DE", "mw": 1.0, "nodes": 667, "layer": "fsla", "mechanism": "M1", "seed": 20260520, "n_jobs": 360139, "energy_kwh": 9310.090416634084, "co2_g_it": 2504098.161939529, "co2_g_facility": 2820065.834194254, "co2_tonnes_y": 30.46652763693093, "cfe_pct": 60.17330822600701, "cfe_abs_pct": 0.0, "ci_weighted_mean": 343.78986512165466, "p50_slowdown": 11280.616666666667, "p95_slowdown": 11280.633333333333, "p99_slowdown": 11280.633333333333, "avg_pue": 1.1261802261008529, "jain_fairness": 0.3646651104942848}