{"country": "FR", "mw": 10.0, "nodes": 6667, "layer": "fsla", "mechanism": "M1", "seed": 20260522, "n_jobs": 360139, "energy_kwh": 89743.12166702084, "co2_g_it": 4767585.920836319, "co2_g_facility": 10397578.366449371, "co2_tonnes_y": 58.00562870350855, "cfe_pct": 46.561843791677646, "cfe_abs_pct": 100.0, "ci_weighted_mean": 58.212845724562655, "p50_slowdown": 11280.616666666667, "p95_slowdown": 11280.633333333333, "p99_slowdown": 11280.633333333333, "avg_pue": 2.1809296068038004, "jain_fairness": 0.34776197215353805}