{"country": "FR", "mw": 50.0, "nodes": 33333, "layer": "pue", "mechanism": "GridPilot-PUE", "seed": 20260522, "n_jobs": 360139, "energy_kwh": 327585.7095830263, "co2_g_it": 17084841.829314012, "co2_g_facility": 405088996.58985555, "co2_tonnes_y": 207.86557558998712, "cfe_pct": 50.12147022081077, "cfe_abs_pct": 100.0, "ci_weighted_mean": 59.590999988774534, "p50_slowdown": 2640.616666666667, "p95_slowdown": 2640.633333333333, "p99_slowdown": 2640.65, "avg_pue": 23.710413539693903, "jain_fairness": 0.8299677740035191}