{"country": "FR", "mw": 50.0, "nodes": 33333, "layer": "pue", "mechanism": "GridPilot-PUE", "seed": 20260519, "n_jobs": 360139, "energy_kwh": 327827.10958302184, "co2_g_it": 17099995.0742958, "co2_g_facility": 405447110.65368885, "co2_tonnes_y": 208.0499400705989, "cfe_pct": 50.09280581776838, "cfe_abs_pct": 100.0, "ci_weighted_mean": 59.64124548599472, "p50_slowdown": 2640.616666666667, "p95_slowdown": 2640.633333333333, "p99_slowdown": 2640.65, "avg_pue": 23.710383531003966, "jain_fairness": 0.8251635856810263}