{"country": "FR", "mw": 50.0, "nodes": 33333, "layer": "fsla", "mechanism": "M1", "seed": 20260519, "n_jobs": 360139, "energy_kwh": 447150.23458066036, "co2_g_it": 23759595.425751302, "co2_g_facility": 563344542.9885205, "co2_tonnes_y": 289.07507767997413, "cfe_pct": 46.5222780505491, "cfe_abs_pct": 100.0, "ci_weighted_mean": 58.152107727772176, "p50_slowdown": 11280.616666666667, "p95_slowdown": 11280.633333333333, "p99_slowdown": 11280.633333333333, "avg_pue": 23.710107697576213, "jain_fairness": 0.3503146489895007}