{"country": "FR", "mw": 50.0, "nodes": 33333, "layer": "fsla", "mechanism": "M0", "seed": 20260517, "n_jobs": 360139, "energy_kwh": 447264.98458065826, "co2_g_it": 23762890.415564124, "co2_g_facility": 563422922.5793048, "co2_tonnes_y": 289.1151667226968, "cfe_pct": 46.54524685896769, "cfe_abs_pct": 100.0, "ci_weighted_mean": 58.15511304555584, "p50_slowdown": 11280.616666666667, "p95_slowdown": 11280.633333333333, "p99_slowdown": 11280.633333333333, "avg_pue": 23.71010770003174, "jain_fairness": 0.3504084950711421}