{"country": "FR", "mw": 10.0, "nodes": 6667, "layer": "pue", "mechanism": "GridPilot-PUE", "seed": 20260519, "n_jobs": 360139, "energy_kwh": 65866.22166670632, "co2_g_it": 3436096.2703851936, "co2_g_facility": 7494179.506829525, "co2_tonnes_y": 41.80583795635319, "cfe_pct": 50.07015039349689, "cfe_abs_pct": 99.99999999999999, "ci_weighted_mean": 59.680377788954615, "p50_slowdown": 2640.616666666667, "p95_slowdown": 2640.633333333333, "p99_slowdown": 2640.65, "avg_pue": 2.180891997338477, "jain_fairness": 0.8266092118015891}