{"country": "FR", "mw": 1.0, "nodes": 667, "layer": "fsla", "mechanism": "M1", "seed": 20260524, "n_jobs": 360139, "energy_kwh": 9309.990416634086, "co2_g_it": 495098.5187968548, "co2_g_facility": 557570.1618409336, "co2_tonnes_y": 6.023698645361733, "cfe_pct": 46.36217186798731, "cfe_abs_pct": 100.0, "ci_weighted_mean": 59.04372144763571, "p50_slowdown": 11280.616666666667, "p95_slowdown": 11280.633333333333, "p99_slowdown": 11280.633333333333, "avg_pue": 1.1261802261008529, "jain_fairness": 0.3658141307381082}