{"country": "FR", "mw": 10.0, "nodes": 6667, "layer": "pue", "mechanism": "GridPilot-PUE", "seed": 20260523, "n_jobs": 360139, "energy_kwh": 65858.0216667062, "co2_g_it": 3433485.9160641967, "co2_g_facility": 7487925.3634541305, "co2_tonnes_y": 41.77407864544772, "cfe_pct": 50.19164213903124, "cfe_abs_pct": 100.0, "ci_weighted_mean": 59.638815251638604, "p50_slowdown": 2640.616666666667, "p95_slowdown": 2640.633333333333, "p99_slowdown": 2640.65, "avg_pue": 2.1809589531384876, "jain_fairness": 0.5522134310261879}