{"country": "FR", "mw": 50.0, "nodes": 33333, "layer": "fsla", "mechanism": "M2", "seed": 20260523, "n_jobs": 360139, "energy_kwh": 447202.08458065917, "co2_g_it": 23760255.48641076, "co2_g_facility": 563360319.7145545, "co2_tonnes_y": 289.08310841799755, "cfe_pct": 46.53945199281943, "cfe_abs_pct": 100.0, "ci_weighted_mean": 58.14850827300468, "p50_slowdown": 11280.616666666667, "p95_slowdown": 11280.633333333333, "p99_slowdown": 11280.633333333333, "avg_pue": 23.71010769819009, "jain_fairness": 0.34978716204782867}