{"country": "FR", "mw": 1.0, "nodes": 667, "layer": "fsla", "mechanism": "M0", "seed": 20260521, "n_jobs": 360139, "energy_kwh": 9314.240416634044, "co2_g_it": 495020.88321128965, "co2_g_facility": 557482.7301796544, "co2_tonnes_y": 6.02275407907069, "cfe_pct": 46.48168286656508, "cfe_abs_pct": 100.0, "ci_weighted_mean": 59.03893959632612, "p50_slowdown": 11280.616666666667, "p95_slowdown": 11280.633333333333, "p99_slowdown": 11280.633333333333, "avg_pue": 1.1261802261008529, "jain_fairness": 0.3546604681422731}