{"country": "FR", "mw": 1.0, "nodes": 667, "layer": "pue", "mechanism": "none", "seed": 20260519, "n_jobs": 359678, "energy_kwh": 189094.5, "co2_g_it": 10599980.706029518, "co2_g_facility": 11937488.668181006, "co2_tonnes_y": 128.96643192335912, "cfe_pct": 35.81432828606616, "cfe_abs_pct": 100.0, "ci_weighted_mean": 59.038290359315845, "p50_slowdown": 11280.616666666667, "p95_slowdown": 11280.633333333333, "p99_slowdown": 11280.633333333333, "avg_pue": 1.126180226100853, "jain_fairness": 0.3649949360107369}