{"country": "FR", "mw": 50.0, "nodes": 33333, "layer": "pue", "mechanism": "GridPilot-PUE", "seed": 20260518, "n_jobs": 360139, "energy_kwh": 328165.4345830165, "co2_g_it": 17058832.796344545, "co2_g_facility": 404470569.4632614, "co2_tonnes_y": 207.54913235552527, "cfe_pct": 50.749771868860336, "cfe_abs_pct": 100.0, "ci_weighted_mean": 59.6041699219065, "p50_slowdown": 2640.616666666667, "p95_slowdown": 2640.633333333333, "p99_slowdown": 2640.65, "avg_pue": 23.710413549311397, "jain_fairness": 0.8183776604875224}