{"country": "FR", "mw": 1.0, "nodes": 667, "layer": "fsla", "mechanism": "M0", "seed": 20260519, "n_jobs": 360139, "energy_kwh": 9309.990416634086, "co2_g_it": 495125.7048447308, "co2_g_facility": 557600.7782304762, "co2_tonnes_y": 6.024029408944224, "cfe_pct": 46.351466971787474, "cfe_abs_pct": 100.0, "ci_weighted_mean": 59.04432431020095, "p50_slowdown": 11280.616666666667, "p95_slowdown": 11280.633333333333, "p99_slowdown": 11280.633333333333, "avg_pue": 1.1261802261008529, "jain_fairness": 0.36588208237472175}