{"country": "FR", "mw": 50.0, "nodes": 33333, "layer": "pue", "mechanism": "GridPilot-PUE", "seed": 20260524, "n_jobs": 360139, "energy_kwh": 327685.15958302474, "co2_g_it": 17085182.07408982, "co2_g_facility": 405097400.90210885, "co2_tonnes_y": 207.86971523475947, "cfe_pct": 50.17568937001266, "cfe_abs_pct": 100.0, "ci_weighted_mean": 59.62629785158996, "p50_slowdown": 2640.616666666667, "p95_slowdown": 2640.633333333333, "p99_slowdown": 2640.65, "avg_pue": 23.710413540568222, "jain_fairness": 0.8286067212184001}