{"country": "FR", "mw": 50.0, "nodes": 33333, "layer": "pue", "mechanism": "GridPilot-PUE", "seed": 20260520, "n_jobs": 360139, "energy_kwh": 327801.6095830221, "co2_g_it": 17067219.26112801, "co2_g_facility": 404668421.64609474, "co2_tonnes_y": 207.6511676770574, "cfe_pct": 50.44447611430078, "cfe_abs_pct": 100.0, "ci_weighted_mean": 59.57578667417302, "p50_slowdown": 2640.616666666667, "p95_slowdown": 2640.633333333333, "p99_slowdown": 2640.65, "avg_pue": 23.710383532752598, "jain_fairness": 0.8250999164576499}