{"country": "FR", "mw": 10.0, "nodes": 6667, "layer": "pue", "mechanism": "GridPilot-PUE", "seed": 20260520, "n_jobs": 360139, "energy_kwh": 65861.17166670629, "co2_g_it": 3429736.030628656, "co2_g_facility": 7479397.370168561, "co2_tonnes_y": 41.728455039315314, "cfe_pct": 50.409507983738095, "cfe_abs_pct": 100.0, "ci_weighted_mean": 59.62419636739016, "p50_slowdown": 2640.616666666667, "p95_slowdown": 2640.633333333333, "p99_slowdown": 2640.65, "avg_pue": 2.1809053974424355, "jain_fairness": 0.8279505065344692}