{"country": "FR", "mw": 1.0, "nodes": 667, "layer": "fsla", "mechanism": "M0", "seed": 20260517, "n_jobs": 360139, "energy_kwh": 9312.540416634061, "co2_g_it": 495088.9687809838, "co2_g_facility": 557559.4068019234, "co2_tonnes_y": 6.0235824535019695, "cfe_pct": 46.419313930570006, "cfe_abs_pct": 100.0, "ci_weighted_mean": 59.04371136028749, "p50_slowdown": 11280.616666666667, "p95_slowdown": 11280.633333333333, "p99_slowdown": 11280.633333333333, "avg_pue": 1.1261802261008529, "jain_fairness": 0.35816940804159875}