{"country": "FR", "mw": 50.0, "nodes": 33333, "layer": "fsla", "mechanism": "M2", "seed": 20260522, "n_jobs": 360139, "energy_kwh": 447218.2345806591, "co2_g_it": 23756046.394443672, "co2_g_facility": 563260536.6360056, "co2_tonnes_y": 289.0318977990646, "cfe_pct": 46.58098854159251, "cfe_abs_pct": 100.0, "ci_weighted_mean": 58.14534826831946, "p50_slowdown": 11280.616666666667, "p95_slowdown": 11280.633333333333, "p99_slowdown": 11280.633333333333, "avg_pue": 23.710107697985464, "jain_fairness": 0.35063715916853355}