{"country": "FR", "mw": 10.0, "nodes": 6667, "layer": "pue", "mechanism": "GridPilot-PUE", "seed": 20260522, "n_jobs": 360139, "energy_kwh": 65819.17166670579, "co2_g_it": 3432301.745258462, "co2_g_facility": 7486201.93234588, "co2_tonnes_y": 41.759671233977954, "cfe_pct": 50.144786277243384, "cfe_abs_pct": 100.0, "ci_weighted_mean": 59.63237243085249, "p50_slowdown": 2640.616666666667, "p95_slowdown": 2640.633333333333, "p99_slowdown": 2640.65, "avg_pue": 2.180945549527115, "jain_fairness": 0.8324768935657582}