{"country": "FR", "mw": 50.0, "nodes": 33333, "layer": "fsla", "mechanism": "none", "seed": 20260522, "n_jobs": 360139, "energy_kwh": 307516.9287499389, "co2_g_it": 15980196.191607155, "co2_g_facility": 378895218.15427643, "co2_tonnes_y": 194.4257203312204, "cfe_pct": 50.812683642863036, "cfe_abs_pct": 100.0, "ci_weighted_mean": 58.99856922184182, "p50_slowdown": 1260.6166666666666, "p95_slowdown": 1260.65, "p99_slowdown": 1260.65, "avg_pue": 23.71054216506039, "jain_fairness": 0.9801652801547938}