{"country": "FR", "mw": 1.0, "nodes": 667, "layer": "fsla", "mechanism": "M1", "seed": 20260523, "n_jobs": 360139, "energy_kwh": 9311.015416634076, "co2_g_it": 495124.4952748322, "co2_g_facility": 557599.4160367836, "co2_tonnes_y": 6.024014692510458, "cfe_pct": 46.37340562420806, "cfe_abs_pct": 100.0, "ci_weighted_mean": 59.04149163809231, "p50_slowdown": 11280.616666666667, "p95_slowdown": 11280.633333333333, "p99_slowdown": 11280.633333333333, "avg_pue": 1.1261802261008529, "jain_fairness": 0.36241422036705423}