{"country": "FR", "mw": 50.0, "nodes": 33333, "layer": "pue", "mechanism": "GridPilot-PUE", "seed": 20260517, "n_jobs": 360139, "energy_kwh": 327807.559583022, "co2_g_it": 17091449.7047286, "co2_g_facility": 405244349.9386703, "co2_tonnes_y": 207.9459714075313, "cfe_pct": 50.17696632568679, "cfe_abs_pct": 100.0, "ci_weighted_mean": 59.633161045960875, "p50_slowdown": 2640.616666666667, "p95_slowdown": 2640.633333333333, "p99_slowdown": 2640.65, "avg_pue": 23.710383531878282, "jain_fairness": 0.8250919699234931}