{"country": "FR", "mw": 1.0, "nodes": 667, "layer": "fsla", "mechanism": "M2", "seed": 20260520, "n_jobs": 360139, "energy_kwh": 9310.090416634084, "co2_g_it": 495132.34060922783, "co2_g_facility": 557608.251297238, "co2_tonnes_y": 6.024110144078938, "cfe_pct": 46.350948175035015, "cfe_abs_pct": 100.0, "ci_weighted_mean": 59.0443827119436, "p50_slowdown": 11280.616666666667, "p95_slowdown": 11280.633333333333, "p99_slowdown": 11280.633333333333, "avg_pue": 1.1261802261008529, "jain_fairness": 0.3646651104942848}