{"country": "FR", "mw": 1.0, "nodes": 667, "layer": "pue", "mechanism": "GridPilot-PUE", "seed": 20260521, "n_jobs": 360139, "energy_kwh": 6923.765416662369, "co2_g_it": 360130.18098260835, "co2_g_facility": 405571.4886448827, "co2_tonnes_y": 4.3815838686217345, "cfe_pct": 50.63534606574876, "cfe_abs_pct": 100.0, "ci_weighted_mean": 60.1775949038712, "p50_slowdown": 2640.616666666667, "p95_slowdown": 2640.633333333333, "p99_slowdown": 2640.65, "avg_pue": 1.1261802261008524, "jain_fairness": 0.8517508424288248}