{"country": "FR", "mw": 1.0, "nodes": 667, "layer": "pue", "mechanism": "GridPilot-PUE", "seed": 20260520, "n_jobs": 360139, "energy_kwh": 6921.640416662392, "co2_g_it": 360518.1017553113, "co2_g_facility": 406008.3573483941, "co2_tonnes_y": 4.3863035713562875, "cfe_pct": 50.3713496950989, "cfe_abs_pct": 100.0, "ci_weighted_mean": 60.17955252726376, "p50_slowdown": 2640.616666666667, "p95_slowdown": 2640.633333333333, "p99_slowdown": 2640.65, "avg_pue": 1.1261802261008524, "jain_fairness": 0.8515848388238049}