{"country": "FR", "mw": 10.0, "nodes": 6667, "layer": "pue", "mechanism": "GridPilot-PUE", "seed": 20260521, "n_jobs": 360139, "energy_kwh": 65878.34666670648, "co2_g_it": 3425955.374174525, "co2_g_facility": 7471687.338234539, "co2_tonnes_y": 41.68245705245672, "cfe_pct": 50.66966111538932, "cfe_abs_pct": 99.99999999999999, "ci_weighted_mean": 59.61668046845978, "p50_slowdown": 2640.616666666667, "p95_slowdown": 2640.633333333333, "p99_slowdown": 2640.65, "avg_pue": 2.1809857401935275, "jain_fairness": 0.825287539045706}