{"country": "FR", "mw": 10.0, "nodes": 6667, "layer": "fsla", "mechanism": "M2", "seed": 20260520, "n_jobs": 360139, "energy_kwh": 89732.07166702075, "co2_g_it": 4768741.778712087, "co2_g_facility": 10401478.671036538, "co2_tonnes_y": 58.01969164099706, "cfe_pct": 46.49063933966913, "cfe_abs_pct": 100.0, "ci_weighted_mean": 58.21837499121773, "p50_slowdown": 11280.616666666667, "p95_slowdown": 11280.633333333333, "p99_slowdown": 11280.633333333333, "avg_pue": 2.1810110928623834, "jain_fairness": 0.3502872880301957}