{"country": "FR", "mw": 10.0, "nodes": 6667, "layer": "pue", "mechanism": "GridPilot-PUE", "seed": 20260518, "n_jobs": 360139, "energy_kwh": 65934.62166670727, "co2_g_it": 3427782.7641654583, "co2_g_facility": 7476098.407781713, "co2_tonnes_y": 41.7046902973464, "cfe_pct": 50.73077349552619, "cfe_abs_pct": 100.0, "ci_weighted_mean": 59.651598649751854, "p50_slowdown": 2640.616666666667, "p95_slowdown": 2640.633333333333, "p99_slowdown": 2640.65, "avg_pue": 2.1810593982376485, "jain_fairness": 0.8199610092295399}