{"country": "FR", "mw": 10.0, "nodes": 6667, "layer": "fsla", "mechanism": "M2", "seed": 20260519, "n_jobs": 360139, "energy_kwh": 89731.37166702075, "co2_g_it": 4768299.413892872, "co2_g_facility": 10400782.591347944, "co2_tonnes_y": 58.014309535696604, "cfe_pct": 46.507192160308925, "cfe_abs_pct": 100.0, "ci_weighted_mean": 58.216975254080154, "p50_slowdown": 11280.616666666667, "p95_slowdown": 11280.633333333333, "p99_slowdown": 11280.633333333333, "avg_pue": 2.1810518385595565, "jain_fairness": 0.3494711403076792}