{"country": "FR", "mw": 10.0, "nodes": 6667, "layer": "fsla", "mechanism": "none", "seed": 20260520, "n_jobs": 360139, "energy_kwh": 61803.22708334204, "co2_g_it": 3212218.1460245126, "co2_g_facility": 7005712.320696228, "co2_tonnes_y": 39.08198744329824, "cfe_pct": 50.7772376238974, "cfe_abs_pct": 100.0, "ci_weighted_mean": 59.033277998964294, "p50_slowdown": 1260.6166666666666, "p95_slowdown": 1260.65, "p99_slowdown": 1260.65, "avg_pue": 2.1811059509908817, "jain_fairness": 0.9809300735902445}