{"country": "FR", "mw": 1.0, "nodes": 667, "layer": "pue", "mechanism": "GridPilot-PUE", "seed": 20260524, "n_jobs": 360139, "energy_kwh": 6919.115416662405, "co2_g_it": 361024.8679291536, "co2_g_facility": 406579.06739262555, "co2_tonnes_y": 4.392469226471369, "cfe_pct": 50.03316968784085, "cfe_abs_pct": 100.0, "ci_weighted_mean": 60.206042885452035, "p50_slowdown": 2640.616666666667, "p95_slowdown": 2640.633333333333, "p99_slowdown": 2640.65, "avg_pue": 1.1261802261008524, "jain_fairness": 0.8566343922623006}