{"country": "FR", "mw": 10.0, "nodes": 6667, "layer": "fsla", "mechanism": "M1", "seed": 20260518, "n_jobs": 360139, "energy_kwh": 89729.97166702071, "co2_g_it": 4768627.54302739, "co2_g_facility": 10401407.546256965, "co2_tonnes_y": 58.01830177349991, "cfe_pct": 46.49074690356519, "cfe_abs_pct": 100.0, "ci_weighted_mean": 58.21838380711846, "p50_slowdown": 11280.616666666667, "p95_slowdown": 11280.633333333333, "p99_slowdown": 11280.633333333333, "avg_pue": 2.18103930096416, "jain_fairness": 0.35088269389845733}