{"country": "FR", "mw": 1.0, "nodes": 667, "layer": "fsla", "mechanism": "M1", "seed": 20260522, "n_jobs": 360139, "energy_kwh": 9311.440416634072, "co2_g_it": 495066.9398335613, "co2_g_facility": 557534.5982369267, "co2_tonnes_y": 6.023314434641662, "cfe_pct": 46.404963019785065, "cfe_abs_pct": 100.0, "ci_weighted_mean": 59.041760908002445, "p50_slowdown": 11280.616666666667, "p95_slowdown": 11280.633333333333, "p99_slowdown": 11280.633333333333, "avg_pue": 1.1261802261008529, "jain_fairness": 0.3575228799562701}