{"country": "FR", "mw": 50.0, "nodes": 33333, "layer": "fsla", "mechanism": "M2", "seed": 20260521, "n_jobs": 360139, "energy_kwh": 447338.08458065736, "co2_g_it": 23762702.01592142, "co2_g_facility": 563418790.4685533, "co2_tonnes_y": 289.1128745270439, "cfe_pct": 46.57861822054622, "cfe_abs_pct": 100.0, "ci_weighted_mean": 58.146308452479744, "p50_slowdown": 11280.616666666667, "p95_slowdown": 11280.633333333333, "p99_slowdown": 11280.633333333333, "avg_pue": 23.71010769819009, "jain_fairness": 0.3481924181032405}