{"country": "FR", "mw": 50.0, "nodes": 33333, "layer": "pue", "mechanism": "none", "seed": 20260518, "n_jobs": 359451, "energy_kwh": 9446452.5, "co2_g_it": 529535674.9632849, "co2_g_facility": 12555368457.286428, "co2_tonnes_y": 6442.6840453866325, "cfe_pct": 35.81418575698844, "cfe_abs_pct": 100.0, "ci_weighted_mean": 58.142061524424356, "p50_slowdown": 11280.616666666667, "p95_slowdown": 11280.633333333333, "p99_slowdown": 11280.633333333333, "avg_pue": 23.71011598405779, "jain_fairness": 0.3501090672703042}