{"country": "FR", "mw": 10.0, "nodes": 6667, "layer": "fsla", "mechanism": "M0", "seed": 20260521, "n_jobs": 360139, "energy_kwh": 89768.79666702119, "co2_g_it": 4768337.923746539, "co2_g_facility": 10400160.806540936, "co2_tonnes_y": 58.01477807224956, "cfe_pct": 46.58683544258075, "cfe_abs_pct": 99.99999999999999, "ci_weighted_mean": 58.21175658646364, "p50_slowdown": 11280.616666666667, "p95_slowdown": 11280.633333333333, "p99_slowdown": 11280.633333333333, "avg_pue": 2.18102363579355, "jain_fairness": 0.34958879850497254}