{"country": "FR", "mw": 1.0, "nodes": 667, "layer": "pue", "mechanism": "GridPilot-PUE", "seed": 20260522, "n_jobs": 360139, "energy_kwh": 6917.265416662426, "co2_g_it": 361070.72620937374, "co2_g_facility": 406630.71208100836, "co2_tonnes_y": 4.393027168880713, "cfe_pct": 49.95770866523632, "cfe_abs_pct": 100.0, "ci_weighted_mean": 60.204397983422155, "p50_slowdown": 2640.616666666667, "p95_slowdown": 2640.633333333333, "p99_slowdown": 2640.65, "avg_pue": 1.1261802261008524, "jain_fairness": 0.8586341914713042}