{"country": "FR", "mw": 50.0, "nodes": 33333, "layer": "fsla", "mechanism": "M3", "seed": 20260524, "n_jobs": 360139, "energy_kwh": 447151.08458066033, "co2_g_it": 23759780.263048142, "co2_g_facility": 563348937.7124026, "co2_tonnes_y": 289.0773265337524, "cfe_pct": 46.52113295744712, "cfe_abs_pct": 100.0, "ci_weighted_mean": 58.15145915912838, "p50_slowdown": 11280.616666666667, "p95_slowdown": 11280.633333333333, "p99_slowdown": 11280.633333333333, "avg_pue": 23.710107697576213, "jain_fairness": 0.3506119542298469}