{"country": "FR", "mw": 1.0, "nodes": 667, "layer": "fsla", "mechanism": "M0", "seed": 20260518, "n_jobs": 360139, "energy_kwh": 9309.840416634088, "co2_g_it": 495110.29244261543, "co2_g_facility": 557583.4210879795, "co2_tonnes_y": 6.023841891385154, "cfe_pct": 46.35439468565076, "cfe_abs_pct": 100.0, "ci_weighted_mean": 59.044145696751286, "p50_slowdown": 11280.616666666667, "p95_slowdown": 11280.633333333333, "p99_slowdown": 11280.633333333333, "avg_pue": 1.1261802261008529, "jain_fairness": 0.36537308599098}