{"country": "FR", "mw": 50.0, "nodes": 33333, "layer": "pue", "mechanism": "GridPilot-PUE", "seed": 20260523, "n_jobs": 360139, "energy_kwh": 327785.45958302246, "co2_g_it": 17086099.457917836, "co2_g_facility": 405119101.8146958, "co2_tonnes_y": 207.88087673800032, "cfe_pct": 50.223916426481665, "cfe_abs_pct": 100.0, "ci_weighted_mean": 59.623180407190816, "p50_slowdown": 2640.616666666667, "p95_slowdown": 2640.633333333333, "p99_slowdown": 2640.65, "avg_pue": 23.71041354231686, "jain_fairness": 0.8255529602405031}