{"country": "FR", "mw": 50.0, "nodes": 33333, "layer": "pue", "mechanism": "GridPilot-PUE", "seed": 20260521, "n_jobs": 360139, "energy_kwh": 327885.759583021, "co2_g_it": 17051170.584309444, "co2_g_facility": 404290520.1048815, "co2_tonnes_y": 207.4559087757649, "cfe_pct": 50.672894753226366, "cfe_abs_pct": 100.0, "ci_weighted_mean": 59.57302359466584, "p50_slowdown": 2640.616666666667, "p95_slowdown": 2640.633333333333, "p99_slowdown": 2640.65, "avg_pue": 23.710413543191176, "jain_fairness": 0.8242610230945538}