{"country": "FR", "mw": 1.0, "nodes": 667, "layer": "pue", "mechanism": "GridPilot-PUE", "seed": 20260523, "n_jobs": 360139, "energy_kwh": 6921.190416662399, "co2_g_it": 360913.9534318527, "co2_g_facility": 406454.1576789838, "co2_tonnes_y": 4.3911197667542075, "cfe_pct": 50.149264530575465, "cfe_abs_pct": 99.99999999999999, "ci_weighted_mean": 60.19796404465283, "p50_slowdown": 2640.616666666667, "p95_slowdown": 2640.633333333333, "p99_slowdown": 2640.65, "avg_pue": 1.1261802261008524, "jain_fairness": 0.8547403073188813}