{"country": "FR", "mw": 1.0, "nodes": 667, "layer": "fsla", "mechanism": "none", "seed": 20260517, "n_jobs": 360139, "energy_kwh": 6513.64833333228, "co2_g_it": 339766.98215424817, "co2_g_facility": 382638.85678406537, "co2_tonnes_y": 4.133831616210019, "cfe_pct": 50.09027651680453, "cfe_abs_pct": 100.0, "ci_weighted_mean": 59.53841895251539, "p50_slowdown": 1260.6166666666666, "p95_slowdown": 1260.65, "p99_slowdown": 1260.65, "avg_pue": 1.1261802261008529, "jain_fairness": 0.9844979662694929}