{"country": "FR", "mw": 50.0, "nodes": 33333, "layer": "fsla", "mechanism": "M1", "seed": 20260520, "n_jobs": 360139, "energy_kwh": 447157.0345806603, "co2_g_it": 23761137.028218098, "co2_g_facility": 563381122.4439033, "co2_tonnes_y": 289.09383384332017, "cfe_pct": 46.51260171893828, "cfe_abs_pct": 100.0, "ci_weighted_mean": 58.15232082997463, "p50_slowdown": 11280.616666666667, "p95_slowdown": 11280.633333333333, "p99_slowdown": 11280.633333333333, "avg_pue": 23.710107697985464, "jain_fairness": 0.35038717475591513}