{"country": "FR", "mw": 1.0, "nodes": 667, "layer": "pue", "mechanism": "GridPilot-PUE", "seed": 20260519, "n_jobs": 360139, "energy_kwh": 6922.215416662389, "co2_g_it": 360911.1192096679, "co2_g_facility": 406450.96583400347, "co2_tonnes_y": 4.391085283717626, "cfe_pct": 50.17907207880259, "cfe_abs_pct": 100.0, "ci_weighted_mean": 60.211545046902614, "p50_slowdown": 2640.616666666667, "p95_slowdown": 2640.633333333333, "p99_slowdown": 2640.65, "avg_pue": 1.1261802261008524, "jain_fairness": 0.8532605692599817}