{"country": "FR", "mw": 10.0, "nodes": 6667, "layer": "pue", "mechanism": "none", "seed": 20260522, "n_jobs": 359481, "energy_kwh": 1889310.0, "co2_g_it": 105907580.35166454, "co2_g_facility": 230986948.46249732, "co2_tonnes_y": 1288.5422276119184, "cfe_pct": 35.81544261377438, "cfe_abs_pct": 99.99999999999999, "ci_weighted_mean": 58.210408200982265, "p50_slowdown": 11280.616666666667, "p95_slowdown": 11280.633333333333, "p99_slowdown": 11280.633333333333, "avg_pue": 2.181034237118367, "jain_fairness": 0.3529043772341174}