{"country": "FR", "mw": 1.0, "nodes": 667, "layer": "pue", "mechanism": "GridPilot-PUE", "seed": 20260518, "n_jobs": 360139, "energy_kwh": 6928.990416662311, "co2_g_it": 359903.30476501817, "co2_g_facility": 405315.9851348546, "co2_tonnes_y": 4.378823541307721, "cfe_pct": 50.89916699806797, "cfe_abs_pct": 100.0, "ci_weighted_mean": 60.1783799641783, "p50_slowdown": 2640.616666666667, "p95_slowdown": 2640.633333333333, "p99_slowdown": 2640.65, "avg_pue": 1.1261802261008524, "jain_fairness": 0.8448997758298283}