{"country": "FR", "mw": 10.0, "nodes": 6667, "layer": "fsla", "mechanism": "M1", "seed": 20260517, "n_jobs": 360139, "energy_kwh": 89753.74666702101, "co2_g_it": 4768276.24034139, "co2_g_facility": 10400965.059469225, "co2_tonnes_y": 58.01402759082024, "cfe_pct": 46.556702764643006, "cfe_abs_pct": 100.0, "ci_weighted_mean": 58.21690009743868, "p50_slowdown": 11280.616666666667, "p95_slowdown": 11280.633333333333, "p99_slowdown": 11280.633333333333, "avg_pue": 2.1810142325456954, "jain_fairness": 0.3506295616882649}