{"country": "IT", "mw": 50.0, "nodes": 33333, "layer": "fsla", "mechanism": "M3", "seed": 20260523, "n_jobs": 360139, "energy_kwh": 447202.08458065917, "co2_g_it": 110260890.8688522, "co2_g_facility": 2614309119.2258034, "co2_tonnes_y": 1341.507505571035, "cfe_pct": 55.14263789658639, "cfe_abs_pct": 0.0, "ci_weighted_mean": 286.834786151563, "p50_slowdown": 11280.616666666667, "p95_slowdown": 11280.633333333333, "p99_slowdown": 11280.633333333333, "avg_pue": 23.71010769819009, "jain_fairness": 0.34978716204782867}