{"country": "IT", "mw": 1.0, "nodes": 667, "layer": "fsla", "mechanism": "M0", "seed": 20260523, "n_jobs": 360139, "energy_kwh": 9311.015416634076, "co2_g_it": 2298818.5640159543, "co2_g_facility": 2588884.010187543, "co2_tonnes_y": 27.968959195527443, "cfe_pct": 54.96098444135391, "cfe_abs_pct": 0.0, "ci_weighted_mean": 293.95919681328763, "p50_slowdown": 11280.616666666667, "p95_slowdown": 11280.633333333333, "p99_slowdown": 11280.633333333333, "avg_pue": 1.1261802261008529, "jain_fairness": 0.36241422036705423}