{"country": "IT", "mw": 1.0, "nodes": 667, "layer": "fsla", "mechanism": "M1", "seed": 20260522, "n_jobs": 360139, "energy_kwh": 9311.440416634072, "co2_g_it": 2298307.4371137237, "co2_g_facility": 2588308.389177211, "co2_tonnes_y": 27.962740484883636, "cfe_pct": 54.99684253993056, "cfe_abs_pct": 0.0, "ci_weighted_mean": 293.96138877533485, "p50_slowdown": 11280.616666666667, "p95_slowdown": 11280.633333333333, "p99_slowdown": 11280.633333333333, "avg_pue": 1.1261802261008529, "jain_fairness": 0.3575228799562701}