{"country": "IT", "mw": 50.0, "nodes": 33333, "layer": "fsla", "mechanism": "M0", "seed": 20260522, "n_jobs": 360139, "energy_kwh": 447218.2345806591, "co2_g_it": 110225779.81533812, "co2_g_facility": 2613476696.2128263, "co2_tonnes_y": 1341.0803210866136, "cfe_pct": 55.190014376557016, "cfe_abs_pct": 0.0, "ci_weighted_mean": 286.80915512659675, "p50_slowdown": 11280.616666666667, "p95_slowdown": 11280.633333333333, "p99_slowdown": 11280.633333333333, "avg_pue": 23.710107697985464, "jain_fairness": 0.35063715916853355}