{"country": "IT", "mw": 10.0, "nodes": 6667, "layer": "fsla", "mechanism": "M1", "seed": 20260523, "n_jobs": 360139, "energy_kwh": 89740.6716670208, "co2_g_it": 22125780.79643418, "co2_g_facility": 48258630.18029475, "co2_tonnes_y": 269.19699968994917, "cfe_pct": 55.14521881247396, "cfe_abs_pct": 0.0, "ci_weighted_mean": 287.3573967802126, "p50_slowdown": 11280.616666666667, "p95_slowdown": 11280.633333333333, "p99_slowdown": 11280.633333333333, "avg_pue": 2.1809844564492553, "jain_fairness": 0.34821134444248747}