{"country": "IT", "mw": 50.0, "nodes": 33333, "layer": "pue", "mechanism": "GridPilot-PUE", "seed": 20260523, "n_jobs": 360139, "energy_kwh": 327796.50958302215, "co2_g_it": 77883030.80909362, "co2_g_facility": 1846644141.287132, "co2_tonnes_y": 947.5768748439723, "cfe_pct": 59.9996115094964, "cfe_abs_pct": 0.0, "ci_weighted_mean": 298.37996101322835, "p50_slowdown": 2640.616666666667, "p95_slowdown": 2640.633333333333, "p99_slowdown": 2640.65, "avg_pue": 23.71041354231686, "jain_fairness": 0.8258179470521115}