{"country": "IT", "mw": 1.0, "nodes": 667, "layer": "pue", "mechanism": "GridPilot-PUE", "seed": 20260518, "n_jobs": 360139, "energy_kwh": 6929.115416662309, "co2_g_it": 1636903.0249030674, "co2_g_facility": 1843447.8186901892, "co2_tonnes_y": 19.915653469653986, "cfe_pct": 60.73679813456958, "cfe_abs_pct": 0.0, "ci_weighted_mean": 302.8472591882457, "p50_slowdown": 2640.616666666667, "p95_slowdown": 2640.633333333333, "p99_slowdown": 2640.65, "avg_pue": 1.1261802261008524, "jain_fairness": 0.8447026522353408}