{"country": "IT", "mw": 50.0, "nodes": 33333, "layer": "fsla", "mechanism": "M2", "seed": 20260521, "n_jobs": 360139, "energy_kwh": 447345.7345806573, "co2_g_it": 110263947.35142195, "co2_g_facility": 2614383950.6976438, "co2_tonnes_y": 1341.5446927756336, "cfe_pct": 55.1818453474809, "cfe_abs_pct": 0.0, "ci_weighted_mean": 286.82173118512264, "p50_slowdown": 11280.616666666667, "p95_slowdown": 11280.633333333333, "p99_slowdown": 11280.633333333333, "avg_pue": 23.710107697985464, "jain_fairness": 0.3476202529905974}