{"country": "IT", "mw": 50.0, "nodes": 33333, "layer": "pue", "mechanism": "GridPilot-PUE", "seed": 20260521, "n_jobs": 360139, "energy_kwh": 327904.45958302054, "co2_g_it": 77623008.24497114, "co2_g_facility": 1840477223.64553, "co2_tonnes_y": 944.4132669804823, "cfe_pct": 60.4717861750757, "cfe_abs_pct": 0.0, "ci_weighted_mean": 297.9379391534027, "p50_slowdown": 2640.616666666667, "p95_slowdown": 2640.633333333333, "p99_slowdown": 2640.65, "avg_pue": 23.710413543191176, "jain_fairness": 0.8246985807099703}