{"country": "IT", "mw": 1.0, "nodes": 667, "layer": "fsla", "mechanism": "M1", "seed": 20260519, "n_jobs": 360139, "energy_kwh": 9309.990416634086, "co2_g_it": 2298996.7796419146, "co2_g_facility": 2589084.7131014876, "co2_tonnes_y": 27.971127485643294, "cfe_pct": 54.935877477018714, "cfe_abs_pct": 0.0, "ci_weighted_mean": 293.98216121739694, "p50_slowdown": 11280.616666666667, "p95_slowdown": 11280.633333333333, "p99_slowdown": 11280.633333333333, "avg_pue": 1.1261802261008529, "jain_fairness": 0.36588208237472175}