{"country": "IT", "mw": 50.0, "nodes": 33333, "layer": "fsla", "mechanism": "none", "seed": 20260517, "n_jobs": 360139, "energy_kwh": 307516.9287499389, "co2_g_it": 72648591.8548139, "co2_g_facility": 1722521045.9542766, "co2_tonnes_y": 883.8912009002357, "cfe_pct": 60.73296072475116, "cfe_abs_pct": 0.0, "ci_weighted_mean": 293.3053003674111, "p50_slowdown": 1260.6166666666666, "p95_slowdown": 1260.65, "p99_slowdown": 1260.65, "avg_pue": 23.71054216506039, "jain_fairness": 0.9801652801547938}