{"country": "IT", "mw": 1.0, "nodes": 667, "layer": "pue", "mechanism": "GridPilot-PUE", "seed": 20260524, "n_jobs": 360139, "energy_kwh": 6919.6654166623985, "co2_g_it": 1646502.458668234, "co2_g_facility": 1854258.5111783084, "co2_tonnes_y": 20.032446580463514, "cfe_pct": 59.81007133562857, "cfe_abs_pct": 0.0, "ci_weighted_mean": 303.06406442322344, "p50_slowdown": 2640.616666666667, "p95_slowdown": 2640.633333333333, "p99_slowdown": 2640.65, "avg_pue": 1.1261802261008524, "jain_fairness": 0.8536164804562121}