{"country": "IT", "mw": 50.0, "nodes": 33333, "layer": "fsla", "mechanism": "M1", "seed": 20260517, "n_jobs": 360139, "energy_kwh": 447269.23458065826, "co2_g_it": 110274381.02798356, "co2_g_facility": 2614629979.57113, "co2_tonnes_y": 1341.6716358404665, "cfe_pct": 55.14635332675276, "cfe_abs_pct": 0.0, "ci_weighted_mean": 286.89001049665114, "p50_slowdown": 11280.616666666667, "p95_slowdown": 11280.633333333333, "p99_slowdown": 11280.633333333333, "avg_pue": 23.71010770003174, "jain_fairness": 0.3499842592614937}