{"country": "IT", "mw": 50.0, "nodes": 33333, "layer": "fsla", "mechanism": "M3", "seed": 20260520, "n_jobs": 360139, "energy_kwh": 447157.0345806603, "co2_g_it": 110275659.3706365, "co2_g_facility": 2614658844.09625, "co2_tonnes_y": 1341.6871890094105, "cfe_pct": 55.11127477531247, "cfe_abs_pct": 0.0, "ci_weighted_mean": 286.86569939251854, "p50_slowdown": 11280.616666666667, "p95_slowdown": 11280.633333333333, "p99_slowdown": 11280.633333333333, "avg_pue": 23.710107697985464, "jain_fairness": 0.35038717475591513}