{"country": "IT", "mw": 10.0, "nodes": 6667, "layer": "pue", "mechanism": "GridPilot-PUE", "seed": 20260524, "n_jobs": 360139, "energy_kwh": 65842.97166670598, "co2_g_it": 15648679.72480205, "co2_g_facility": 34132747.00278447, "co2_tonnes_y": 190.3922699850916, "cfe_pct": 59.96113081259426, "cfe_abs_pct": 0.0, "ci_weighted_mean": 298.72891541769707, "p50_slowdown": 2640.616666666667, "p95_slowdown": 2640.633333333333, "p99_slowdown": 2640.65, "avg_pue": 2.1809991446817665, "jain_fairness": 0.8293167169642603}