{"country": "IT", "mw": 10.0, "nodes": 6667, "layer": "pue", "mechanism": "GridPilot-PUE", "seed": 20260519, "n_jobs": 360139, "energy_kwh": 65871.72166670638, "co2_g_it": 15670679.709380168, "co2_g_facility": 34180019.77058484, "co2_tonnes_y": 190.65993646412537, "cfe_pct": 59.836338900358754, "cfe_abs_pct": 0.0, "ci_weighted_mean": 298.8255218019443, "p50_slowdown": 2640.616666666667, "p95_slowdown": 2640.633333333333, "p99_slowdown": 2640.65, "avg_pue": 2.180851839992643, "jain_fairness": 0.8263796506264522}