{"country": "IT", "mw": 10.0, "nodes": 6667, "layer": "fsla", "mechanism": "M0", "seed": 20260520, "n_jobs": 360139, "energy_kwh": 89732.07166702075, "co2_g_it": 22133387.9090408, "co2_g_facility": 48276694.810126655, "co2_tonnes_y": 269.28955289332976, "cfe_pct": 55.0864650422381, "cfe_abs_pct": 0.0, "ci_weighted_mean": 287.39205922051275, "p50_slowdown": 11280.616666666667, "p95_slowdown": 11280.633333333333, "p99_slowdown": 11280.633333333333, "avg_pue": 2.1810110928623834, "jain_fairness": 0.3502872880301957}