{"country": "IT", "mw": 1.0, "nodes": 667, "layer": "fsla", "mechanism": "M3", "seed": 20260518, "n_jobs": 360139, "energy_kwh": 9309.840416634088, "co2_g_it": 2298899.539975258, "co2_g_facility": 2588975.203711719, "co2_tonnes_y": 27.969944403032308, "cfe_pct": 54.93938200784355, "cfe_abs_pct": 0.0, "ci_weighted_mean": 293.98070950609844, "p50_slowdown": 11280.616666666667, "p95_slowdown": 11280.633333333333, "p99_slowdown": 11280.633333333333, "avg_pue": 1.1261802261008529, "jain_fairness": 0.36537308599098}