{"country": "IT", "mw": 10.0, "nodes": 6667, "layer": "fsla", "mechanism": "M3", "seed": 20260517, "n_jobs": 360139, "energy_kwh": 89754.79666702103, "co2_g_it": 22127853.781727936, "co2_g_facility": 48261556.9209782, "co2_tonnes_y": 269.22222101102324, "cfe_pct": 55.15373043052917, "cfe_abs_pct": 0.0, "ci_weighted_mean": 287.38861398289254, "p50_slowdown": 11280.616666666667, "p95_slowdown": 11280.633333333333, "p99_slowdown": 11280.633333333333, "avg_pue": 2.1810142317248102, "jain_fairness": 0.3508616958436647}