{"country": "IT", "mw": 50.0, "nodes": 33333, "layer": "fsla", "mechanism": "M3", "seed": 20260518, "n_jobs": 360139, "energy_kwh": 447144.2845806605, "co2_g_it": 110272683.21034725, "co2_g_facility": 2614588282.0959105, "co2_tonnes_y": 1341.650979059225, "cfe_pct": 55.11107092331125, "cfe_abs_pct": 0.0, "ci_weighted_mean": 286.86479399076745, "p50_slowdown": 11280.616666666667, "p95_slowdown": 11280.633333333333, "p99_slowdown": 11280.633333333333, "avg_pue": 23.710107696962332, "jain_fairness": 0.3506255580690822}