{"country": "IT", "mw": 10.0, "nodes": 6667, "layer": "fsla", "mechanism": "M3", "seed": 20260522, "n_jobs": 360139, "energy_kwh": 89743.12166702084, "co2_g_it": 22122523.203879505, "co2_g_facility": 48246882.45361813, "co2_tonnes_y": 269.15736564720066, "cfe_pct": 55.16854023904953, "cfe_abs_pct": 0.0, "ci_weighted_mean": 287.3471614577802, "p50_slowdown": 11280.616666666667, "p95_slowdown": 11280.633333333333, "p99_slowdown": 11280.633333333333, "avg_pue": 2.1809296068038004, "jain_fairness": 0.34776197215353805}