{"country": "IT", "mw": 10.0, "nodes": 6667, "layer": "pue", "mechanism": "GridPilot-PUE", "seed": 20260522, "n_jobs": 360139, "energy_kwh": 65823.97166670582, "co2_g_it": 15647526.577226935, "co2_g_facility": 34125661.09217727, "co2_tonnes_y": 190.3782400229277, "cfe_pct": 59.933444539089024, "cfe_abs_pct": 0.0, "ci_weighted_mean": 298.42244716831533, "p50_slowdown": 2640.616666666667, "p95_slowdown": 2640.633333333333, "p99_slowdown": 2640.65, "avg_pue": 2.180898690814013, "jain_fairness": 0.8315547296981252}