{"country": "IT", "mw": 1.0, "nodes": 667, "layer": "pue", "mechanism": "GridPilot-PUE", "seed": 20260519, "n_jobs": 360139, "energy_kwh": 6922.715416662381, "co2_g_it": 1644744.742816347, "co2_g_facility": 1852279.0063428085, "co2_tonnes_y": 20.011061037598886, "cfe_pct": 60.00450105095723, "cfe_abs_pct": 0.0, "ci_weighted_mean": 303.11779642216754, "p50_slowdown": 2640.616666666667, "p95_slowdown": 2640.633333333333, "p99_slowdown": 2640.65, "avg_pue": 1.1261802261008524, "jain_fairness": 0.8512052388123474}