{"country": "IT", "mw": 50.0, "nodes": 33333, "layer": "pue", "mechanism": "GridPilot-PUE", "seed": 20260518, "n_jobs": 360139, "energy_kwh": 328176.4845830163, "co2_g_it": 77639423.7003785, "co2_g_facility": 1840860811.5326035, "co2_tonnes_y": 944.612988354605, "cfe_pct": 60.55102394475431, "cfe_abs_pct": 0.0, "ci_weighted_mean": 298.20820898908835, "p50_slowdown": 2640.616666666667, "p95_slowdown": 2640.633333333333, "p99_slowdown": 2640.65, "avg_pue": 23.710413549311397, "jain_fairness": 0.818143417444907}