{"country": "IT", "mw": 10.0, "nodes": 6667, "layer": "pue", "mechanism": "GridPilot-PUE", "seed": 20260523, "n_jobs": 360139, "energy_kwh": 65860.47166670623, "co2_g_it": 15646594.083053121, "co2_g_facility": 34125475.01758841, "co2_tonnes_y": 190.3668946771463, "cfe_pct": 60.01252075243943, "cfe_abs_pct": 0.0, "ci_weighted_mean": 298.69447617189354, "p50_slowdown": 2640.616666666667, "p95_slowdown": 2640.633333333333, "p99_slowdown": 2640.65, "avg_pue": 2.181019225985236, "jain_fairness": 0.8268003904236035}