{"country": "IT", "mw": 10.0, "nodes": 6667, "layer": "pue", "mechanism": "none", "seed": 20260523, "n_jobs": 359481, "energy_kwh": 1889310.0, "co2_g_it": 513635949.20827794, "co2_g_facility": 1120248935.9997187, "co2_tonnes_y": 6249.237382034048, "cfe_pct": 41.42667200818168, "cfe_abs_pct": 0.0, "ci_weighted_mean": 287.32825571257035, "p50_slowdown": 11280.616666666667, "p95_slowdown": 11280.633333333333, "p99_slowdown": 11280.633333333333, "avg_pue": 2.181034237118367, "jain_fairness": 0.3529043772341174}