{"country": "IT", "mw": 50.0, "nodes": 33333, "layer": "pue", "mechanism": "GridPilot-PUE", "seed": 20260517, "n_jobs": 360139, "energy_kwh": 327830.5095830215, "co2_g_it": 77902522.92006682, "co2_g_facility": 1847099010.7724054, "co2_tonnes_y": 947.8140288608129, "cfe_pct": 59.98074172544054, "cfe_abs_pct": 0.0, "ci_weighted_mean": 298.4658039544225, "p50_slowdown": 2640.616666666667, "p95_slowdown": 2640.633333333333, "p99_slowdown": 2640.65, "avg_pue": 23.710383531003966, "jain_fairness": 0.8248208156720176}