{"country": "IT", "mw": 1.0, "nodes": 667, "layer": "fsla", "mechanism": "none", "seed": 20260517, "n_jobs": 360139, "energy_kwh": 6513.64833333228, "co2_g_it": 1549214.968293593, "co2_g_facility": 1744695.2632717502, "co2_tonnes_y": 18.848782114238713, "cfe_pct": 59.86645224987499, "cfe_abs_pct": 0.0, "ci_weighted_mean": 297.68521328184653, "p50_slowdown": 1260.6166666666666, "p95_slowdown": 1260.65, "p99_slowdown": 1260.65, "avg_pue": 1.1261802261008529, "jain_fairness": 0.9844979662694929}