{"country": "IT", "mw": 10.0, "nodes": 6667, "layer": "fsla", "mechanism": "M2", "seed": 20260518, "n_jobs": 360139, "energy_kwh": 89729.97166702071, "co2_g_it": 22132850.46257423, "co2_g_facility": 48276324.30139141, "co2_tonnes_y": 269.28301396131974, "cfe_pct": 55.08658257537112, "cfe_abs_pct": 0.0, "ci_weighted_mean": 287.39212709725615, "p50_slowdown": 11280.616666666667, "p95_slowdown": 11280.633333333333, "p99_slowdown": 11280.633333333333, "avg_pue": 2.18103930096416, "jain_fairness": 0.35088269389845733}