{"country": "IT", "mw": 10.0, "nodes": 6667, "layer": "fsla", "mechanism": "M3", "seed": 20260524, "n_jobs": 360139, "energy_kwh": 89731.37166702074, "co2_g_it": 22131119.32453373, "co2_g_facility": 48273277.64862435, "co2_tonnes_y": 269.261951781827, "cfe_pct": 55.0991244858247, "cfe_abs_pct": 0.0, "ci_weighted_mean": 287.3836001741501, "p50_slowdown": 11280.616666666667, "p95_slowdown": 11280.633333333333, "p99_slowdown": 11280.633333333333, "avg_pue": 2.1810424377743667, "jain_fairness": 0.3501348344928772}