{"country": "IT", "mw": 1.0, "nodes": 667, "layer": "pue", "mechanism": "GridPilot-PUE", "seed": 20260522, "n_jobs": 360139, "energy_kwh": 6917.790416662418, "co2_g_it": 1647200.6839116814, "co2_g_facility": 1855044.8386408396, "co2_tonnes_y": 20.040941654258788, "cfe_pct": 59.72041438436493, "cfe_abs_pct": 0.0, "ci_weighted_mean": 303.04922388057264, "p50_slowdown": 2640.616666666667, "p95_slowdown": 2640.633333333333, "p99_slowdown": 2640.65, "avg_pue": 1.1261802261008524, "jain_fairness": 0.8567193878323599}