{"country": "IT", "mw": 50.0, "nodes": 33333, "layer": "pue", "mechanism": "none", "seed": 20260517, "n_jobs": 359451, "energy_kwh": 9446452.5, "co2_g_it": 2568178079.8764586, "co2_g_facility": 60891913985.2066, "co2_tonnes_y": 31246.16663849691, "cfe_pct": 41.4252468034875, "cfe_abs_pct": 0.0, "ci_weighted_mean": 286.7833053556516, "p50_slowdown": 11280.616666666667, "p95_slowdown": 11280.633333333333, "p99_slowdown": 11280.633333333333, "avg_pue": 23.71011598405779, "jain_fairness": 0.3501090672703042}