{"country": "IT", "mw": 1.0, "nodes": 667, "layer": "pue", "mechanism": "none", "seed": 20260523, "n_jobs": 359678, "energy_kwh": 189094.5, "co2_g_it": 51408490.24721474, "co2_g_facility": 57895225.17011184, "co2_tonnes_y": 625.469964674446, "cfe_pct": 41.42539508458189, "cfe_abs_pct": 0.0, "ci_weighted_mean": 293.9337863291686, "p50_slowdown": 11280.616666666667, "p95_slowdown": 11280.633333333333, "p99_slowdown": 11280.633333333333, "avg_pue": 1.126180226100853, "jain_fairness": 0.3649949360107369}