{"country": "IT", "mw": 50.0, "nodes": 33333, "layer": "fsla", "mechanism": "M0", "seed": 20260519, "n_jobs": 360139, "energy_kwh": 447150.23458066036, "co2_g_it": 110264412.49375565, "co2_g_facility": 2614392068.5287004, "co2_tonnes_y": 1341.5503520073605, "cfe_pct": 55.12287422832609, "cfe_abs_pct": 0.0, "ci_weighted_mean": 286.8639676084842, "p50_slowdown": 11280.616666666667, "p95_slowdown": 11280.633333333333, "p99_slowdown": 11280.633333333333, "avg_pue": 23.710107697576213, "jain_fairness": 0.3503146489895007}