{"country": "IT", "mw": 1.0, "nodes": 667, "layer": "pue", "mechanism": "GridPilot-PUE", "seed": 20260517, "n_jobs": 360139, "energy_kwh": 6922.090416662388, "co2_g_it": 1645366.4123565378, "co2_g_facility": 1852979.1182861489, "co2_tonnes_y": 20.01862468367121, "cfe_pct": 59.94419954072702, "cfe_abs_pct": 0.0, "ci_weighted_mean": 303.03504910978666, "p50_slowdown": 2640.616666666667, "p95_slowdown": 2640.633333333333, "p99_slowdown": 2640.65, "avg_pue": 1.1261802261008524, "jain_fairness": 0.8531651327469282}