{"country": "IT", "mw": 10.0, "nodes": 6667, "layer": "fsla", "mechanism": "M1", "seed": 20260521, "n_jobs": 360139, "energy_kwh": 89769.84666702121, "co2_g_it": 22123566.898807816, "co2_g_facility": 48252864.05421097, "co2_tonnes_y": 269.1700639354951, "cfe_pct": 55.202013468987374, "cfe_abs_pct": 0.0, "ci_weighted_mean": 287.33605757741344, "p50_slowdown": 11280.616666666667, "p95_slowdown": 11280.633333333333, "p99_slowdown": 11280.633333333333, "avg_pue": 2.1809907294540025, "jain_fairness": 0.34958853367440124}