{"country": "IT", "mw": 1.0, "nodes": 667, "layer": "pue", "mechanism": "GridPilot-PUE", "seed": 20260523, "n_jobs": 360139, "energy_kwh": 6921.340416662396, "co2_g_it": 1645303.1901669286, "co2_g_facility": 1852907.9187063482, "co2_tonnes_y": 20.017855480364297, "cfe_pct": 59.93519036778014, "cfe_abs_pct": 0.0, "ci_weighted_mean": 302.9890536657979, "p50_slowdown": 2640.616666666667, "p95_slowdown": 2640.633333333333, "p99_slowdown": 2640.65, "avg_pue": 1.1261802261008524, "jain_fairness": 0.8552065394701441}