{"country": "IT", "mw": 1.0, "nodes": 667, "layer": "fsla", "mechanism": "M0", "seed": 20260521, "n_jobs": 360139, "energy_kwh": 9314.465416634042, "co2_g_it": 2297511.0858349497, "co2_g_facility": 2587411.554114025, "co2_tonnes_y": 27.95305154432522, "cfe_pct": 55.086625095824246, "cfe_abs_pct": 0.0, "ci_weighted_mean": 293.9399578709198, "p50_slowdown": 11280.616666666667, "p95_slowdown": 11280.633333333333, "p99_slowdown": 11280.633333333333, "avg_pue": 1.1261802261008529, "jain_fairness": 0.35326922987576637}