{"country": "IT", "mw": 10.0, "nodes": 6667, "layer": "fsla", "mechanism": "M3", "seed": 20260519, "n_jobs": 360139, "energy_kwh": 89731.37166702075, "co2_g_it": 22129926.9200832, "co2_g_facility": 48270430.68881774, "co2_tonnes_y": 269.2474441943456, "cfe_pct": 55.106326651478724, "cfe_abs_pct": 0.0, "ci_weighted_mean": 287.3806891351819, "p50_slowdown": 11280.616666666667, "p95_slowdown": 11280.633333333333, "p99_slowdown": 11280.633333333333, "avg_pue": 2.1810518385595565, "jain_fairness": 0.3494711403076792}