{"country": "IT", "mw": 1.0, "nodes": 667, "layer": "fsla", "mechanism": "M0", "seed": 20260524, "n_jobs": 360139, "energy_kwh": 9309.990416634086, "co2_g_it": 2298776.213593111, "co2_g_facility": 2588836.3159787804, "co2_tonnes_y": 27.968443932049514, "cfe_pct": 54.948717720346934, "cfe_abs_pct": 0.0, "ci_weighted_mean": 293.9772700682826, "p50_slowdown": 11280.616666666667, "p95_slowdown": 11280.633333333333, "p99_slowdown": 11280.633333333333, "avg_pue": 1.1261802261008529, "jain_fairness": 0.3658141307381082}