{"country": "IT", "mw": 10.0, "nodes": 6667, "layer": "pue", "mechanism": "GridPilot-PUE", "seed": 20260521, "n_jobs": 360139, "energy_kwh": 65882.37166670655, "co2_g_it": 15596007.795547787, "co2_g_facility": 34016056.60145909, "co2_tonnes_y": 189.75142817916475, "cfe_pct": 60.47146934336356, "cfe_abs_pct": 0.0, "ci_weighted_mean": 298.3022696410407, "p50_slowdown": 2640.616666666667, "p95_slowdown": 2640.633333333333, "p99_slowdown": 2640.65, "avg_pue": 2.181052704762099, "jain_fairness": 0.8257944520907169}