{"country": "IT", "mw": 10.0, "nodes": 6667, "layer": "pue", "mechanism": "GridPilot-PUE", "seed": 20260520, "n_jobs": 360139, "energy_kwh": 65862.7466667063, "co2_g_it": 15619353.638927372, "co2_g_facility": 34064265.42248456, "co2_tonnes_y": 190.03546927361634, "cfe_pct": 60.241128324648415, "cfe_abs_pct": 0.0, "ci_weighted_mean": 298.3645481227705, "p50_slowdown": 2640.616666666667, "p95_slowdown": 2640.633333333333, "p99_slowdown": 2640.65, "avg_pue": 2.1809522675546535, "jain_fairness": 0.0022522759018148595}