{"country": "IT", "mw": 1.0, "nodes": 667, "layer": "fsla", "mechanism": "M3", "seed": 20260517, "n_jobs": 360139, "energy_kwh": 9312.615416634062, "co2_g_it": 2298261.791401148, "co2_g_facility": 2588256.9838782893, "co2_tonnes_y": 27.962185128713966, "cfe_pct": 55.01637784287245, "cfe_abs_pct": 0.0, "ci_weighted_mean": 293.9753837812045, "p50_slowdown": 11280.616666666667, "p95_slowdown": 11280.633333333333, "p99_slowdown": 11280.633333333333, "avg_pue": 1.1261802261008529, "jain_fairness": 0.3579077328478528}