{"country": "IT", "mw": 1.0, "nodes": 667, "layer": "fsla", "mechanism": "M2", "seed": 20260520, "n_jobs": 360139, "energy_kwh": 9310.090416634084, "co2_g_it": 2299032.080742849, "co2_g_facility": 2589124.468503321, "co2_tonnes_y": 27.97155698237133, "cfe_pct": 54.93525998405067, "cfe_abs_pct": 0.0, "ci_weighted_mean": 293.98263676506326, "p50_slowdown": 11280.616666666667, "p95_slowdown": 11280.633333333333, "p99_slowdown": 11280.633333333333, "avg_pue": 1.1261802261008529, "jain_fairness": 0.3646651104942848}