{"country": "IT", "mw": 10.0, "nodes": 6667, "layer": "pue", "mechanism": "GridPilot-PUE", "seed": 20260517, "n_jobs": 360139, "energy_kwh": 65867.44666670635, "co2_g_it": 15655792.222230218, "co2_g_facility": 34146029.68482027, "co2_tonnes_y": 190.47880537046763, "cfe_pct": 59.95047010943068, "cfe_abs_pct": 0.0, "ci_weighted_mean": 298.77703320662425, "p50_slowdown": 2640.616666666667, "p95_slowdown": 2640.633333333333, "p99_slowdown": 2640.65, "avg_pue": 2.180958970675633, "jain_fairness": 0.8263606178733212}