{"country": "IT", "mw": 50.0, "nodes": 33333, "layer": "pue", "mechanism": "GridPilot-PUE", "seed": 20260524, "n_jobs": 360139, "energy_kwh": 327708.9595830242, "co2_g_it": 77882524.19344187, "co2_g_facility": 1846632066.2324448, "co2_tonnes_y": 947.5707110202093, "cfe_pct": 59.96604686075789, "cfe_abs_pct": 0.0, "ci_weighted_mean": 298.3833177985346, "p50_slowdown": 2640.616666666667, "p95_slowdown": 2640.633333333333, "p99_slowdown": 2640.65, "avg_pue": 23.710413540568222, "jain_fairness": 0.0022522898398358087}