{"country": "IT", "mw": 10.0, "nodes": 6667, "layer": "fsla", "mechanism": "none", "seed": 20260524, "n_jobs": 360139, "energy_kwh": 61803.22708334204, "co2_g_it": 14605401.916854305, "co2_g_facility": 31853825.22359857, "co2_tonnes_y": 177.6990566550607, "cfe_pct": 60.690444151032274, "cfe_abs_pct": 0.0, "ci_weighted_mean": 293.58689988299335, "p50_slowdown": 1260.6166666666666, "p95_slowdown": 1260.65, "p99_slowdown": 1260.65, "avg_pue": 2.1811059509908817, "jain_fairness": 0.9809300735902445}