{"country": "IT", "mw": 50.0, "nodes": 33333, "layer": "pue", "mechanism": "GridPilot-PUE", "seed": 20260519, "n_jobs": 360139, "energy_kwh": 327855.15958302125, "co2_g_it": 77967238.3635871, "co2_g_facility": 1848633397.2339468, "co2_tonnes_y": 948.6014000903097, "cfe_pct": 59.88344321069553, "cfe_abs_pct": 0.0, "ci_weighted_mean": 298.5011013746744, "p50_slowdown": 2640.616666666667, "p95_slowdown": 2640.633333333333, "p99_slowdown": 2640.65, "avg_pue": 23.710383531003966, "jain_fairness": 0.8248430807324866}