{"country": "IT", "mw": 50.0, "nodes": 33333, "layer": "fsla", "mechanism": "M0", "seed": 20260524, "n_jobs": 360139, "energy_kwh": 447151.08458066033, "co2_g_it": 110265754.55912136, "co2_g_facility": 2614423942.5830646, "co2_tonnes_y": 1341.5666804693099, "cfe_pct": 55.12150160082242, "cfe_abs_pct": 0.0, "ci_weighted_mean": 286.8587059916736, "p50_slowdown": 11280.616666666667, "p95_slowdown": 11280.633333333333, "p99_slowdown": 11280.633333333333, "avg_pue": 23.710107697576213, "jain_fairness": 0.3506119542298469}