{"country": "IT", "mw": 10.0, "nodes": 6667, "layer": "pue", "mechanism": "GridPilot-PUE", "seed": 20260518, "n_jobs": 360139, "energy_kwh": 65936.19666670731, "co2_g_it": 15601722.826487727, "co2_g_facility": 34029303.314252175, "co2_tonnes_y": 189.82096105560066, "cfe_pct": 60.529227194985125, "cfe_abs_pct": 0.0, "ci_weighted_mean": 298.57858178520974, "p50_slowdown": 2640.616666666667, "p95_slowdown": 2640.633333333333, "p99_slowdown": 2640.65, "avg_pue": 2.180979051979129, "jain_fairness": 0.8195243295298056}