{"country": "IT", "mw": 1.0, "nodes": 667, "layer": "pue", "mechanism": "GridPilot-PUE", "seed": 20260521, "n_jobs": 360139, "energy_kwh": 6923.865416662367, "co2_g_it": 1639503.7838870878, "co2_g_facility": 1846376.7420308837, "co2_tonnes_y": 19.9472960372929, "cfe_pct": 60.4361358261947, "cfe_abs_pct": 0.0, "ci_weighted_mean": 302.83060041586964, "p50_slowdown": 2640.616666666667, "p95_slowdown": 2640.633333333333, "p99_slowdown": 2640.65, "avg_pue": 1.1261802261008524, "jain_fairness": 0.8519565700385504}