{"country": "PL", "mw": 10.0, "nodes": 6667, "layer": "pue", "mechanism": "GridPilot-PUE", "seed": 20260524, "n_jobs": 360139, "energy_kwh": 65842.97166670598, "co2_g_it": 36363288.59493378, "co2_g_facility": 79315193.06426707, "co2_tonnes_y": 442.4200112383609, "cfe_pct": 60.041112117210595, "cfe_abs_pct": 0.0, "ci_weighted_mean": 714.4876790792043, "p50_slowdown": 2640.616666666667, "p95_slowdown": 2640.633333333333, "p99_slowdown": 2640.65, "avg_pue": 2.1809991446817665, "jain_fairness": 0.8293167169642603}