{"country": "PL", "mw": 50.0, "nodes": 33333, "layer": "fsla", "mechanism": "M2", "seed": 20260522, "n_jobs": 360139, "energy_kwh": 447218.2345806591, "co2_g_it": 256633176.55931106, "co2_g_facility": 6084829297.092926, "co2_tonnes_y": 3122.3703148049512, "cfe_pct": 55.63231694963931, "cfe_abs_pct": 0.0, "ci_weighted_mean": 681.6450324088213, "p50_slowdown": 11280.616666666667, "p95_slowdown": 11280.633333333333, "p99_slowdown": 11280.633333333333, "avg_pue": 23.710107697985464, "jain_fairness": 0.35063715916853355}