{"country": "PL", "mw": 10.0, "nodes": 6667, "layer": "pue", "mechanism": "GridPilot-PUE", "seed": 20260519, "n_jobs": 360139, "energy_kwh": 65871.72166670638, "co2_g_it": 36419461.50841419, "co2_g_facility": 79436080.47132924, "co2_tonnes_y": 443.1034483523726, "cfe_pct": 59.916081896311965, "cfe_abs_pct": 0.0, "ci_weighted_mean": 714.7443422645241, "p50_slowdown": 2640.616666666667, "p95_slowdown": 2640.633333333333, "p99_slowdown": 2640.65, "avg_pue": 2.180851839992643, "jain_fairness": 0.8263796506264522}