{"country": "PL", "mw": 1.0, "nodes": 667, "layer": "fsla", "mechanism": "M3", "seed": 20260524, "n_jobs": 360139, "energy_kwh": 9309.990416634086, "co2_g_it": 5354137.797999369, "co2_g_facility": 6029724.115923165, "co2_tonnes_y": 65.14200987565899, "cfe_pct": 55.37628100418499, "cfe_abs_pct": 0.0, "ci_weighted_mean": 700.877196252659, "p50_slowdown": 11280.616666666667, "p95_slowdown": 11280.633333333333, "p99_slowdown": 11280.633333333333, "avg_pue": 1.1261802261008529, "jain_fairness": 0.3658141307381082}