{"country": "PL", "mw": 10.0, "nodes": 6667, "layer": "pue", "mechanism": "GridPilot-PUE", "seed": 20260522, "n_jobs": 360139, "energy_kwh": 65823.97166670582, "co2_g_it": 36361728.74420904, "co2_g_facility": 79301365.47625737, "co2_tonnes_y": 442.4010330545433, "cfe_pct": 60.01337306452741, "cfe_abs_pct": 0.0, "ci_weighted_mean": 713.6734683313671, "p50_slowdown": 2640.616666666667, "p95_slowdown": 2640.633333333333, "p99_slowdown": 2640.65, "avg_pue": 2.180898690814013, "jain_fairness": 0.8315547296981252}