{"country": "PL", "mw": 50.0, "nodes": 33333, "layer": "pue", "mechanism": "GridPilot-PUE", "seed": 20260523, "n_jobs": 360139, "energy_kwh": 327796.50958302215, "co2_g_it": 180971293.66194606, "co2_g_facility": 4290917900.942598, "co2_tonnes_y": 2201.8174062203434, "cfe_pct": 60.07966734987564, "cfe_abs_pct": 0.0, "ci_weighted_mean": 713.5606939618176, "p50_slowdown": 2640.616666666667, "p95_slowdown": 2640.633333333333, "p99_slowdown": 2640.65, "avg_pue": 23.71041354231686, "jain_fairness": 0.8258179470521115}