{"country": "PL", "mw": 50.0, "nodes": 33333, "layer": "fsla", "mechanism": "M1", "seed": 20260520, "n_jobs": 360139, "energy_kwh": 447157.0345806603, "co2_g_it": 256770537.4952241, "co2_g_facility": 6088084976.599438, "co2_tonnes_y": 3124.041539525226, "cfe_pct": 55.55347793956561, "cfe_abs_pct": 0.0, "ci_weighted_mean": 681.7952451475797, "p50_slowdown": 11280.616666666667, "p95_slowdown": 11280.633333333333, "p99_slowdown": 11280.633333333333, "avg_pue": 23.710107697985464, "jain_fairness": 0.35038717475591513}