{"country": "PL", "mw": 50.0, "nodes": 33333, "layer": "fsla", "mechanism": "M2", "seed": 20260518, "n_jobs": 360139, "energy_kwh": 447144.2845806605, "co2_g_it": 256763639.70261922, "co2_g_facility": 6087921433.207471, "co2_tonnes_y": 3123.957616381867, "cfe_pct": 55.55328429815384, "cfe_abs_pct": 0.0, "ci_weighted_mean": 681.7928374517764, "p50_slowdown": 11280.616666666667, "p95_slowdown": 11280.633333333333, "p99_slowdown": 11280.633333333333, "avg_pue": 23.710107696962332, "jain_fairness": 0.3506255580690822}