{"country": "PL", "mw": 1.0, "nodes": 667, "layer": "fsla", "mechanism": "M2", "seed": 20260521, "n_jobs": 360139, "energy_kwh": 9314.465416634042, "co2_g_it": 5350422.50148675, "co2_g_facility": 6025540.022456392, "co2_tonnes_y": 65.09680710142213, "cfe_pct": 55.51427986024372, "cfe_abs_pct": 0.0, "ci_weighted_mean": 700.7781001958377, "p50_slowdown": 11280.616666666667, "p95_slowdown": 11280.633333333333, "p99_slowdown": 11280.633333333333, "avg_pue": 1.1261802261008529, "jain_fairness": 0.35326922987576637}