{"country": "PL", "mw": 10.0, "nodes": 6667, "layer": "pue", "mechanism": "none", "seed": 20260522, "n_jobs": 359481, "energy_kwh": 1889310.0, "co2_g_it": 1205309581.282557, "co2_g_facility": 2628797972.8653007, "co2_tonnes_y": 14664.599905604442, "cfe_pct": 42.52684346093883, "cfe_abs_pct": 0.0, "ci_weighted_mean": 683.0380790570797, "p50_slowdown": 11280.616666666667, "p95_slowdown": 11280.633333333333, "p99_slowdown": 11280.633333333333, "avg_pue": 2.181034237118367, "jain_fairness": 0.3529043772341174}