{"country": "PL", "mw": 1.0, "nodes": 667, "layer": "pue", "mechanism": "GridPilot-PUE", "seed": 20260519, "n_jobs": 360139, "energy_kwh": 6922.715416662381, "co2_g_it": 3821756.7473221533, "co2_g_facility": 4303986.877801951, "co2_tonnes_y": 46.49804042575286, "cfe_pct": 60.08455297218079, "cfe_abs_pct": 0.0, "ci_weighted_mean": 726.1466173515666, "p50_slowdown": 2640.616666666667, "p95_slowdown": 2640.633333333333, "p99_slowdown": 2640.65, "avg_pue": 1.1261802261008524, "jain_fairness": 0.8512052388123474}