{"country": "PL", "mw": 10.0, "nodes": 6667, "layer": "fsla", "mechanism": "M2", "seed": 20260520, "n_jobs": 360139, "energy_kwh": 89732.07166702075, "co2_g_it": 51538211.27271908, "co2_g_facility": 112413515.72936691, "co2_tonnes_y": 627.0482371514155, "cfe_pct": 55.52738955791939, "cfe_abs_pct": 0.0, "ci_weighted_mean": 683.2088023833966, "p50_slowdown": 11280.616666666667, "p95_slowdown": 11280.633333333333, "p99_slowdown": 11280.633333333333, "avg_pue": 2.1810110928623834, "jain_fairness": 0.3502872880301957}