{"country": "PL", "mw": 1.0, "nodes": 667, "layer": "pue", "mechanism": "GridPilot-PUE", "seed": 20260522, "n_jobs": 360139, "energy_kwh": 6917.790416662418, "co2_g_it": 3828671.345678066, "co2_g_facility": 4311773.961741827, "co2_tonnes_y": 46.58216803908313, "cfe_pct": 59.79992431323715, "cfe_abs_pct": 0.0, "ci_weighted_mean": 725.9644310182625, "p50_slowdown": 2640.616666666667, "p95_slowdown": 2640.633333333333, "p99_slowdown": 2640.65, "avg_pue": 1.1261802261008524, "jain_fairness": 0.8567193878323599}