{"country": "PL", "mw": 50.0, "nodes": 33333, "layer": "fsla", "mechanism": "M1", "seed": 20260517, "n_jobs": 360139, "energy_kwh": 447269.23458065826, "co2_g_it": 256758261.22185457, "co2_g_facility": 6087797436.448443, "co2_tonnes_y": 3123.8921781992303, "cfe_pct": 55.58853015349495, "cfe_abs_pct": 0.0, "ci_weighted_mean": 681.8598536772224, "p50_slowdown": 11280.616666666667, "p95_slowdown": 11280.633333333333, "p99_slowdown": 11280.633333333333, "avg_pue": 23.71010770003174, "jain_fairness": 0.3499842592614937}