{"country": "PL", "mw": 1.0, "nodes": 667, "layer": "fsla", "mechanism": "none", "seed": 20260523, "n_jobs": 360139, "energy_kwh": 6513.64833333228, "co2_g_it": 3600342.5113920006, "co2_g_facility": 4054634.5435203696, "co2_tonnes_y": 43.804167221936005, "cfe_pct": 59.94599989967865, "cfe_abs_pct": 0.0, "ci_weighted_mean": 711.7280526366702, "p50_slowdown": 1260.6166666666666, "p95_slowdown": 1260.65, "p99_slowdown": 1260.65, "avg_pue": 1.1261802261008529, "jain_fairness": 0.9844979662694929}