{"country": "PL", "mw": 10.0, "nodes": 6667, "layer": "fsla", "mechanism": "M0", "seed": 20260519, "n_jobs": 360139, "energy_kwh": 89731.37166702075, "co2_g_it": 51529076.098441936, "co2_g_facility": 112396631.51810539, "co2_tonnes_y": 626.9370925310435, "cfe_pct": 55.54728197123355, "cfe_abs_pct": 0.0, "ci_weighted_mean": 683.1786226130207, "p50_slowdown": 11280.616666666667, "p95_slowdown": 11280.633333333333, "p99_slowdown": 11280.633333333333, "avg_pue": 2.1810518385595565, "jain_fairness": 0.3494711403076792}