{"country": "PL", "mw": 1.0, "nodes": 667, "layer": "pue", "mechanism": "GridPilot-PUE", "seed": 20260518, "n_jobs": 360139, "energy_kwh": 6929.115416662309, "co2_g_it": 3800416.778242415, "co2_g_facility": 4279954.226599001, "co2_tonnes_y": 46.23840413528271, "cfe_pct": 60.81824738210616, "cfe_abs_pct": 0.0, "ci_weighted_mean": 725.4278777465928, "p50_slowdown": 2640.616666666667, "p95_slowdown": 2640.633333333333, "p99_slowdown": 2640.65, "avg_pue": 1.1261802261008524, "jain_fairness": 0.8447026522353408}