{"country": "PL", "mw": 10.0, "nodes": 6667, "layer": "pue", "mechanism": "GridPilot-PUE", "seed": 20260523, "n_jobs": 360139, "energy_kwh": 65860.47166670623, "co2_g_it": 36356362.53430298, "co2_g_facility": 79293775.08065756, "co2_tonnes_y": 442.3357441673529, "cfe_pct": 60.09260006290863, "cfe_abs_pct": 0.0, "ci_weighted_mean": 714.3961856440537, "p50_slowdown": 2640.616666666667, "p95_slowdown": 2640.633333333333, "p99_slowdown": 2640.65, "avg_pue": 2.181019225985236, "jain_fairness": 0.8268003904236035}