{"country": "PL", "mw": 1.0, "nodes": 667, "layer": "fsla", "mechanism": "M0", "seed": 20260518, "n_jobs": 360139, "energy_kwh": 9309.840416634088, "co2_g_it": 5354477.316459226, "co2_g_facility": 6030106.474899011, "co2_tonnes_y": 65.14614068358725, "cfe_pct": 55.366933233425264, "cfe_abs_pct": 0.0, "ci_weighted_mean": 700.8863328560687, "p50_slowdown": 11280.616666666667, "p95_slowdown": 11280.633333333333, "p99_slowdown": 11280.633333333333, "avg_pue": 1.1261802261008529, "jain_fairness": 0.36537308599098}