{"country": "PL", "mw": 50.0, "nodes": 33333, "layer": "fsla", "mechanism": "M2", "seed": 20260524, "n_jobs": 360139, "energy_kwh": 447151.08458066033, "co2_g_it": 256744693.85999084, "co2_g_facility": 6087472098.655924, "co2_tonnes_y": 3123.7271086298883, "cfe_pct": 55.563729228828656, "cfe_abs_pct": 0.0, "ci_weighted_mean": 681.7766644088937, "p50_slowdown": 11280.616666666667, "p95_slowdown": 11280.633333333333, "p99_slowdown": 11280.633333333333, "avg_pue": 23.710107697576213, "jain_fairness": 0.3506119542298469}