{"country": "PL", "mw": 10.0, "nodes": 6667, "layer": "fsla", "mechanism": "M1", "seed": 20260522, "n_jobs": 360139, "energy_kwh": 89743.12166702084, "co2_g_it": 51508488.426752, "co2_g_facility": 112334645.75762081, "co2_tonnes_y": 626.6866091921493, "cfe_pct": 55.609538299412165, "cfe_abs_pct": 0.0, "ci_weighted_mean": 683.0896491857937, "p50_slowdown": 11280.616666666667, "p95_slowdown": 11280.633333333333, "p99_slowdown": 11280.633333333333, "avg_pue": 2.1809296068038004, "jain_fairness": 0.34776197215353805}