{"country": "PL", "mw": 50.0, "nodes": 33333, "layer": "pue", "mechanism": "GridPilot-PUE", "seed": 20260520, "n_jobs": 360139, "energy_kwh": 327810.1095830219, "co2_g_it": 180506510.38543972, "co2_g_facility": 4279865702.159421, "co2_tonnes_y": 2196.16254302285, "cfe_pct": 60.37414342901408, "cfe_abs_pct": 0.0, "ci_weighted_mean": 712.4673699126354, "p50_slowdown": 2640.616666666667, "p95_slowdown": 2640.633333333333, "p99_slowdown": 2640.65, "avg_pue": 23.710383531878282, "jain_fairness": 0.8251489272859575}