{"country": "PL", "mw": 10.0, "nodes": 6667, "layer": "pue", "mechanism": "GridPilot-PUE", "seed": 20260520, "n_jobs": 360139, "energy_kwh": 65862.7466667063, "co2_g_it": 36283811.58578103, "co2_g_facility": 79131546.50949648, "co2_tonnes_y": 441.45304096033584, "cfe_pct": 60.32164391498478, "cfe_abs_pct": 0.0, "ci_weighted_mean": 713.5196515761281, "p50_slowdown": 2640.616666666667, "p95_slowdown": 2640.633333333333, "p99_slowdown": 2640.65, "avg_pue": 2.1809522675546535, "jain_fairness": 0.0022522759018148595}