{"country": "PL", "mw": 10.0, "nodes": 6667, "layer": "pue", "mechanism": "GridPilot-PUE", "seed": 20260521, "n_jobs": 360139, "energy_kwh": 65882.37166670655, "co2_g_it": 36220234.422917694, "co2_g_facility": 78999095.96287872, "co2_tonnes_y": 440.67951881216527, "cfe_pct": 60.552424453352074, "cfe_abs_pct": 0.0, "ci_weighted_mean": 713.3541967389623, "p50_slowdown": 2640.616666666667, "p95_slowdown": 2640.633333333333, "p99_slowdown": 2640.65, "avg_pue": 2.181052704762099, "jain_fairness": 0.8257944520907169}