{"country": "PL", "mw": 10.0, "nodes": 6667, "layer": "pue", "mechanism": "GridPilot-PUE", "seed": 20260517, "n_jobs": 360139, "energy_kwh": 65867.44666670635, "co2_g_it": 36380247.598451965, "co2_g_facility": 79347098.56383853, "co2_tonnes_y": 442.6263457811655, "cfe_pct": 60.03043097107099, "cfe_abs_pct": 0.0, "ci_weighted_mean": 714.6155196936261, "p50_slowdown": 2640.616666666667, "p95_slowdown": 2640.633333333333, "p99_slowdown": 2640.65, "avg_pue": 2.180958970675633, "jain_fairness": 0.8263606178733212}