{"country": "PL", "mw": 1.0, "nodes": 667, "layer": "pue", "mechanism": "GridPilot-PUE", "seed": 20260517, "n_jobs": 360139, "energy_kwh": 6922.090416662388, "co2_g_it": 3823457.830138101, "co2_g_facility": 4305902.603632239, "co2_tonnes_y": 46.51873693334689, "cfe_pct": 60.02413640157449, "cfe_abs_pct": 0.0, "ci_weighted_mean": 725.9267780688498, "p50_slowdown": 2640.616666666667, "p95_slowdown": 2640.633333333333, "p99_slowdown": 2640.65, "avg_pue": 1.1261802261008524, "jain_fairness": 0.8531651327469282}