{"country": "PL", "mw": 50.0, "nodes": 33333, "layer": "fsla", "mechanism": "M1", "seed": 20260523, "n_jobs": 360139, "energy_kwh": 447202.08458065917, "co2_g_it": 256727735.84491792, "co2_g_facility": 6087071163.865682, "co2_tonnes_y": 3123.5207861131676, "cfe_pct": 55.584863476886426, "cfe_abs_pct": 0.0, "ci_weighted_mean": 681.7131246037636, "p50_slowdown": 11280.616666666667, "p95_slowdown": 11280.633333333333, "p99_slowdown": 11280.633333333333, "avg_pue": 23.71010769819009, "jain_fairness": 0.34978716204782867}