{"country": "PL", "mw": 10.0, "nodes": 6667, "layer": "fsla", "mechanism": "M1", "seed": 20260518, "n_jobs": 360139, "energy_kwh": 89729.97166702071, "co2_g_it": 51536951.65546331, "co2_g_facility": 112412627.81212638, "co2_tonnes_y": 627.032911808137, "cfe_pct": 55.52751135056103, "cfe_abs_pct": 0.0, "ci_weighted_mean": 683.208994357577, "p50_slowdown": 11280.616666666667, "p95_slowdown": 11280.633333333333, "p99_slowdown": 11280.633333333333, "avg_pue": 2.18103930096416, "jain_fairness": 0.35088269389845733}