{"country": "PL", "mw": 1.0, "nodes": 667, "layer": "pue", "mechanism": "GridPilot-PUE", "seed": 20260523, "n_jobs": 360139, "energy_kwh": 6921.340416662396, "co2_g_it": 3823349.2240086757, "co2_g_facility": 4305780.293556856, "co2_tonnes_y": 46.51741555877222, "cfe_pct": 60.01511006121305, "cfe_abs_pct": 0.0, "ci_weighted_mean": 725.8045789304831, "p50_slowdown": 2640.616666666667, "p95_slowdown": 2640.633333333333, "p99_slowdown": 2640.65, "avg_pue": 1.1261802261008524, "jain_fairness": 0.8552065394701441}