{"country": "PL", "mw": 1.0, "nodes": 667, "layer": "pue", "mechanism": "none", "seed": 20260522, "n_jobs": 359678, "energy_kwh": 189094.5, "co2_g_it": 120636472.71505724, "co2_g_facility": 135858410.11825255, "co2_tonnes_y": 1467.7437513665298, "cfe_pct": 42.525538106222925, "cfe_abs_pct": 0.0, "ci_weighted_mean": 700.7608279225955, "p50_slowdown": 11280.616666666667, "p95_slowdown": 11280.633333333333, "p99_slowdown": 11280.633333333333, "avg_pue": 1.126180226100853, "jain_fairness": 0.3649949360107369}