{"country": "PL", "mw": 1.0, "nodes": 667, "layer": "pue", "mechanism": "GridPilot-PUE", "seed": 20260521, "n_jobs": 360139, "energy_kwh": 6923.865416662367, "co2_g_it": 3807741.842939434, "co2_g_facility": 4288203.569615739, "co2_tonnes_y": 46.32752575576311, "cfe_pct": 60.51701145866485, "cfe_abs_pct": 0.0, "ci_weighted_mean": 725.3836125801845, "p50_slowdown": 2640.616666666667, "p95_slowdown": 2640.633333333333, "p99_slowdown": 2640.65, "avg_pue": 1.1261802261008524, "jain_fairness": 0.8519565700385504}