{"country": "PL", "mw": 50.0, "nodes": 33333, "layer": "pue", "mechanism": "GridPilot-PUE", "seed": 20260522, "n_jobs": 360139, "energy_kwh": 327616.30958302587, "co2_g_it": 181045533.76923263, "co2_g_facility": 4292675766.5299416, "co2_tonnes_y": 2202.720660858997, "cfe_pct": 59.971284477419466, "cfe_abs_pct": 0.0, "ci_weighted_mean": 712.8303067425918, "p50_slowdown": 2640.616666666667, "p95_slowdown": 2640.633333333333, "p99_slowdown": 2640.65, "avg_pue": 23.710413539693903, "jain_fairness": 0.8294944524859291}