{"country": "PL", "mw": 10.0, "nodes": 6667, "layer": "fsla", "mechanism": "M1", "seed": 20260523, "n_jobs": 360139, "energy_kwh": 89740.6716670208, "co2_g_it": 51517333.14150406, "co2_g_facility": 112364700.81502344, "co2_tonnes_y": 626.7942198882994, "cfe_pct": 55.58619109068847, "cfe_abs_pct": 0.0, "ci_weighted_mean": 683.1168033570075, "p50_slowdown": 11280.616666666667, "p95_slowdown": 11280.633333333333, "p99_slowdown": 11280.633333333333, "avg_pue": 2.1809844564492553, "jain_fairness": 0.34821134444248747}