{"country": "PL", "mw": 50.0, "nodes": 33333, "layer": "fsla", "mechanism": "M1", "seed": 20260519, "n_jobs": 360139, "energy_kwh": 447150.23458066036, "co2_g_it": 256741195.60922953, "co2_g_facility": 6087389031.954245, "co2_tonnes_y": 3123.684546578959, "cfe_pct": 55.565105182558426, "cfe_abs_pct": 0.0, "ci_weighted_mean": 681.7906430271001, "p50_slowdown": 11280.616666666667, "p95_slowdown": 11280.633333333333, "p99_slowdown": 11280.633333333333, "avg_pue": 23.710107697576213, "jain_fairness": 0.3503146489895007}