{"country": "PL", "mw": 50.0, "nodes": 33333, "layer": "pue", "mechanism": "none", "seed": 20260521, "n_jobs": 359451, "energy_kwh": 9446452.5, "co2_g_it": 6026553624.068948, "co2_g_facility": 142890619615.11237, "co2_tonnes_y": 73323.06909283886, "cfe_pct": 42.5253739092211, "cfe_abs_pct": 0.0, "ci_weighted_mean": 681.5751016860819, "p50_slowdown": 11280.616666666667, "p95_slowdown": 11280.633333333333, "p99_slowdown": 11280.633333333333, "avg_pue": 23.71011598405779, "jain_fairness": 0.3501090672703042}