{"country": "PL", "mw": 50.0, "nodes": 33333, "layer": "fsla", "mechanism": "none", "seed": 20260522, "n_jobs": 360139, "energy_kwh": 307516.9287499389, "co2_g_it": 168670171.54180187, "co2_g_facility": 3999223974.7577252, "co2_tonnes_y": 2052.153753758589, "cfe_pct": 60.81416205835942, "cfe_abs_pct": 0.0, "ci_weighted_mean": 700.091744459978, "p50_slowdown": 1260.6166666666666, "p95_slowdown": 1260.65, "p99_slowdown": 1260.65, "avg_pue": 23.71054216506039, "jain_fairness": 0.9801652801547938}