{"country": "PL", "mw": 50.0, "nodes": 33333, "layer": "pue", "mechanism": "GridPilot-PUE", "seed": 20260517, "n_jobs": 360139, "energy_kwh": 327830.5095830215, "co2_g_it": 181020388.27060774, "co2_g_facility": 4292065275.5610285, "co2_tonnes_y": 2202.4147239590607, "cfe_pct": 60.06076152752408, "cfe_abs_pct": 0.0, "ci_weighted_mean": 713.7887578077007, "p50_slowdown": 2640.616666666667, "p95_slowdown": 2640.633333333333, "p99_slowdown": 2640.65, "avg_pue": 23.710383531003966, "jain_fairness": 0.8248208156720176}