{"country": "PL", "mw": 1.0, "nodes": 667, "layer": "pue", "mechanism": "GridPilot-PUE", "seed": 20260524, "n_jobs": 360139, "energy_kwh": 6919.6654166623985, "co2_g_it": 3826667.94218381, "co2_g_facility": 4309517.768341732, "co2_tonnes_y": 46.557793296569685, "cfe_pct": 59.889752304566215, "cfe_abs_pct": 0.0, "ci_weighted_mean": 726.003861068578, "p50_slowdown": 2640.616666666667, "p95_slowdown": 2640.633333333333, "p99_slowdown": 2640.65, "avg_pue": 1.1261802261008524, "jain_fairness": 0.8536164804562121}