{"country": "PL", "mw": 1.0, "nodes": 667, "layer": "fsla", "mechanism": "M2", "seed": 20260520, "n_jobs": 360139, "energy_kwh": 9310.090416634084, "co2_g_it": 5354809.657021157, "co2_g_facility": 6030480.7502681995, "co2_tonnes_y": 65.15018416042408, "cfe_pct": 55.36279374568464, "cfe_abs_pct": 0.0, "ci_weighted_mean": 700.8914549284715, "p50_slowdown": 11280.616666666667, "p95_slowdown": 11280.633333333333, "p99_slowdown": 11280.633333333333, "avg_pue": 1.1261802261008529, "jain_fairness": 0.3646651104942848}