{"country": "PL", "mw": 50.0, "nodes": 33333, "layer": "pue", "mechanism": "GridPilot-PUE", "seed": 20260518, "n_jobs": 360139, "energy_kwh": 328176.4845830163, "co2_g_it": 180294018.61557493, "co2_g_facility": 4274842840.8187203, "co2_tonnes_y": 2193.577226489495, "cfe_pct": 60.632131831660175, "cfe_abs_pct": 0.0, "ci_weighted_mean": 713.1044051852214, "p50_slowdown": 2640.616666666667, "p95_slowdown": 2640.633333333333, "p99_slowdown": 2640.65, "avg_pue": 23.710413549311397, "jain_fairness": 0.818143417444907}