{"country": "PL", "mw": 1.0, "nodes": 667, "layer": "fsla", "mechanism": "M3", "seed": 20260523, "n_jobs": 360139, "energy_kwh": 9311.015416634076, "co2_g_it": 5354169.188196893, "co2_g_facility": 6029759.466942917, "co2_tonnes_y": 65.14239178972886, "cfe_pct": 55.388531791201075, "cfe_abs_pct": 0.0, "ci_weighted_mean": 700.8291877747894, "p50_slowdown": 11280.616666666667, "p95_slowdown": 11280.633333333333, "p99_slowdown": 11280.633333333333, "avg_pue": 1.1261802261008529, "jain_fairness": 0.36241422036705423}