{"country": "PL", "mw": 10.0, "nodes": 6667, "layer": "fsla", "mechanism": "M1", "seed": 20260521, "n_jobs": 360139, "energy_kwh": 89769.84666702121, "co2_g_it": 51509142.24560268, "co2_g_facility": 112344612.36145993, "co2_tonnes_y": 626.694563988166, "cfe_pct": 55.64297390328935, "cfe_abs_pct": 0.0, "ci_weighted_mean": 683.0601469637435, "p50_slowdown": 11280.616666666667, "p95_slowdown": 11280.633333333333, "p99_slowdown": 11280.633333333333, "avg_pue": 2.1809907294540025, "jain_fairness": 0.34958853367440124}