{"country": "PL", "mw": 10.0, "nodes": 6667, "layer": "fsla", "mechanism": "none", "seed": 20260519, "n_jobs": 360139, "energy_kwh": 61803.22708334204, "co2_g_it": 33911375.064515024, "co2_g_facility": 73959462.60507695, "co2_tonnes_y": 412.58839661826613, "cfe_pct": 60.771564344093925, "cfe_abs_pct": 0.0, "ci_weighted_mean": 700.8398823279764, "p50_slowdown": 1260.6166666666666, "p95_slowdown": 1260.65, "p99_slowdown": 1260.65, "avg_pue": 2.1811059509908817, "jain_fairness": 0.9809300735902445}