{"country": "PL", "mw": 1.0, "nodes": 667, "layer": "fsla", "mechanism": "M2", "seed": 20260519, "n_jobs": 360139, "energy_kwh": 9309.990416634086, "co2_g_it": 5354723.785567195, "co2_g_facility": 6030384.043534784, "co2_tonnes_y": 65.14913939106754, "cfe_pct": 55.363416255958676, "cfe_abs_pct": 0.0, "ci_weighted_mean": 700.8901907846315, "p50_slowdown": 11280.616666666667, "p95_slowdown": 11280.633333333333, "p99_slowdown": 11280.633333333333, "avg_pue": 1.1261802261008529, "jain_fairness": 0.36588208237472175}