{"country": "PL", "mw": 1.0, "nodes": 667, "layer": "pue", "mechanism": "GridPilot-PUE", "seed": 20260520, "n_jobs": 360139, "energy_kwh": 6921.81541666239, "co2_g_it": 3814496.6302589406, "co2_g_facility": 4295810.677526257, "co2_tonnes_y": 46.409709001483776, "cfe_pct": 60.28426230849518, "cfe_abs_pct": 0.0, "ci_weighted_mean": 725.423421063059, "p50_slowdown": 2640.616666666667, "p95_slowdown": 2640.633333333333, "p99_slowdown": 2640.65, "avg_pue": 1.1261802261008524, "jain_fairness": 0.8538217486587475}