{"country": "PL", "mw": 1.0, "nodes": 667, "layer": "fsla", "mechanism": "M3", "seed": 20260517, "n_jobs": 360139, "energy_kwh": 9312.615416634062, "co2_g_it": 5352563.35313814, "co2_g_facility": 6027951.007253366, "co2_tonnes_y": 65.12285412984737, "cfe_pct": 55.443969509716354, "cfe_abs_pct": 0.0, "ci_weighted_mean": 700.8722041731736, "p50_slowdown": 11280.616666666667, "p95_slowdown": 11280.633333333333, "p99_slowdown": 11280.633333333333, "avg_pue": 1.1261802261008529, "jain_fairness": 0.3579077328478528}