{"country": "PL", "mw": 10.0, "nodes": 6667, "layer": "fsla", "mechanism": "M3", "seed": 20260524, "n_jobs": 360139, "energy_kwh": 89731.37166702074, "co2_g_it": 51532244.01610948, "co2_g_facility": 112404112.33354224, "co2_tonnes_y": 626.9756355293321, "cfe_pct": 55.54006605135753, "cfe_abs_pct": 0.0, "ci_weighted_mean": 683.1863565270638, "p50_slowdown": 11280.616666666667, "p95_slowdown": 11280.633333333333, "p99_slowdown": 11280.633333333333, "avg_pue": 2.1810424377743667, "jain_fairness": 0.3501348344928772}