{"country": "SE", "mw": 1.0, "nodes": 667, "layer": "pue", "mechanism": "GridPilot-PUE", "seed": 20260523, "n_jobs": 360139, "energy_kwh": 6920.940416662402, "co2_g_it": 77287.38568036612, "co2_g_facility": 87039.52548026151, "co2_tonnes_y": 0.940329859111121, "cfe_pct": 43.05657916223752, "cfe_abs_pct": 100.0, "ci_weighted_mean": 12.281705589152088, "p50_slowdown": 2640.616666666667, "p95_slowdown": 2640.633333333333, "p99_slowdown": 2640.65, "avg_pue": 1.1261802261008524, "jain_fairness": 0.8559777397943911}