{"country": "SE", "mw": 10.0, "nodes": 6667, "layer": "pue", "mechanism": "GridPilot-PUE", "seed": 20260519, "n_jobs": 360139, "energy_kwh": 65861.87166670625, "co2_g_it": 735562.060485819, "co2_g_facility": 1604230.9577930593, "co2_tonnes_y": 8.949338402577464, "cfe_pct": 43.03226334144785, "cfe_abs_pct": 100.0, "ci_weighted_mean": 12.209700313837608, "p50_slowdown": 2640.616666666667, "p95_slowdown": 2640.633333333333, "p99_slowdown": 2640.65, "avg_pue": 2.180965667658604, "jain_fairness": 0.826504697431889}