{"country": "SE", "mw": 10.0, "nodes": 6667, "layer": "fsla", "mechanism": "M1", "seed": 20260524, "n_jobs": 360139, "energy_kwh": 89731.37166702074, "co2_g_it": 1014152.2444985537, "co2_g_facility": 2212119.016096546, "co2_tonnes_y": 12.338852308065738, "cfe_pct": 40.00059703845443, "cfe_abs_pct": 100.0, "ci_weighted_mean": 12.007712928386708, "p50_slowdown": 11280.616666666667, "p95_slowdown": 11280.633333333333, "p99_slowdown": 11280.633333333333, "avg_pue": 2.1810424377743667, "jain_fairness": 0.3501348344928772}