{"country": "SE", "mw": 1.0, "nodes": 667, "layer": "pue", "mechanism": "GridPilot-PUE", "seed": 20260519, "n_jobs": 360139, "energy_kwh": 6922.01541666239, "co2_g_it": 77287.522786544, "co2_g_facility": 87039.6798865285, "co2_tonnes_y": 0.9403315272362853, "cfe_pct": 43.09541469356682, "cfe_abs_pct": 100.0, "ci_weighted_mean": 12.28343368203531, "p50_slowdown": 2640.616666666667, "p95_slowdown": 2640.633333333333, "p99_slowdown": 2640.65, "avg_pue": 1.1261802261008524, "jain_fairness": 0.8530364493464074}