{"country": "SE", "mw": 1.0, "nodes": 667, "layer": "fsla", "mechanism": "M1", "seed": 20260523, "n_jobs": 360139, "energy_kwh": 9310.965416634077, "co2_g_it": 105281.73420917596, "co2_g_facility": 118566.2072359271, "co2_tonnes_y": 1.2809277662116407, "cfe_pct": 39.88298720904029, "cfe_abs_pct": 99.99999999999999, "ci_weighted_mean": 12.122296039274543, "p50_slowdown": 11280.616666666667, "p95_slowdown": 11280.633333333333, "p99_slowdown": 11280.633333333333, "avg_pue": 1.1261802261008529, "jain_fairness": 0.3623306084980338}