{"country": "SE", "mw": 1.0, "nodes": 667, "layer": "pue", "mechanism": "GridPilot-PUE", "seed": 20260524, "n_jobs": 360139, "energy_kwh": 6919.040416662405, "co2_g_it": 77292.31046566891, "co2_g_facility": 87045.0716760862, "co2_tonnes_y": 0.940389777332305, "cfe_pct": 42.97099399449959, "cfe_abs_pct": 100.0, "ci_weighted_mean": 12.282626394526083, "p50_slowdown": 2640.616666666667, "p95_slowdown": 2640.633333333333, "p99_slowdown": 2640.65, "avg_pue": 1.1261802261008524, "jain_fairness": 0.856928713545072}