{"country": "SE", "mw": 10.0, "nodes": 6667, "layer": "fsla", "mechanism": "M1", "seed": 20260520, "n_jobs": 360139, "energy_kwh": 89732.07166702075, "co2_g_it": 1014195.878082509, "co2_g_facility": 2212146.319674086, "co2_tonnes_y": 12.339383183337192, "cfe_pct": 39.99157950016316, "cfe_abs_pct": 100.0, "ci_weighted_mean": 12.007856887292693, "p50_slowdown": 11280.616666666667, "p95_slowdown": 11280.633333333333, "p99_slowdown": 11280.633333333333, "avg_pue": 2.1810110928623834, "jain_fairness": 0.3502872880301957}