{"country": "SE", "mw": 10.0, "nodes": 6667, "layer": "fsla", "mechanism": "none", "seed": 20260519, "n_jobs": 360139, "energy_kwh": 61803.22708334204, "co2_g_it": 688674.7103161797, "co2_g_facility": 1501969.2333278733, "co2_tonnes_y": 8.378875642180185, "cfe_pct": 43.60379356622043, "cfe_abs_pct": 100.0, "ci_weighted_mean": 12.119649197364522, "p50_slowdown": 1260.6166666666666, "p95_slowdown": 1260.65, "p99_slowdown": 1260.65, "avg_pue": 2.1811059509908817, "jain_fairness": 0.9809300735902445}