{"country": "SE", "mw": 1.0, "nodes": 667, "layer": "fsla", "mechanism": "M3", "seed": 20260521, "n_jobs": 360139, "energy_kwh": 9314.140416634045, "co2_g_it": 105279.6579908594, "co2_g_facility": 118563.8690399174, "co2_tonnes_y": 1.280902505555456, "cfe_pct": 39.97534522379201, "cfe_abs_pct": 100.0, "ci_weighted_mean": 12.122285760467136, "p50_slowdown": 11280.616666666667, "p95_slowdown": 11280.633333333333, "p99_slowdown": 11280.633333333333, "avg_pue": 1.1261802261008529, "jain_fairness": 0.3558913974625052}