{"country": "SE", "mw": 50.0, "nodes": 33333, "layer": "pue", "mechanism": "GridPilot-PUE", "seed": 20260517, "n_jobs": 360139, "energy_kwh": 327786.3095830223, "co2_g_it": 3659757.7986709853, "co2_g_facility": 86774087.1696906, "co2_tonnes_y": 44.527053217163655, "cfe_pct": 43.104319491439014, "cfe_abs_pct": 100.0, "ci_weighted_mean": 12.202986175337559, "p50_slowdown": 2640.616666666667, "p95_slowdown": 2640.633333333333, "p99_slowdown": 2640.65, "avg_pue": 23.710383532752598, "jain_fairness": 0.8250925800904829}