{"country": "SE", "mw": 50.0, "nodes": 33333, "layer": "fsla", "mechanism": "none", "seed": 20260519, "n_jobs": 360139, "energy_kwh": 307516.9287499389, "co2_g_it": 3426256.4474174697, "co2_g_facility": 81237535.38006155, "co2_tonnes_y": 41.686120110245874, "cfe_pct": 43.63409797931084, "cfe_abs_pct": 100.0, "ci_weighted_mean": 12.114846725303691, "p50_slowdown": 1260.6166666666666, "p95_slowdown": 1260.65, "p99_slowdown": 1260.65, "avg_pue": 23.71054216506039, "jain_fairness": 0.9801652801547938}