{"country": "SE", "mw": 10.0, "nodes": 6667, "layer": "pue", "mechanism": "GridPilot-PUE", "seed": 20260520, "n_jobs": 360139, "energy_kwh": 65860.29666670627, "co2_g_it": 734790.788637774, "co2_g_facility": 1602434.891990288, "co2_tonnes_y": 8.939954595092917, "cfe_pct": 43.29147996312105, "cfe_abs_pct": 100.0, "ci_weighted_mean": 12.20205592247562, "p50_slowdown": 2640.616666666667, "p95_slowdown": 2640.633333333333, "p99_slowdown": 2640.65, "avg_pue": 2.180999134159467, "jain_fairness": 0.8268357268802272}