{"country": "SE", "mw": 50.0, "nodes": 33333, "layer": "pue", "mechanism": "GridPilot-PUE", "seed": 20260524, "n_jobs": 360139, "energy_kwh": 327670.70958302496, "co2_g_it": 3658766.9250951954, "co2_g_facility": 86750985.43710189, "co2_tonnes_y": 44.514997588658204, "cfe_pct": 43.08359398378149, "cfe_abs_pct": 100.0, "ci_weighted_mean": 12.202405533700057, "p50_slowdown": 2640.616666666667, "p95_slowdown": 2640.633333333333, "p99_slowdown": 2640.65, "avg_pue": 23.710413540568222, "jain_fairness": 0.827969954788676}