{"country": "SE", "mw": 50.0, "nodes": 33333, "layer": "fsla", "mechanism": "M0", "seed": 20260519, "n_jobs": 360139, "energy_kwh": 447150.23458066036, "co2_g_it": 5053373.833635741, "co2_g_facility": 119816414.39523156, "co2_tonnes_y": 61.482714975901516, "cfe_pct": 40.018802798075185, "cfe_abs_pct": 100.0, "ci_weighted_mean": 11.998624421448755, "p50_slowdown": 11280.616666666667, "p95_slowdown": 11280.633333333333, "p99_slowdown": 11280.633333333333, "avg_pue": 23.710107697576213, "jain_fairness": 0.3503146489895007}