{"country": "SE", "mw": 50.0, "nodes": 33333, "layer": "pue", "mechanism": "GridPilot-PUE", "seed": 20260521, "n_jobs": 360139, "energy_kwh": 327845.8095830216, "co2_g_it": 3654436.8385303365, "co2_g_facility": 86648186.85401756, "co2_tonnes_y": 44.46231486878576, "cfe_pct": 43.51785561076504, "cfe_abs_pct": 100.0, "ci_weighted_mean": 12.195262091073092, "p50_slowdown": 2640.616666666667, "p95_slowdown": 2640.633333333333, "p99_slowdown": 2640.65, "avg_pue": 23.710413540568222, "jain_fairness": 0.824627210196003}