{"country": "SE", "mw": 50.0, "nodes": 33333, "layer": "fsla", "mechanism": "M0", "seed": 20260521, "n_jobs": 360139, "energy_kwh": 447334.6845806575, "co2_g_it": 5054435.8072565915, "co2_g_facility": 119841713.40855387, "co2_tonnes_y": 61.495635654955194, "cfe_pct": 40.0705813679814, "cfe_abs_pct": 100.0, "ci_weighted_mean": 11.99780989065398, "p50_slowdown": 11280.616666666667, "p95_slowdown": 11280.633333333333, "p99_slowdown": 11280.633333333333, "avg_pue": 23.71010769819009, "jain_fairness": 0.3477546953798338}