{"country": "SE", "mw": 10.0, "nodes": 6667, "layer": "pue", "mechanism": "GridPilot-PUE", "seed": 20260524, "n_jobs": 360139, "energy_kwh": 65835.47166670588, "co2_g_it": 735211.5463103852, "co2_g_facility": 1603502.9593852516, "co2_tonnes_y": 8.94507381344302, "cfe_pct": 43.05141814091657, "cfe_abs_pct": 100.0, "ci_weighted_mean": 12.204533299090013, "p50_slowdown": 2640.616666666667, "p95_slowdown": 2640.633333333333, "p99_slowdown": 2640.65, "avg_pue": 2.181059389469078, "jain_fairness": 0.8295426961881285}