{"country": "SE", "mw": 1.0, "nodes": 667, "layer": "pue", "mechanism": "GridPilot-PUE", "seed": 20260518, "n_jobs": 360139, "energy_kwh": 6928.21541666232, "co2_g_it": 77165.54779361666, "co2_g_facility": 86902.31406141324, "co2_tonnes_y": 0.9388474981556693, "cfe_pct": 43.72053984300324, "cfe_abs_pct": 100.0, "ci_weighted_mean": 12.278929810527702, "p50_slowdown": 2640.616666666667, "p95_slowdown": 2640.633333333333, "p99_slowdown": 2640.65, "avg_pue": 1.1261802261008524, "jain_fairness": 0.8469379895988214}