{"country": "SE", "mw": 1.0, "nodes": 667, "layer": "fsla", "mechanism": "M0", "seed": 20260517, "n_jobs": 360139, "energy_kwh": 9312.490416634062, "co2_g_it": 105280.43577420631, "co2_g_facility": 118564.7449641418, "co2_tonnes_y": 1.280911968586177, "cfe_pct": 39.928088630968595, "cfe_abs_pct": 100.0, "ci_weighted_mean": 12.122789454654482, "p50_slowdown": 11280.616666666667, "p95_slowdown": 11280.633333333333, "p99_slowdown": 11280.633333333333, "avg_pue": 1.1261802261008529, "jain_fairness": 0.35824490935689723}