{"country": "SE", "mw": 10.0, "nodes": 6667, "layer": "fsla", "mechanism": "M1", "seed": 20260522, "n_jobs": 360139, "energy_kwh": 89742.94666702083, "co2_g_it": 1014081.9720142338, "co2_g_facility": 2211790.9009319292, "co2_tonnes_y": 12.337997326173177, "cfe_pct": 40.05135424328659, "cfe_abs_pct": 99.99999999999999, "ci_weighted_mean": 12.007053854977748, "p50_slowdown": 11280.616666666667, "p95_slowdown": 11280.633333333333, "p99_slowdown": 11280.633333333333, "avg_pue": 2.1809625162216713, "jain_fairness": 0.3515181794523879}