{"country": "SE", "mw": 50.0, "nodes": 33333, "layer": "fsla", "mechanism": "M1", "seed": 20260524, "n_jobs": 360139, "energy_kwh": 447151.08458066033, "co2_g_it": 5053402.7674019085, "co2_g_facility": 119817103.07833257, "co2_tonnes_y": 61.483067003389884, "cfe_pct": 40.01782370561584, "cfe_abs_pct": 100.0, "ci_weighted_mean": 11.998534674818941, "p50_slowdown": 11280.616666666667, "p95_slowdown": 11280.633333333333, "p99_slowdown": 11280.633333333333, "avg_pue": 23.710107697576213, "jain_fairness": 0.3506119542298469}