{"country": "SE", "mw": 1.0, "nodes": 667, "layer": "pue", "mechanism": "GridPilot-PUE", "seed": 20260520, "n_jobs": 360139, "energy_kwh": 6921.490416662394, "co2_g_it": 77233.2784738018, "co2_g_facility": 86978.59101413915, "co2_tonnes_y": 0.9396715547645885, "cfe_pct": 43.253753238077614, "cfe_abs_pct": 100.0, "ci_weighted_mean": 12.278996976063043, "p50_slowdown": 2640.616666666667, "p95_slowdown": 2640.633333333333, "p99_slowdown": 2640.65, "avg_pue": 1.1261802261008524, "jain_fairness": 0.8528675385470701}