{"country": "SE", "mw": 10.0, "nodes": 6667, "layer": "pue", "mechanism": "GridPilot-PUE", "seed": 20260518, "n_jobs": 360139, "energy_kwh": 65924.34666670712, "co2_g_it": 734588.0901482751, "co2_g_facility": 1602346.2978221176, "co2_tonnes_y": 8.937488430137348, "cfe_pct": 43.60666116815007, "cfe_abs_pct": 100.0, "ci_weighted_mean": 12.206269782257936, "p50_slowdown": 2640.616666666667, "p95_slowdown": 2640.633333333333, "p99_slowdown": 2640.65, "avg_pue": 2.18100582500444, "jain_fairness": 0.8216260398687457}