{"country": "SE", "mw": 50.0, "nodes": 33333, "layer": "fsla", "mechanism": "M3", "seed": 20260523, "n_jobs": 360139, "energy_kwh": 447198.68458065926, "co2_g_it": 5053712.969220359, "co2_g_facility": 119824482.54504856, "co2_tonnes_y": 61.48684112551437, "cfe_pct": 40.029359307905466, "cfe_abs_pct": 100.0, "ci_weighted_mean": 11.99816049910311, "p50_slowdown": 11280.616666666667, "p95_slowdown": 11280.633333333333, "p99_slowdown": 11280.633333333333, "avg_pue": 23.71010769819009, "jain_fairness": 0.35098384472188215}