{"country": "SE", "mw": 50.0, "nodes": 33333, "layer": "fsla", "mechanism": "M0", "seed": 20260518, "n_jobs": 360139, "energy_kwh": 447144.2845806605, "co2_g_it": 5053472.563808444, "co2_g_facility": 119818762.0457509, "co2_tonnes_y": 61.48391619300273, "cfe_pct": 40.01039489274435, "cfe_abs_pct": 100.0, "ci_weighted_mean": 11.998638610199704, "p50_slowdown": 11280.616666666667, "p95_slowdown": 11280.633333333333, "p99_slowdown": 11280.633333333333, "avg_pue": 23.710107696962332, "jain_fairness": 0.3506255580690822}