{"country": "SE", "mw": 10.0, "nodes": 6667, "layer": "pue", "mechanism": "GridPilot-PUE", "seed": 20260523, "n_jobs": 360139, "energy_kwh": 65855.09666670617, "co2_g_it": 735281.6706388632, "co2_g_facility": 1603527.1590445016, "co2_tonnes_y": 8.945926992772836, "cfe_pct": 43.10268071379305, "cfe_abs_pct": 100.0, "ci_weighted_mean": 12.204100736425948, "p50_slowdown": 2640.616666666667, "p95_slowdown": 2640.633333333333, "p99_slowdown": 2640.65, "avg_pue": 2.180912085656822, "jain_fairness": 0.8289388261999471}