{"country": "SE", "mw": 10.0, "nodes": 6667, "layer": "fsla", "mechanism": "M1", "seed": 20260521, "n_jobs": 360139, "energy_kwh": 89767.92166702118, "co2_g_it": 1014275.4680565352, "co2_g_facility": 2212230.5660748496, "co2_tonnes_y": 12.340351528021177, "cfe_pct": 40.073740826710704, "cfe_abs_pct": 99.99999999999999, "ci_weighted_mean": 12.006929363279944, "p50_slowdown": 11280.616666666667, "p95_slowdown": 11280.633333333333, "p99_slowdown": 11280.633333333333, "avg_pue": 2.1810126694763663, "jain_fairness": 0.3497095876370578}