{"country": "SE", "mw": 10.0, "nodes": 6667, "layer": "fsla", "mechanism": "M2", "seed": 20260517, "n_jobs": 360139, "energy_kwh": 89753.74666702101, "co2_g_it": 1014215.6879787828, "co2_g_facility": 2212302.4938398316, "co2_tonnes_y": 12.339624203741858, "cfe_pct": 40.048407120047266, "cfe_abs_pct": 100.0, "ci_weighted_mean": 12.007626586380212, "p50_slowdown": 11280.616666666667, "p95_slowdown": 11280.633333333333, "p99_slowdown": 11280.633333333333, "avg_pue": 2.1810252021464294, "jain_fairness": 0.350645142334852}