{"country": "SE", "mw": 10.0, "nodes": 6667, "layer": "fsla", "mechanism": "M2", "seed": 20260518, "n_jobs": 360139, "energy_kwh": 89729.97166702071, "co2_g_it": 1014171.7688463536, "co2_g_facility": 2212132.0651662047, "co2_tonnes_y": 12.339089854297303, "cfe_pct": 39.99167391492458, "cfe_abs_pct": 100.0, "ci_weighted_mean": 12.007858168367758, "p50_slowdown": 11280.616666666667, "p95_slowdown": 11280.633333333333, "p99_slowdown": 11280.633333333333, "avg_pue": 2.18103930096416, "jain_fairness": 0.35088269389845733}