{"country": "SE", "mw": 1.0, "nodes": 667, "layer": "fsla", "mechanism": "M0", "seed": 20260518, "n_jobs": 360139, "energy_kwh": 9309.840416634088, "co2_g_it": 105273.02035776766, "co2_g_facility": 118556.39386877767, "co2_tonnes_y": 1.280821747686173, "cfe_pct": 39.87323824152925, "cfe_abs_pct": 100.0, "ci_weighted_mean": 12.122873534207086, "p50_slowdown": 11280.616666666667, "p95_slowdown": 11280.633333333333, "p99_slowdown": 11280.633333333333, "avg_pue": 1.1261802261008529, "jain_fairness": 0.36537308599098}