{"country": "SE", "mw": 50.0, "nodes": 33333, "layer": "fsla", "mechanism": "M1", "seed": 20260520, "n_jobs": 360139, "energy_kwh": 447157.0345806603, "co2_g_it": 5053614.00747595, "co2_g_facility": 119822115.26285152, "co2_tonnes_y": 61.48563709095739, "cfe_pct": 40.01052925981938, "cfe_abs_pct": 100.0, "ci_weighted_mean": 11.998653846710534, "p50_slowdown": 11280.616666666667, "p95_slowdown": 11280.633333333333, "p99_slowdown": 11280.633333333333, "avg_pue": 23.710107697985464, "jain_fairness": 0.35038717475591513}