{"country": "SE", "mw": 1.0, "nodes": 667, "layer": "fsla", "mechanism": "M1", "seed": 20260522, "n_jobs": 360139, "energy_kwh": 9311.365416634073, "co2_g_it": 105274.98330590845, "co2_g_facility": 118558.60450216058, "co2_tonnes_y": 1.280845630221886, "cfe_pct": 39.9104128056778, "cfe_abs_pct": 99.99999999999999, "ci_weighted_mean": 12.12232350165747, "p50_slowdown": 11280.616666666667, "p95_slowdown": 11280.633333333333, "p99_slowdown": 11280.633333333333, "avg_pue": 1.1261802261008529, "jain_fairness": 0.36124582385397985}