{"country": "SE", "mw": 10.0, "nodes": 6667, "layer": "pue", "mechanism": "GridPilot-PUE", "seed": 20260521, "n_jobs": 360139, "energy_kwh": 65870.02166670637, "co2_g_it": 734198.0117992484, "co2_g_facility": 1601215.9950569689, "co2_tonnes_y": 8.932742476890855, "cfe_pct": 43.53263711440488, "cfe_abs_pct": 100.0, "ci_weighted_mean": 12.201227011904948, "p50_slowdown": 2640.616666666667, "p95_slowdown": 2640.633333333333, "p99_slowdown": 2640.65, "avg_pue": 2.18090541761015, "jain_fairness": 0.8264883815909244}