{"country": "SE", "mw": 50.0, "nodes": 33333, "layer": "fsla", "mechanism": "M3", "seed": 20260522, "n_jobs": 360139, "energy_kwh": 447214.83458065917, "co2_g_it": 5053148.198610194, "co2_g_facility": 119811087.96917206, "co2_tonnes_y": 61.47996974975736, "cfe_pct": 40.067209229804234, "cfe_abs_pct": 100.0, "ci_weighted_mean": 11.997697570491539, "p50_slowdown": 11280.616666666667, "p95_slowdown": 11280.633333333333, "p99_slowdown": 11280.633333333333, "avg_pue": 23.71010769819009, "jain_fairness": 0.3494350833229934}