{"country": "SE", "mw": 1.0, "nodes": 667, "layer": "fsla", "mechanism": "none", "seed": 20260519, "n_jobs": 360139, "energy_kwh": 6513.64833333228, "co2_g_it": 72750.61282529663, "co2_g_facility": 81930.30160056597, "co2_tonnes_y": 0.8851324560411089, "cfe_pct": 43.01647928446522, "cfe_abs_pct": 100.0, "ci_weighted_mean": 12.18954291434519, "p50_slowdown": 1260.6166666666666, "p95_slowdown": 1260.65, "p99_slowdown": 1260.65, "avg_pue": 1.1261802261008529, "jain_fairness": 0.9844979662694929}