{"country": "SE", "mw": 50.0, "nodes": 33333, "layer": "pue", "mechanism": "none", "seed": 20260517, "n_jobs": 359451, "energy_kwh": 9446452.5, "co2_g_it": 110534459.33267438, "co2_g_facility": 2620787167.38079, "co2_tonnes_y": 1344.8359218808716, "cfe_pct": 30.961066356754, "cfe_abs_pct": 100.0, "ci_weighted_mean": 11.997228054769565, "p50_slowdown": 11280.616666666667, "p95_slowdown": 11280.633333333333, "p99_slowdown": 11280.633333333333, "avg_pue": 23.71011598405779, "jain_fairness": 0.3501090672703042}