{"country": "SE", "mw": 10.0, "nodes": 6667, "layer": "pue", "mechanism": "GridPilot-PUE", "seed": 20260517, "n_jobs": 360139, "energy_kwh": 65858.19666670621, "co2_g_it": 735286.6003959118, "co2_g_facility": 1603556.289968256, "co2_tonnes_y": 8.945986971483594, "cfe_pct": 43.11288974642463, "cfe_abs_pct": 100.0, "ci_weighted_mean": 12.208887951241685, "p50_slowdown": 2640.616666666667, "p95_slowdown": 2640.633333333333, "p99_slowdown": 2640.65, "avg_pue": 2.1809656466140326, "jain_fairness": 0.002252238668849864}