{"country": "SE", "mw": 1.0, "nodes": 667, "layer": "fsla", "mechanism": "M2", "seed": 20260524, "n_jobs": 360139, "energy_kwh": 9309.915416634087, "co2_g_it": 105271.83271551432, "co2_g_facility": 118555.05636955674, "co2_tonnes_y": 1.2808072980387575, "cfe_pct": 39.878191271603114, "cfe_abs_pct": 100.0, "ci_weighted_mean": 12.122846481175356, "p50_slowdown": 11280.616666666667, "p95_slowdown": 11280.633333333333, "p99_slowdown": 11280.633333333333, "avg_pue": 1.1261802261008529, "jain_fairness": 0.3659347379657706}