{"country": "SE", "mw": 50.0, "nodes": 33333, "layer": "pue", "mechanism": "GridPilot-PUE", "seed": 20260520, "n_jobs": 360139, "energy_kwh": 327796.50958302215, "co2_g_it": 3656712.3258902337, "co2_g_facility": 86701601.9404003, "co2_tonnes_y": 44.48999996499784, "cfe_pct": 43.32263912021322, "cfe_abs_pct": 100.0, "ci_weighted_mean": 12.195361321759973, "p50_slowdown": 2640.616666666667, "p95_slowdown": 2640.633333333333, "p99_slowdown": 2640.65, "avg_pue": 23.710383532752598, "jain_fairness": 0.8256944959304167}