{"country": "SE", "mw": 10.0, "nodes": 6667, "layer": "fsla", "mechanism": "M1", "seed": 20260523, "n_jobs": 360139, "energy_kwh": 89740.4966670208, "co2_g_it": 1014125.33570608, "co2_g_facility": 2211906.181791304, "co2_tonnes_y": 12.338524917757306, "cfe_pct": 40.033420792466835, "cfe_abs_pct": 100.0, "ci_weighted_mean": 12.007305199231268, "p50_slowdown": 11280.616666666667, "p95_slowdown": 11280.633333333333, "p99_slowdown": 11280.633333333333, "avg_pue": 2.1810063977029404, "jain_fairness": 0.3472337397604643}