{"country": "SE", "mw": 10.0, "nodes": 6667, "layer": "pue", "mechanism": "GridPilot-PUE", "seed": 20260522, "n_jobs": 360139, "energy_kwh": 65814.47166670572, "co2_g_it": 734944.064136178, "co2_g_facility": 1603041.6512235764, "co2_tonnes_y": 8.941819446990166, "cfe_pct": 43.062764366808175, "cfe_abs_pct": 99.99999999999999, "ci_weighted_mean": 12.203009555692184, "p50_slowdown": 2640.616666666667, "p95_slowdown": 2640.633333333333, "p99_slowdown": 2640.65, "avg_pue": 2.181019222477813, "jain_fairness": 0.8338898362511109}