{"country": "SE", "mw": 1.0, "nodes": 667, "layer": "pue", "mechanism": "GridPilot-PUE", "seed": 20260521, "n_jobs": 360139, "energy_kwh": 6922.7904166623775, "co2_g_it": 77185.05776945894, "co2_g_facility": 86924.28581042029, "co2_tonnes_y": 0.9390848695284171, "cfe_pct": 43.458996959761265, "cfe_abs_pct": 100.0, "ci_weighted_mean": 12.27935465356146, "p50_slowdown": 2640.616666666667, "p95_slowdown": 2640.633333333333, "p99_slowdown": 2640.65, "avg_pue": 1.1261802261008524, "jain_fairness": 0.8540309571185888}