{"country": "SE", "mw": 10.0, "nodes": 6667, "layer": "fsla", "mechanism": "M3", "seed": 20260519, "n_jobs": 360139, "energy_kwh": 89731.37166702075, "co2_g_it": 1014131.9092850939, "co2_g_facility": 2212063.019557869, "co2_tonnes_y": 12.338604896301975, "cfe_pct": 40.00573041239379, "cfe_abs_pct": 100.0, "ci_weighted_mean": 12.007663285294148, "p50_slowdown": 11280.616666666667, "p95_slowdown": 11280.633333333333, "p99_slowdown": 11280.633333333333, "avg_pue": 2.1810518385595565, "jain_fairness": 0.3494711403076792}