{"country": "SE", "mw": 50.0, "nodes": 33333, "layer": "fsla", "mechanism": "M0", "seed": 20260517, "n_jobs": 360139, "energy_kwh": 447263.28458065825, "co2_g_it": 5054244.954756216, "co2_g_facility": 119837116.30858368, "co2_tonnes_y": 61.49331361620062, "cfe_pct": 40.0393893973533, "cfe_abs_pct": 100.0, "ci_weighted_mean": 11.999062489378447, "p50_slowdown": 11280.616666666667, "p95_slowdown": 11280.633333333333, "p99_slowdown": 11280.633333333333, "avg_pue": 23.71010770003174, "jain_fairness": 0.3505859535200593}