{"country": "SE", "mw": 50.0, "nodes": 33333, "layer": "pue", "mechanism": "GridPilot-PUE", "seed": 20260523, "n_jobs": 360139, "energy_kwh": 327771.85958302265, "co2_g_it": 3659179.0760750147, "co2_g_facility": 86760731.21129428, "co2_tonnes_y": 44.52001209224601, "cfe_pct": 43.133164192431586, "cfe_abs_pct": 100.0, "ci_weighted_mean": 12.201859958358535, "p50_slowdown": 2640.616666666667, "p95_slowdown": 2640.633333333333, "p99_slowdown": 2640.65, "avg_pue": 23.71041354231686, "jain_fairness": 0.8254274757918936}