{"country": "SE", "mw": 10.0, "nodes": 6667, "layer": "pue", "mechanism": "none", "seed": 20260522, "n_jobs": 359481, "energy_kwh": 1889310.0, "co2_g_it": 22107028.886373647, "co2_g_facility": 48216032.12346197, "co2_tonnes_y": 268.96885145087936, "cfe_pct": 30.962159218550344, "cfe_abs_pct": 99.99999999999999, "ci_weighted_mean": 12.006748354529869, "p50_slowdown": 11280.616666666667, "p95_slowdown": 11280.633333333333, "p99_slowdown": 11280.633333333333, "avg_pue": 2.181034237118367, "jain_fairness": 0.3529043772341174}