{"country": "SE", "mw": 1.0, "nodes": 667, "layer": "pue", "mechanism": "GridPilot-PUE", "seed": 20260517, "n_jobs": 360139, "energy_kwh": 6921.340416662396, "co2_g_it": 77282.60300846754, "co2_g_facility": 87034.13932974129, "co2_tonnes_y": 0.9402716699363551, "cfe_pct": 43.0868502882394, "cfe_abs_pct": 99.99999999999999, "ci_weighted_mean": 12.282169797155351, "p50_slowdown": 2640.616666666667, "p95_slowdown": 2640.633333333333, "p99_slowdown": 2640.65, "avg_pue": 1.1261802261008524, "jain_fairness": 0.8554105226498679}