{"country": "SE", "mw": 1.0, "nodes": 667, "layer": "pue", "mechanism": "none", "seed": 20260521, "n_jobs": 359678, "energy_kwh": 189094.5, "co2_g_it": 2212624.0923851663, "co2_g_facility": 2491813.5006385213, "co2_tonnes_y": 26.920259790686192, "cfe_pct": 30.96119229365712, "cfe_abs_pct": 100.0, "ci_weighted_mean": 12.122058894192815, "p50_slowdown": 11280.616666666667, "p95_slowdown": 11280.633333333333, "p99_slowdown": 11280.633333333333, "avg_pue": 1.126180226100853, "jain_fairness": 0.3649949360107369}