{"country": "CH", "mw": 1.0, "nodes": 667, "layer": "fsla", "mechanism": "M2", "seed": 20260521, "n_jobs": 1994, "energy_kwh": 6378.215416666663, "co2_g_it": 192912.08582421025, "co2_g_facility": 246975.42850705338, "co2_tonnes_y": 2.347097044194558, "cfe_pct": 43.34288352214899, "cfe_abs_pct": 100.0, "ci_weighted_mean": 29.896878588860694, "p50_slowdown": 12.217866245903629, "p95_slowdown": 139.46153846153845, "p99_slowdown": 348.89879518072206, "avg_pue": 1.2694638346333589, "jain_fairness": 0.7597554472646652}