{"country": "CH", "mw": 1.0, "nodes": 667, "layer": "fsla", "mechanism": "M0", "seed": 20260523, "n_jobs": 1994, "energy_kwh": 6378.215416666654, "co2_g_it": 189290.1870515723, "co2_g_facility": 233592.0245825701, "co2_tonnes_y": 2.303030609127463, "cfe_pct": 47.41608311215298, "cfe_abs_pct": 100.0, "ci_weighted_mean": 30.164289639259845, "p50_slowdown": 12.594881436025037, "p95_slowdown": 143.32428968169185, "p99_slowdown": 311.33413461538373, "avg_pue": 1.1648566613091818, "jain_fairness": 0.89378135722485}