{"country": "CH", "mw": 10.0, "nodes": 6667, "layer": "pue", "mechanism": "GridPilot-PUE", "seed": 20260518, "n_jobs": 1994, "energy_kwh": 60331.346666666745, "co2_g_it": 1793938.7626903653, "co2_g_facility": 3872192.981198729, "co2_tonnes_y": 21.82625494606611, "cfe_pct": 47.006068227108884, "cfe_abs_pct": 100.0, "ci_weighted_mean": 30.656655477600275, "p50_slowdown": 13.381780435438365, "p95_slowdown": 147.70089858793315, "p99_slowdown": 377.238522041337, "avg_pue": 2.0992065357404814, "jain_fairness": 0.9366320752270186}