{"country": "CH", "mw": 50.0, "nodes": 33333, "layer": "fsla", "mechanism": "M2", "seed": 20260524, "n_jobs": 1994, "energy_kwh": 300102.63458333333, "co2_g_it": 8941070.229825133, "co2_g_facility": 201135934.4946917, "co2_tonnes_y": 108.78302112953912, "cfe_pct": 46.585704604941014, "cfe_abs_pct": 100.0, "ci_weighted_mean": 30.439877998773177, "p50_slowdown": 12.46094847986162, "p95_slowdown": 148.7808219178082, "p99_slowdown": 315.75543478260715, "avg_pue": 18.969764382087362, "jain_fairness": 0.44665243990895065}