{"country": "CH", "mw": 50.0, "nodes": 33333, "layer": "fsla", "mechanism": "M0", "seed": 20260520, "n_jobs": 1994, "energy_kwh": 300102.6345833324, "co2_g_it": 8986920.583989322, "co2_g_facility": 192011485.33840808, "co2_tonnes_y": 109.34086710520342, "cfe_pct": 45.48980327819027, "cfe_abs_pct": 100.0, "ci_weighted_mean": 30.037715161096568, "p50_slowdown": 10.881386551976325, "p95_slowdown": 137.36363636363637, "p99_slowdown": 263.17391304347746, "avg_pue": 17.40966031323795, "jain_fairness": 0.7869711656466175}