{"country": "CH", "mw": 1.0, "nodes": 667, "layer": "pue", "mechanism": "none", "seed": 20260522, "n_jobs": 1994, "energy_kwh": 12196.5, "co2_g_it": 366885.10641848727, "co2_g_facility": 431257.73716258025, "co2_tonnes_y": 4.463768794758261, "cfe_pct": 44.52129090193308, "cfe_abs_pct": 100.0, "ci_weighted_mean": 30.605547790829366, "p50_slowdown": 15.461004060365667, "p95_slowdown": 172.68944099378874, "p99_slowdown": 457.19746835442993, "avg_pue": 1.217332420242118, "jain_fairness": 0.8893062355901309}