{"country": "CH", "mw": 1.0, "nodes": 667, "layer": "pue", "mechanism": "GridPilot-PUE", "seed": 20260524, "n_jobs": 1994, "energy_kwh": 6378.215416666662, "co2_g_it": 190400.25645955137, "co2_g_facility": 231829.54172652957, "co2_tonnes_y": 2.316536453591208, "cfe_pct": 46.16769530749794, "cfe_abs_pct": 100.0, "ci_weighted_mean": 30.603286395124425, "p50_slowdown": 14.417339709880341, "p95_slowdown": 161.74912063884395, "p99_slowdown": 413.0285714285709, "avg_pue": 1.188480874725027, "jain_fairness": 0.02011270514990873}