{"country": "CH", "mw": 50.0, "nodes": 33333, "layer": "fsla", "mechanism": "M1", "seed": 20260517, "n_jobs": 1994, "energy_kwh": 300102.6345833325, "co2_g_it": 8931129.44779408, "co2_g_facility": 197264812.4811246, "co2_tonnes_y": 108.6620749481613, "cfe_pct": 46.823306176736224, "cfe_abs_pct": 100.0, "ci_weighted_mean": 30.2370863830962, "p50_slowdown": 12.258802816901408, "p95_slowdown": 144.17933563758208, "p99_slowdown": 296.60270009643153, "avg_pue": 19.99755645432581, "jain_fairness": 0.9245836818666082}