{"country": "CH", "mw": 50.0, "nodes": 33333, "layer": "fsla", "mechanism": "M3", "seed": 20260523, "n_jobs": 1994, "energy_kwh": 300102.63458333287, "co2_g_it": 8885268.093395988, "co2_g_facility": 201592214.304929, "co2_tonnes_y": 108.10409513631785, "cfe_pct": 47.91947042775716, "cfe_abs_pct": 100.0, "ci_weighted_mean": 30.192418416604383, "p50_slowdown": 11.750574751594947, "p95_slowdown": 132.76360225140712, "p99_slowdown": 284.0093085106367, "avg_pue": 19.71659317009502, "jain_fairness": 0.9068644353325584}