{"country": "CH", "mw": 1.0, "nodes": 667, "layer": "pue", "mechanism": "GridPilot-PUE", "seed": 20260522, "n_jobs": 1994, "energy_kwh": 6378.215416666662, "co2_g_it": 190492.272056604, "co2_g_facility": 231809.7684337991, "co2_tonnes_y": 2.317655976688682, "cfe_pct": 46.06421425633763, "cfe_abs_pct": 100.0, "ci_weighted_mean": 30.601354812780556, "p50_slowdown": 14.66742596810934, "p95_slowdown": 162.40533288613108, "p99_slowdown": 421.0545454545454, "avg_pue": 1.1822477595616718, "jain_fairness": 0.8987988792180047}