{"country": "CH", "mw": 1.0, "nodes": 667, "layer": "fsla", "mechanism": "M1", "seed": 20260517, "n_jobs": 1994, "energy_kwh": 6378.215416666649, "co2_g_it": 190346.98833435547, "co2_g_facility": 233892.63120314036, "co2_tonnes_y": 2.3158883580679914, "cfe_pct": 46.227600820966714, "cfe_abs_pct": 100.0, "ci_weighted_mean": 30.194591580341886, "p50_slowdown": 13.467616580310882, "p95_slowdown": 151.0, "p99_slowdown": 324.75565610859667, "avg_pue": 1.1920818344462625, "jain_fairness": 0.8673209786958933}