{"country": "CH", "mw": 10.0, "nodes": 6667, "layer": "fsla", "mechanism": "M3", "seed": 20260524, "n_jobs": 1994, "energy_kwh": 60331.34666666671, "co2_g_it": 1797831.953178381, "co2_g_facility": 3825618.6535362913, "co2_tonnes_y": 21.873622097003636, "cfe_pct": 46.54319591793932, "cfe_abs_pct": 100.0, "ci_weighted_mean": 30.43383579538563, "p50_slowdown": 12.72320303428237, "p95_slowdown": 149.01623541349568, "p99_slowdown": 338.64858490566024, "avg_pue": 1.9633417836770974, "jain_fairness": 0.44394994438084007}