{"country": "CH", "mw": 50.0, "nodes": 33333, "layer": "pue", "mechanism": "none", "seed": 20260520, "n_jobs": 1994, "energy_kwh": 573970.5, "co2_g_it": 17248429.406012077, "co2_g_facility": 393503620.72268075, "co2_tonnes_y": 209.85589110648027, "cfe_pct": 44.737243947376804, "cfe_abs_pct": 100.0, "ci_weighted_mean": 30.61456046580723, "p50_slowdown": 14.173945648680498, "p95_slowdown": 157.9582539407586, "p99_slowdown": 411.2177215189873, "avg_pue": 20.45867354352737, "jain_fairness": 0.8417246747272737}