{"country": "CH", "mw": 10.0, "nodes": 6667, "layer": "fsla", "mechanism": "M1", "seed": 20260517, "n_jobs": 1994, "energy_kwh": 60331.34666666669, "co2_g_it": 1795741.462321598, "co2_g_facility": 3810014.679169726, "co2_tonnes_y": 21.848187791579445, "cfe_pct": 46.791740224506654, "cfe_abs_pct": 100.0, "ci_weighted_mean": 30.23100444139757, "p50_slowdown": 12.289733688857417, "p95_slowdown": 144.62709163346608, "p99_slowdown": 296.60270009643153, "avg_pue": 2.0148421806854775, "jain_fairness": 0.9204277508550485}