{"country": "CH", "mw": 1.0, "nodes": 667, "layer": "fsla", "mechanism": "M2", "seed": 20260519, "n_jobs": 1994, "energy_kwh": 6378.2154166666605, "co2_g_it": 189557.80294910353, "co2_g_facility": 229276.579925727, "co2_tonnes_y": 2.3062866025474262, "cfe_pct": 47.115121370113684, "cfe_abs_pct": 100.0, "ci_weighted_mean": 29.84965767757588, "p50_slowdown": 11.171094005915208, "p95_slowdown": 139.83720930232548, "p99_slowdown": 268.8202247191001, "avg_pue": 1.2944131160026793, "jain_fairness": 0.6832939412102258}