{"country": "CH", "mw": 50.0, "nodes": 33333, "layer": "fsla", "mechanism": "M2", "seed": 20260522, "n_jobs": 1994, "energy_kwh": 300102.6345833333, "co2_g_it": 8918748.34419272, "co2_g_facility": 193613704.7975405, "co2_tonnes_y": 108.51143818767808, "cfe_pct": 47.11923557817065, "cfe_abs_pct": 100.0, "ci_weighted_mean": 29.968950088686448, "p50_slowdown": 10.168645024268471, "p95_slowdown": 124.89273356401375, "p99_slowdown": 246.01537601341894, "avg_pue": 19.28414724073012, "jain_fairness": 0.8260065692832181}