{"country": "CH", "mw": 50.0, "nodes": 33333, "layer": "pue", "mechanism": "GridPilot-PUE", "seed": 20260517, "n_jobs": 1994, "energy_kwh": 300102.634583333, "co2_g_it": 8947224.34962038, "co2_g_facility": 200710757.64416826, "co2_tonnes_y": 108.8578962537146, "cfe_pct": 46.43861069102003, "cfe_abs_pct": 100.0, "ci_weighted_mean": 30.675407486370283, "p50_slowdown": 13.240940665550497, "p95_slowdown": 144.62709163346608, "p99_slowdown": 377.5530166036472, "avg_pue": 20.5818538838933, "jain_fairness": 0.9411965804809334}