{"country": "CH", "mw": 1.0, "nodes": 667, "layer": "pue", "mechanism": "GridPilot-PUE", "seed": 20260521, "n_jobs": 1994, "energy_kwh": 6378.215416666659, "co2_g_it": 189903.9748258281, "co2_g_facility": 230880.5701637155, "co2_tonnes_y": 2.3104983603809086, "cfe_pct": 46.725815308608716, "cfe_abs_pct": 100.0, "ci_weighted_mean": 30.576829233000495, "p50_slowdown": 14.471974648445237, "p95_slowdown": 159.83591282990912, "p99_slowdown": 413.0285714285709, "avg_pue": 1.1356806474458583, "jain_fairness": 0.719333296032101}