{"country": "CH", "mw": 1.0, "nodes": 667, "layer": "fsla", "mechanism": "M3", "seed": 20260518, "n_jobs": 1994, "energy_kwh": 6378.215416666661, "co2_g_it": 190174.16820444821, "co2_g_facility": 234022.67474361972, "co2_tonnes_y": 2.31378571315412, "cfe_pct": 46.42195492263309, "cfe_abs_pct": 100.0, "ci_weighted_mean": 30.013283466209323, "p50_slowdown": 11.623947925336758, "p95_slowdown": 140.53488372093022, "p99_slowdown": 253.8635709882879, "avg_pue": 1.2457200460673952, "jain_fairness": 0.9053025059573595}