{"country": "CH", "mw": 50.0, "nodes": 33333, "layer": "pue", "mechanism": "GridPilot-PUE", "seed": 20260518, "n_jobs": 1994, "energy_kwh": 300102.6345833334, "co2_g_it": 8922263.054150552, "co2_g_facility": 206174910.9890036, "co2_tonnes_y": 108.55420049216504, "cfe_pct": 47.03522804156188, "cfe_abs_pct": 100.0, "ci_weighted_mean": 30.655451439584244, "p50_slowdown": 13.33632631150738, "p95_slowdown": 144.15712360077356, "p99_slowdown": 377.238522041337, "avg_pue": 21.871078732246733, "jain_fairness": 0.9408959262126821}