{"country": "CH", "mw": 10.0, "nodes": 6667, "layer": "pue", "mechanism": "GridPilot-PUE", "seed": 20260519, "n_jobs": 1994, "energy_kwh": 60331.34666666673, "co2_g_it": 1799480.0439806737, "co2_g_facility": 3817119.4851097204, "co2_tonnes_y": 21.893673868431527, "cfe_pct": 46.34724979156055, "cfe_abs_pct": 100.0, "ci_weighted_mean": 30.677981033142434, "p50_slowdown": 13.28679456991631, "p95_slowdown": 147.08437705998676, "p99_slowdown": 377.5530166036472, "avg_pue": 1.9703358660707053, "jain_fairness": 0.7489464493108866}