{"country": "CH", "mw": 1.0, "nodes": 667, "layer": "pue", "mechanism": "GridPilot-PUE", "seed": 20260520, "n_jobs": 1994, "energy_kwh": 6378.2154166666605, "co2_g_it": 190114.6231886123, "co2_g_facility": 230844.31174980127, "co2_tonnes_y": 2.313061248794783, "cfe_pct": 46.48891944851175, "cfe_abs_pct": 100.0, "ci_weighted_mean": 30.573141281348164, "p50_slowdown": 14.37827040499262, "p95_slowdown": 159.05640872632807, "p99_slowdown": 411.2177215189873, "avg_pue": 1.195529773560636, "jain_fairness": 0.8552006158239072}