{"country": "CH", "mw": 50.0, "nodes": 33333, "layer": "fsla", "mechanism": "none", "seed": 20260521, "n_jobs": 1994, "energy_kwh": 300022.15375000064, "co2_g_it": 8963054.155497365, "co2_g_facility": 200387825.19137084, "co2_tonnes_y": 109.05049222521794, "cfe_pct": 46.00278373507175, "cfe_abs_pct": 99.99999999999999, "ci_weighted_mean": 30.595311150851646, "p50_slowdown": 15.069373167155426, "p95_slowdown": 170.78933915983012, "p99_slowdown": 451.3987341772148, "avg_pue": 19.84211236363831, "jain_fairness": 0.02050713810929454}