{"country": "CH", "mw": 50.0, "nodes": 33333, "layer": "pue", "mechanism": "GridPilot-PUE", "seed": 20260521, "n_jobs": 1994, "energy_kwh": 300102.63458333333, "co2_g_it": 8927391.514110439, "co2_g_facility": 203656790.2912993, "co2_tonnes_y": 108.61659675501033, "cfe_pct": 46.912649139463426, "cfe_abs_pct": 100.0, "ci_weighted_mean": 30.615867583294825, "p50_slowdown": 13.689467004366616, "p95_slowdown": 149.79629629629613, "p99_slowdown": 411.2177215189873, "avg_pue": 20.6279888897157, "jain_fairness": 0.7535768767512921}