{"country": "CH", "mw": 1.0, "nodes": 667, "layer": "fsla", "mechanism": "none", "seed": 20260519, "n_jobs": 1994, "energy_kwh": 6375.848333333315, "co2_g_it": 191128.505426148, "co2_g_facility": 229173.8713544595, "co2_tonnes_y": 2.325396816018134, "cfe_pct": 45.26890451521533, "cfe_abs_pct": 100.0, "ci_weighted_mean": 30.613257273687836, "p50_slowdown": 16.33002901353965, "p95_slowdown": 181.0, "p99_slowdown": 469.405194805194, "avg_pue": 1.1681341890936763, "jain_fairness": 0.8430748989546277}