{"country": "DE", "mw": 50.0, "nodes": 33333, "layer": "pue", "mechanism": "GridPilot-PUE", "seed": 20260517, "n_jobs": 1994, "energy_kwh": 300102.63458333304, "co2_g_it": 73803101.12076697, "co2_g_facility": 1646525992.0754664, "co2_tonnes_y": 897.9377303026647, "cfe_pct": 68.77669214242296, "cfe_abs_pct": 0.0, "ci_weighted_mean": 270.72962991285334, "p50_slowdown": 13.189960999508695, "p95_slowdown": 144.62709163346608, "p99_slowdown": 377.5530166036472, "avg_pue": 20.47461829410309, "jain_fairness": 0.9376932534110936}