{"country": "DE", "mw": 1.0, "nodes": 667, "layer": "fsla", "mechanism": "M3", "seed": 20260522, "n_jobs": 1994, "energy_kwh": 6378.215416666662, "co2_g_it": 1566290.757871936, "co2_g_facility": 1961116.3413349937, "co2_tonnes_y": 19.056537554108555, "cfe_pct": 68.91014777486794, "cfe_abs_pct": 0.0, "ci_weighted_mean": 267.5737886252953, "p50_slowdown": 15.041960808179162, "p95_slowdown": 167.23529411764704, "p99_slowdown": 424.2234095018883, "avg_pue": 1.1788279126734766, "jain_fairness": 0.8794758148373134}