{"country": "DE", "mw": 1.0, "nodes": 667, "layer": "fsla", "mechanism": "M2", "seed": 20260523, "n_jobs": 1994, "energy_kwh": 6378.21541666666, "co2_g_it": 1573322.5451098315, "co2_g_facility": 1953341.3572912852, "co2_tonnes_y": 19.14209096550295, "cfe_pct": 68.49847096939675, "cfe_abs_pct": 0.0, "ci_weighted_mean": 267.8857922587924, "p50_slowdown": 15.069373167155426, "p95_slowdown": 170.2308826782685, "p99_slowdown": 424.2234095018883, "avg_pue": 1.1880642818178657, "jain_fairness": 0.9214729407113315}