{"country": "DE", "mw": 10.0, "nodes": 6667, "layer": "fsla", "mechanism": "M1", "seed": 20260520, "n_jobs": 1994, "energy_kwh": 60331.346666666745, "co2_g_it": 14845114.15261869, "co2_g_facility": 31673753.251248557, "co2_tonnes_y": 180.61555552352738, "cfe_pct": 68.72683543522987, "cfe_abs_pct": 0.0, "ci_weighted_mean": 268.75053285803517, "p50_slowdown": 14.213533788397008, "p95_slowdown": 159.13818687688376, "p99_slowdown": 411.2177215189873, "avg_pue": 2.0311133689916208, "jain_fairness": 0.8177005499348381}