{"country": "DE", "mw": 10.0, "nodes": 6667, "layer": "fsla", "mechanism": "M3", "seed": 20260518, "n_jobs": 1994, "energy_kwh": 60331.34666666675, "co2_g_it": 14852209.615654768, "co2_g_facility": 31657739.262872804, "co2_tonnes_y": 180.701883657133, "cfe_pct": 68.68291894922527, "cfe_abs_pct": 0.0, "ci_weighted_mean": 268.7164465292072, "p50_slowdown": 14.280050440332307, "p95_slowdown": 159.13818687688376, "p99_slowdown": 411.2177215189873, "avg_pue": 2.0329616871135654, "jain_fairness": 0.9435911327520178}