{"country": "DE", "mw": 10.0, "nodes": 6667, "layer": "pue", "mechanism": "GridPilot-PUE", "seed": 20260519, "n_jobs": 1994, "energy_kwh": 60331.34666666673, "co2_g_it": 14864896.499826416, "co2_g_facility": 31408634.77773991, "co2_tonnes_y": 180.85624074788805, "cfe_pct": 68.60439505750253, "cfe_abs_pct": 0.0, "ci_weighted_mean": 271.0065070412273, "p50_slowdown": 13.2011795285824, "p95_slowdown": 147.70089858793315, "p99_slowdown": 377.5530166036472, "avg_pue": 1.9629356374694886, "jain_fairness": 0.7546598614522926}