{"country": "DE", "mw": 10.0, "nodes": 6667, "layer": "fsla", "mechanism": "M1", "seed": 20260517, "n_jobs": 1994, "energy_kwh": 60331.34666666673, "co2_g_it": 14824886.363086954, "co2_g_facility": 31728612.15812351, "co2_tonnes_y": 180.36945075089127, "cfe_pct": 68.85203282282212, "cfe_abs_pct": 0.0, "ci_weighted_mean": 268.55777941181265, "p50_slowdown": 14.173945648680498, "p95_slowdown": 157.12119137281746, "p99_slowdown": 411.2177215189873, "avg_pue": 2.02446901754744, "jain_fairness": 0.9281175892209999}