{"country": "DE", "mw": 1.0, "nodes": 667, "layer": "pue", "mechanism": "none", "seed": 20260521, "n_jobs": 1994, "energy_kwh": 12196.5, "co2_g_it": 3090619.716833114, "co2_g_facility": 3681046.0794626707, "co2_tonnes_y": 37.60253988813622, "cfe_pct": 65.98506114009018, "cfe_abs_pct": 0.0, "ci_weighted_mean": 268.4413547095867, "p50_slowdown": 15.461004060365667, "p95_slowdown": 172.68944099378874, "p99_slowdown": 457.19746835442993, "avg_pue": 1.217332420242118, "jain_fairness": 0.7021202141115633}