{"country": "DE", "mw": 50.0, "nodes": 33333, "layer": "pue", "mechanism": "none", "seed": 20260523, "n_jobs": 1994, "energy_kwh": 573970.5, "co2_g_it": 144949769.76284617, "co2_g_facility": 3297054658.6158047, "co2_tonnes_y": 1763.5555321146282, "cfe_pct": 66.30749317670589, "cfe_abs_pct": 0.0, "ci_weighted_mean": 268.69984323499443, "p50_slowdown": 14.173945648680498, "p95_slowdown": 157.9582539407586, "p99_slowdown": 411.2177215189873, "avg_pue": 20.45867354352737, "jain_fairness": 0.9314310927468437}