{"country": "DE", "mw": 50.0, "nodes": 33333, "layer": "pue", "mechanism": "GridPilot-PUE", "seed": 20260522, "n_jobs": 1994, "energy_kwh": 300102.6345833331, "co2_g_it": 73847051.55466849, "co2_g_facility": 1632745959.2761292, "co2_tonnes_y": 898.4724605817999, "cfe_pct": 68.72200525332048, "cfe_abs_pct": 0.0, "ci_weighted_mean": 269.2682959897512, "p50_slowdown": 13.650448428001468, "p95_slowdown": 149.79629629629613, "p99_slowdown": 377.5530166036472, "avg_pue": 19.411254900856243, "jain_fairness": 0.8167950227798743}