{"country": "DE", "mw": 1.0, "nodes": 667, "layer": "fsla", "mechanism": "M1", "seed": 20260524, "n_jobs": 1994, "energy_kwh": 6378.215416666659, "co2_g_it": 1582195.785072039, "co2_g_facility": 1965149.5678887174, "co2_tonnes_y": 19.250048718376476, "cfe_pct": 67.97898609901635, "cfe_abs_pct": 0.0, "ci_weighted_mean": 268.57113979578276, "p50_slowdown": 14.977230330917683, "p95_slowdown": 170.2308826782685, "p99_slowdown": 457.19746835442993, "avg_pue": 1.2196560479261045, "jain_fairness": 0.7114950777932081}