{"country": "DE", "mw": 1.0, "nodes": 667, "layer": "fsla", "mechanism": "none", "seed": 20260522, "n_jobs": 1994, "energy_kwh": 6375.848333333315, "co2_g_it": 1596594.7036399671, "co2_g_facility": 1957411.5261914448, "co2_tonnes_y": 19.42523556095293, "cfe_pct": 67.1012972155617, "cfe_abs_pct": 0.0, "ci_weighted_mean": 268.6624669610127, "p50_slowdown": 16.33002901353965, "p95_slowdown": 181.0, "p99_slowdown": 469.405194805194, "avg_pue": 1.1681341890936763, "jain_fairness": 0.9088719610610122}