{"country": "DE", "mw": 50.0, "nodes": 33333, "layer": "pue", "mechanism": "GridPilot-PUE", "seed": 20260518, "n_jobs": 1994, "energy_kwh": 300102.63458333345, "co2_g_it": 73311547.76907814, "co2_g_facility": 1700072387.0594592, "co2_tonnes_y": 891.957164523784, "cfe_pct": 69.38832486696063, "cfe_abs_pct": 0.0, "ci_weighted_mean": 269.8581158661935, "p50_slowdown": 13.1008745169819, "p95_slowdown": 143.0819313885323, "p99_slowdown": 368.4053803339517, "avg_pue": 21.758673084253676, "jain_fairness": 0.9154755454478114}