{"country": "DE", "mw": 10.0, "nodes": 6667, "layer": "fsla", "mechanism": "M0", "seed": 20260524, "n_jobs": 1994, "energy_kwh": 60331.34666666674, "co2_g_it": 14858165.049055751, "co2_g_facility": 31719124.971289016, "co2_tonnes_y": 180.7743414301783, "cfe_pct": 68.64605853486248, "cfe_abs_pct": 0.0, "ci_weighted_mean": 269.13596860129945, "p50_slowdown": 14.173945648680498, "p95_slowdown": 157.52173913043478, "p99_slowdown": 411.2177215189873, "avg_pue": 2.030118471959482, "jain_fairness": 0.7331169329896429}