{"country": "DE", "mw": 50.0, "nodes": 33333, "layer": "fsla", "mechanism": "M1", "seed": 20260522, "n_jobs": 1994, "energy_kwh": 300102.63458333316, "co2_g_it": 73205928.26571462, "co2_g_facility": 1629208283.0291762, "co2_tonnes_y": 890.6721272328612, "cfe_pct": 69.51974568707013, "cfe_abs_pct": 0.0, "ci_weighted_mean": 268.0886249886242, "p50_slowdown": 14.027763226820325, "p95_slowdown": 152.48388469311772, "p99_slowdown": 411.2177215189873, "avg_pue": 19.52904933686137, "jain_fairness": 0.9017215350460315}