{"country": "DE", "mw": 10.0, "nodes": 6667, "layer": "pue", "mechanism": "GridPilot-PUE", "seed": 20260523, "n_jobs": 1994, "energy_kwh": 60331.34666666674, "co2_g_it": 14829218.611667741, "co2_g_facility": 31511673.808808234, "co2_tonnes_y": 180.42215977529085, "cfe_pct": 68.82521890902943, "cfe_abs_pct": 0.0, "ci_weighted_mean": 270.1055480178789, "p50_slowdown": 13.53558190638589, "p95_slowdown": 149.79629629629613, "p99_slowdown": 377.5530166036472, "avg_pue": 2.0377864944716015, "jain_fairness": 0.9027178829832258}