{"country": "DE", "mw": 10.0, "nodes": 6667, "layer": "pue", "mechanism": "GridPilot-PUE", "seed": 20260524, "n_jobs": 1994, "energy_kwh": 60331.346666666715, "co2_g_it": 14835528.346652705, "co2_g_facility": 31484395.298620712, "co2_tonnes_y": 180.49892821760793, "cfe_pct": 68.78616558907677, "cfe_abs_pct": 0.0, "ci_weighted_mean": 270.21506803192693, "p50_slowdown": 13.53558190638589, "p95_slowdown": 149.79629629629613, "p99_slowdown": 377.5530166036472, "avg_pue": 1.979628240316043, "jain_fairness": 0.7572866924733999}