{"country": "DE", "mw": 1.0, "nodes": 667, "layer": "fsla", "mechanism": "M2", "seed": 20260517, "n_jobs": 1994, "energy_kwh": 6378.2154166666605, "co2_g_it": 1578917.094999372, "co2_g_facility": 1963567.6983758924, "co2_tonnes_y": 19.210157989159026, "cfe_pct": 68.1709373924189, "cfe_abs_pct": 0.0, "ci_weighted_mean": 268.2014997666384, "p50_slowdown": 15.079687959331464, "p95_slowdown": 170.78933915983012, "p99_slowdown": 451.3987341772148, "avg_pue": 1.2286829694152073, "jain_fairness": 0.9344124387766173}