{"country": "DE", "mw": 1.0, "nodes": 667, "layer": "pue", "mechanism": "GridPilot-PUE", "seed": 20260524, "n_jobs": 1994, "energy_kwh": 6378.215416666662, "co2_g_it": 1574143.5978204934, "co2_g_facility": 1969766.4923946157, "co2_tonnes_y": 19.152080440149337, "cfe_pct": 68.45040234251489, "cfe_abs_pct": 0.0, "ci_weighted_mean": 268.34672749832987, "p50_slowdown": 14.302131006083908, "p95_slowdown": 160.71816695789403, "p99_slowdown": 411.2177215189873, "avg_pue": 1.1975782784039557, "jain_fairness": 0.7389040075021043}