{"country": "DE", "mw": 10.0, "nodes": 6667, "layer": "pue", "mechanism": "GridPilot-PUE", "seed": 20260520, "n_jobs": 1994, "energy_kwh": 60331.34666666676, "co2_g_it": 14783077.280213581, "co2_g_facility": 31322458.382804073, "co2_tonnes_y": 179.86077357593192, "cfe_pct": 69.11080494150355, "cfe_abs_pct": 0.0, "ci_weighted_mean": 268.8827398775858, "p50_slowdown": 13.53558190638589, "p95_slowdown": 149.01623541349568, "p99_slowdown": 377.5530166036472, "avg_pue": 1.9643395239071268, "jain_fairness": 0.8578557721953457}