{"country": "DE", "mw": 10.0, "nodes": 6667, "layer": "pue", "mechanism": "GridPilot-PUE", "seed": 20260517, "n_jobs": 1994, "energy_kwh": 60331.34666666674, "co2_g_it": 14842407.592627425, "co2_g_facility": 31537366.540928695, "co2_tonnes_y": 180.58262571030033, "cfe_pct": 68.7435873516829, "cfe_abs_pct": 0.0, "ci_weighted_mean": 270.67819546979314, "p50_slowdown": 13.2011795285824, "p95_slowdown": 147.08437705998676, "p99_slowdown": 377.5530166036472, "avg_pue": 2.034317018031931, "jain_fairness": 0.9392681992457106}