{"country": "DE", "mw": 50.0, "nodes": 33333, "layer": "fsla", "mechanism": "none", "seed": 20260524, "n_jobs": 1994, "energy_kwh": 300022.15375000064, "co2_g_it": 74249045.72299463, "co2_g_facility": 1639142058.4884198, "co2_tonnes_y": 903.3633896297679, "cfe_pct": 68.19702694237331, "cfe_abs_pct": 0.0, "ci_weighted_mean": 268.1477621880033, "p50_slowdown": 15.069373167155426, "p95_slowdown": 170.78933915983012, "p99_slowdown": 451.3987341772148, "avg_pue": 19.84211236363831, "jain_fairness": 0.7121377822260568}