{"country": "DE", "mw": 50.0, "nodes": 33333, "layer": "pue", "mechanism": "GridPilot-PUE", "seed": 20260520, "n_jobs": 1994, "energy_kwh": 300102.63458333316, "co2_g_it": 73486306.18193062, "co2_g_facility": 1630995503.7846541, "co2_tonnes_y": 894.0833918801558, "cfe_pct": 69.17087550195966, "cfe_abs_pct": 0.0, "ci_weighted_mean": 268.95698836775966, "p50_slowdown": 13.564719238997982, "p95_slowdown": 148.5702956020187, "p99_slowdown": 377.5530166036472, "avg_pue": 18.97279854971527, "jain_fairness": 0.8608201442774612}