{"country": "FR", "mw": 50.0, "nodes": 33333, "layer": "pue", "mechanism": "GridPilot-PUE", "seed": 20260517, "n_jobs": 1994, "energy_kwh": 300102.63458333316, "co2_g_it": 15474744.303049445, "co2_g_facility": 346730249.52843237, "co2_tonnes_y": 188.27605568710158, "cfe_pct": 52.28058912505765, "cfe_abs_pct": 99.99999999999999, "ci_weighted_mean": 53.46862096189582, "p50_slowdown": 13.2011795285824, "p95_slowdown": 147.08437705998676, "p99_slowdown": 377.5530166036472, "avg_pue": 20.53081290460391, "jain_fairness": 0.9380694146763788}