{"country": "FR", "mw": 10.0, "nodes": 6667, "layer": "fsla", "mechanism": "M1", "seed": 20260521, "n_jobs": 1994, "energy_kwh": 60331.34666666675, "co2_g_it": 3112680.571905898, "co2_g_facility": 6652298.622093635, "co2_tonnes_y": 37.87094695818842, "cfe_pct": 52.17702746563924, "cfe_abs_pct": 100.0, "ci_weighted_mean": 53.3286534598093, "p50_slowdown": 14.280050440332307, "p95_slowdown": 159.13818687688376, "p99_slowdown": 411.2177215189873, "avg_pue": 2.033034514034723, "jain_fairness": 0.7402547418130775}