{"country": "FR", "mw": 1.0, "nodes": 667, "layer": "pue", "mechanism": "GridPilot-PUE", "seed": 20260518, "n_jobs": 1994, "energy_kwh": 6378.21541666666, "co2_g_it": 327733.97055460326, "co2_g_facility": 400895.8140279472, "co2_tonnes_y": 3.9874299750810063, "cfe_pct": 52.94598068561028, "cfe_abs_pct": 100.0, "ci_weighted_mean": 53.245876074575634, "p50_slowdown": 14.280050440332307, "p95_slowdown": 152.97361383490818, "p99_slowdown": 411.2177215189873, "avg_pue": 1.1840608447923553, "jain_fairness": 0.9536584989474193}