{"country": "FR", "mw": 1.0, "nodes": 667, "layer": "pue", "mechanism": "GridPilot-PUE", "seed": 20260517, "n_jobs": 1994, "energy_kwh": 6378.215416666661, "co2_g_it": 329157.73626444774, "co2_g_facility": 402819.71108066465, "co2_tonnes_y": 4.004752457884114, "cfe_pct": 52.12765729834444, "cfe_abs_pct": 100.0, "ci_weighted_mean": 53.29801966322641, "p50_slowdown": 14.295815925671883, "p95_slowdown": 157.52173913043478, "p99_slowdown": 411.2177215189873, "avg_pue": 1.21863752865274, "jain_fairness": 0.9131072311883547}