{"country": "FR", "mw": 1.0, "nodes": 667, "layer": "pue", "mechanism": "GridPilot-PUE", "seed": 20260524, "n_jobs": 1994, "energy_kwh": 6378.215416666663, "co2_g_it": 329400.4681084007, "co2_g_facility": 402296.4563594058, "co2_tonnes_y": 4.007705695318875, "cfe_pct": 51.98814477646828, "cfe_abs_pct": 100.0, "ci_weighted_mean": 53.30327043267155, "p50_slowdown": 14.322231587798397, "p95_slowdown": 161.74912063884395, "p99_slowdown": 413.0285714285709, "avg_pue": 1.1885886823488017, "jain_fairness": 0.7314543741054693}