{"country": "FR", "mw": 50.0, "nodes": 33333, "layer": "pue", "mechanism": "GridPilot-PUE", "seed": 20260520, "n_jobs": 1994, "energy_kwh": 300102.6345833331, "co2_g_it": 15450916.629152039, "co2_g_facility": 344554383.93986976, "co2_tonnes_y": 187.9861523213498, "cfe_pct": 52.5716591323463, "cfe_abs_pct": 100.0, "ci_weighted_mean": 53.3323353406159, "p50_slowdown": 13.53558190638589, "p95_slowdown": 148.5702956020187, "p99_slowdown": 377.5530166036472, "avg_pue": 19.008094913184042, "jain_fairness": 0.8428628758409799}