{"country": "FR", "mw": 1.0, "nodes": 667, "layer": "pue", "mechanism": "GridPilot-PUE", "seed": 20260520, "n_jobs": 1994, "energy_kwh": 6378.215416666661, "co2_g_it": 328755.36472310335, "co2_g_facility": 400411.2711718689, "co2_tonnes_y": 3.9998569374644237, "cfe_pct": 52.358924311151114, "cfe_abs_pct": 100.0, "ci_weighted_mean": 53.23612259873738, "p50_slowdown": 14.331927921164215, "p95_slowdown": 157.9582539407586, "p99_slowdown": 413.0285714285709, "avg_pue": 1.1975153956368236, "jain_fairness": 0.8520952115028664}