{"country": "FR", "mw": 10.0, "nodes": 6667, "layer": "fsla", "mechanism": "M0", "seed": 20260524, "n_jobs": 1994, "energy_kwh": 60331.34666666674, "co2_g_it": 3113170.466634593, "co2_g_facility": 6662466.949271387, "co2_tonnes_y": 37.87690734405422, "cfe_pct": 52.14725975988637, "cfe_abs_pct": 100.0, "ci_weighted_mean": 53.36136890420708, "p50_slowdown": 14.173945648680498, "p95_slowdown": 157.52173913043478, "p99_slowdown": 411.2177215189873, "avg_pue": 2.030118471959482, "jain_fairness": 0.7331169329896429}