{"country": "FR", "mw": 50.0, "nodes": 33333, "layer": "pue", "mechanism": "none", "seed": 20260517, "n_jobs": 1994, "energy_kwh": 573970.5, "co2_g_it": 29894346.730674285, "co2_g_facility": 681776138.1556361, "co2_tonnes_y": 363.71455188987045, "cfe_pct": 50.379503688823945, "cfe_abs_pct": 100.0, "ci_weighted_mean": 53.32778830699509, "p50_slowdown": 14.173945648680498, "p95_slowdown": 157.9582539407586, "p99_slowdown": 411.2177215189873, "avg_pue": 20.45867354352737, "jain_fairness": 0.9216110615846176}