{"country": "FR", "mw": 10.0, "nodes": 6667, "layer": "fsla", "mechanism": "none", "seed": 20260521, "n_jobs": 1994, "energy_kwh": 60314.7770833336, "co2_g_it": 3118618.6884912746, "co2_g_facility": 6626904.901076667, "co2_tonnes_y": 37.943194043310505, "cfe_pct": 51.76414824109986, "cfe_abs_pct": 100.0, "ci_weighted_mean": 53.276731778053254, "p50_slowdown": 15.14215650815237, "p95_slowdown": 172.42857142857142, "p99_slowdown": 457.19746835442993, "avg_pue": 2.006888246390925, "jain_fairness": 0.02050635906525347}