{"country": "FR", "mw": 1.0, "nodes": 667, "layer": "fsla", "mechanism": "M0", "seed": 20260517, "n_jobs": 1994, "energy_kwh": 6378.2154166666605, "co2_g_it": 329749.8816239475, "co2_g_facility": 400939.37404728215, "co2_tonnes_y": 4.011956893091361, "cfe_pct": 51.78731591142298, "cfe_abs_pct": 100.0, "ci_weighted_mean": 53.28983285394749, "p50_slowdown": 15.14215650815237, "p95_slowdown": 170.78933915983012, "p99_slowdown": 451.3987341772148, "avg_pue": 1.2286502206309275, "jain_fairness": 0.9376675541501945}