{"country": "FR", "mw": 10.0, "nodes": 6667, "layer": "pue", "mechanism": "GridPilot-PUE", "seed": 20260519, "n_jobs": 1994, "energy_kwh": 60331.34666666672, "co2_g_it": 3113076.161078824, "co2_g_facility": 6601391.155424742, "co2_tonnes_y": 37.87575995979236, "cfe_pct": 52.15299009310028, "cfe_abs_pct": 100.0, "ci_weighted_mean": 53.47132252262116, "p50_slowdown": 13.26353279364207, "p95_slowdown": 145.6810810810809, "p99_slowdown": 377.5530166036472, "avg_pue": 1.9677052857323944, "jain_fairness": 0.7506943131668962}