{"country": "FR", "mw": 50.0, "nodes": 33333, "layer": "fsla", "mechanism": "M0", "seed": 20260524, "n_jobs": 1994, "energy_kwh": 300102.63458333304, "co2_g_it": 15484787.896813707, "co2_g_facility": 351721337.83953995, "co2_tonnes_y": 188.39825274456678, "cfe_pct": 52.1579003169613, "cfe_abs_pct": 100.0, "ci_weighted_mean": 53.372131326176046, "p50_slowdown": 14.154708919351968, "p95_slowdown": 157.12119137281746, "p99_slowdown": 411.2177215189873, "avg_pue": 20.392291132978794, "jain_fairness": 0.7356835144012315}