{"country": "FR", "mw": 10.0, "nodes": 6667, "layer": "fsla", "mechanism": "M3", "seed": 20260518, "n_jobs": 1994, "energy_kwh": 60331.34666666675, "co2_g_it": 3112711.912682651, "co2_g_facility": 6652336.202443943, "co2_tonnes_y": 37.87132827097225, "cfe_pct": 52.175123091156756, "cfe_abs_pct": 100.0, "ci_weighted_mean": 53.32906672044789, "p50_slowdown": 14.280050440332307, "p95_slowdown": 159.13818687688376, "p99_slowdown": 411.2177215189873, "avg_pue": 2.0329616871135654, "jain_fairness": 0.9435911327520178}