{"country": "FR", "mw": 1.0, "nodes": 667, "layer": "fsla", "mechanism": "M1", "seed": 20260519, "n_jobs": 1994, "energy_kwh": 6378.21541666666, "co2_g_it": 329211.34496978903, "co2_g_facility": 398963.83178191085, "co2_tonnes_y": 4.005404697132433, "cfe_pct": 52.09684516609644, "cfe_abs_pct": 100.0, "ci_weighted_mean": 53.30909607944193, "p50_slowdown": 15.018497237545123, "p95_slowdown": 170.2308826782685, "p99_slowdown": 424.2234095018883, "avg_pue": 1.183250387829522, "jain_fairness": 0.7204564925147353}