{"country": "FR", "mw": 1.0, "nodes": 667, "layer": "pue", "mechanism": "none", "seed": 20260521, "n_jobs": 1994, "energy_kwh": 12196.5, "co2_g_it": 636046.3219177349, "co2_g_facility": 748773.6880853637, "co2_tonnes_y": 7.738563583332441, "cfe_pct": 50.13577255330341, "cfe_abs_pct": 100.0, "ci_weighted_mean": 53.30788531641889, "p50_slowdown": 15.461004060365667, "p95_slowdown": 172.68944099378874, "p99_slowdown": 457.19746835442993, "avg_pue": 1.217332420242118, "jain_fairness": 0.7021202141115633}