{"country": "FR", "mw": 50.0, "nodes": 33333, "layer": "fsla", "mechanism": "M3", "seed": 20260523, "n_jobs": 1994, "energy_kwh": 300102.6345833333, "co2_g_it": 15432649.715645535, "co2_g_facility": 355639019.0513854, "co2_tonnes_y": 187.76390487368732, "cfe_pct": 52.7948009577031, "cfe_abs_pct": 100.0, "ci_weighted_mean": 53.304906585581286, "p50_slowdown": 14.049390989002326, "p95_slowdown": 152.48388469311772, "p99_slowdown": 411.2177215189873, "avg_pue": 21.434229506013533, "jain_fairness": 0.9127561148744717}