{"country": "FR", "mw": 1.0, "nodes": 667, "layer": "fsla", "mechanism": "M0", "seed": 20260522, "n_jobs": 1994, "energy_kwh": 6378.215416666661, "co2_g_it": 328824.0154695833, "co2_g_facility": 401661.821701668, "co2_tonnes_y": 4.000692188213264, "cfe_pct": 52.31946661736796, "cfe_abs_pct": 100.0, "ci_weighted_mean": 53.24589010175841, "p50_slowdown": 15.069373167155426, "p95_slowdown": 168.42418961310548, "p99_slowdown": 424.2234095018883, "avg_pue": 1.1771626226742276, "jain_fairness": 0.7321701906426227}