{"country": "FR", "mw": 50.0, "nodes": 33333, "layer": "pue", "mechanism": "GridPilot-PUE", "seed": 20260521, "n_jobs": 1994, "energy_kwh": 300102.63458333333, "co2_g_it": 15429831.36663447, "co2_g_facility": 351898771.9327729, "co2_tonnes_y": 187.72961496071937, "cfe_pct": 52.829228861607476, "cfe_abs_pct": 100.0, "ci_weighted_mean": 53.32772001447291, "p50_slowdown": 13.602168984743582, "p95_slowdown": 149.01623541349568, "p99_slowdown": 377.5530166036472, "avg_pue": 20.53073355891712, "jain_fairness": 0.7557898603677827}