{"country": "FR", "mw": 10.0, "nodes": 6667, "layer": "pue", "mechanism": "none", "seed": 20260521, "n_jobs": 1994, "energy_kwh": 115401.0, "co2_g_it": 6011142.762459852, "co2_g_facility": 12863478.49495886, "co2_tonnes_y": 73.13557027659486, "cfe_pct": 50.358410770361004, "cfe_abs_pct": 100.0, "ci_weighted_mean": 53.3286534598093, "p50_slowdown": 14.280050440332307, "p95_slowdown": 159.13818687688376, "p99_slowdown": 411.2177215189873, "avg_pue": 2.033034514034723, "jain_fairness": 0.7398994856842631}