{"country": "FR", "mw": 50.0, "nodes": 33333, "layer": "fsla", "mechanism": "M1", "seed": 20260521, "n_jobs": 1994, "energy_kwh": 300102.634583333, "co2_g_it": 15477684.271795107, "co2_g_facility": 350756321.45651746, "co2_tonnes_y": 188.31182530684046, "cfe_pct": 52.24467555968328, "cfe_abs_pct": 100.0, "ci_weighted_mean": 53.32778830699509, "p50_slowdown": 14.173945648680498, "p95_slowdown": 157.9582539407586, "p99_slowdown": 411.2177215189873, "avg_pue": 20.45867354352737, "jain_fairness": 0.7383545944995376}