{"country": "IT", "mw": 50.0, "nodes": 33333, "layer": "fsla", "mechanism": "M3", "seed": 20260519, "n_jobs": 1994, "energy_kwh": 300102.6345833331, "co2_g_it": 69784227.88472943, "co2_g_facility": 1607251254.903027, "co2_tonnes_y": 849.0414392642081, "cfe_pct": 62.74264582919947, "cfe_abs_pct": 0.0, "ci_weighted_mean": 247.3543948000891, "p50_slowdown": 14.081049916819971, "p95_slowdown": 152.48388469311772, "p99_slowdown": 411.2177215189873, "avg_pue": 21.522278340979227, "jain_fairness": 0.020117604007471375}