{"country": "IT", "mw": 1.0, "nodes": 667, "layer": "pue", "mechanism": "none", "seed": 20260518, "n_jobs": 1994, "energy_kwh": 12196.5, "co2_g_it": 2899604.0796013693, "co2_g_facility": 3432164.6783098686, "co2_tonnes_y": 35.27851630181666, "cfe_pct": 59.92102355707734, "cfe_abs_pct": 0.0, "ci_weighted_mean": 247.13560075892326, "p50_slowdown": 15.461004060365667, "p95_slowdown": 172.68944099378874, "p99_slowdown": 457.19746835442993, "avg_pue": 1.217332420242118, "jain_fairness": 0.9483846354839078}