{"country": "IT", "mw": 50.0, "nodes": 33333, "layer": "pue", "mechanism": "GridPilot-PUE", "seed": 20260519, "n_jobs": 1994, "energy_kwh": 300102.6345833332, "co2_g_it": 69974938.17792135, "co2_g_facility": 1564345672.1764362, "co2_tonnes_y": 851.3617478313764, "cfe_pct": 62.39822599750963, "cfe_abs_pct": 0.0, "ci_weighted_mean": 248.64034809218742, "p50_slowdown": 13.189960999508695, "p95_slowdown": 147.08437705998676, "p99_slowdown": 377.5530166036472, "avg_pue": 18.9521019085701, "jain_fairness": 0.020131494283207454}