{"country": "IT", "mw": 50.0, "nodes": 33333, "layer": "pue", "mechanism": "GridPilot-PUE", "seed": 20260518, "n_jobs": 1994, "energy_kwh": 300102.6345833334, "co2_g_it": 69564615.08120559, "co2_g_facility": 1612361198.5959587, "co2_tonnes_y": 846.3694834880014, "cfe_pct": 63.13926314628589, "cfe_abs_pct": 0.0, "ci_weighted_mean": 248.04889525160812, "p50_slowdown": 13.1008745169819, "p95_slowdown": 143.77533039647577, "p99_slowdown": 369.5909090909087, "avg_pue": 21.79173228482997, "jain_fairness": 0.9255398380625928}