{"country": "IT", "mw": 1.0, "nodes": 667, "layer": "pue", "mechanism": "GridPilot-PUE", "seed": 20260519, "n_jobs": 1994, "energy_kwh": 6378.215416666661, "co2_g_it": 1487492.65956222, "co2_g_facility": 1720476.869774294, "co2_tonnes_y": 18.09782735800701, "cfe_pct": 62.374091352970865, "cfe_abs_pct": 0.0, "ci_weighted_mean": 247.28288237445233, "p50_slowdown": 14.173945648680498, "p95_slowdown": 157.12119137281746, "p99_slowdown": 411.2177215189873, "avg_pue": 1.2109775723702318, "jain_fairness": 0.752009249020217}