{"country": "IT", "mw": 50.0, "nodes": 33333, "layer": "fsla", "mechanism": "M3", "seed": 20260520, "n_jobs": 1994, "energy_kwh": 300102.63458333304, "co2_g_it": 69944563.50461376, "co2_g_facility": 1582223624.4928412, "co2_tonnes_y": 850.992189306134, "cfe_pct": 62.453082186408054, "cfe_abs_pct": 0.0, "ci_weighted_mean": 247.38507418130015, "p50_slowdown": 14.213533788397008, "p95_slowdown": 157.12119137281746, "p99_slowdown": 411.2177215189873, "avg_pue": 20.414552711600667, "jain_fairness": 0.8413364729194398}