{"country": "IT", "mw": 1.0, "nodes": 667, "layer": "pue", "mechanism": "GridPilot-PUE", "seed": 20260524, "n_jobs": 1994, "energy_kwh": 6378.215416666662, "co2_g_it": 1490064.3514528351, "co2_g_facility": 1840579.6829644963, "co2_tonnes_y": 18.129116276009494, "cfe_pct": 62.15556512120678, "cfe_abs_pct": 0.0, "ci_weighted_mean": 247.09547627726857, "p50_slowdown": 14.295815925671883, "p95_slowdown": 160.71816695789403, "p99_slowdown": 411.2177215189873, "avg_pue": 1.1939065450003505, "jain_fairness": 0.7328471852303933}