{"country": "IT", "mw": 50.0, "nodes": 33333, "layer": "fsla", "mechanism": "M3", "seed": 20260522, "n_jobs": 1994, "energy_kwh": 300102.63458333333, "co2_g_it": 69581948.38542825, "co2_g_facility": 1557866453.3966389, "co2_tonnes_y": 846.5803720227103, "cfe_pct": 63.10795946769019, "cfe_abs_pct": 0.0, "ci_weighted_mean": 246.9494762652881, "p50_slowdown": 14.081049916819971, "p95_slowdown": 152.97361383490818, "p99_slowdown": 411.2177215189873, "avg_pue": 19.617327671964006, "jain_fairness": 0.9024233149150669}