{"country": "IT", "mw": 1.0, "nodes": 667, "layer": "fsla", "mechanism": "none", "seed": 20260519, "n_jobs": 1994, "energy_kwh": 6375.848333333315, "co2_g_it": 1503892.2356182504, "co2_g_facility": 1824509.8563166906, "co2_tonnes_y": 18.297355533355383, "cfe_pct": 60.93311481363517, "cfe_abs_pct": 0.0, "ci_weighted_mean": 247.27372899347014, "p50_slowdown": 16.33002901353965, "p95_slowdown": 181.0, "p99_slowdown": 469.405194805194, "avg_pue": 1.1681341890936763, "jain_fairness": 0.8430748989546277}