{"country": "IT", "mw": 10.0, "nodes": 6667, "layer": "pue", "mechanism": "GridPilot-PUE", "seed": 20260522, "n_jobs": 1994, "energy_kwh": 60331.34666666674, "co2_g_it": 14063522.906626092, "co2_g_facility": 29859243.96468497, "co2_tonnes_y": 171.10619536395077, "cfe_pct": 62.433607817259535, "cfe_abs_pct": 0.0, "ci_weighted_mean": 247.47046096066688, "p50_slowdown": 13.7096303774749, "p95_slowdown": 151.2748691099476, "p99_slowdown": 410.163406214039, "avg_pue": 1.9890533753923807, "jain_fairness": 0.8484265932258898}