{"country": "IT", "mw": 50.0, "nodes": 33333, "layer": "fsla", "mechanism": "M3", "seed": 20260517, "n_jobs": 1994, "energy_kwh": 300102.63458333316, "co2_g_it": 69875717.32625844, "co2_g_facility": 1588911655.3691711, "co2_tonnes_y": 850.1545608028109, "cfe_pct": 62.577417316750115, "cfe_abs_pct": 0.0, "ci_weighted_mean": 247.27101081248634, "p50_slowdown": 14.096994924260974, "p95_slowdown": 152.97361383490818, "p99_slowdown": 411.2177215189873, "avg_pue": 20.306803502084545, "jain_fairness": 0.9382380115442087}