{"country": "IT", "mw": 50.0, "nodes": 33333, "layer": "fsla", "mechanism": "M2", "seed": 20260524, "n_jobs": 1994, "energy_kwh": 300102.63458333304, "co2_g_it": 70003572.43038629, "co2_g_facility": 1584804191.8493025, "co2_tonnes_y": 851.7101312363665, "cfe_pct": 62.34651298165978, "cfe_abs_pct": 0.0, "ci_weighted_mean": 247.65684197016122, "p50_slowdown": 14.154708919351968, "p95_slowdown": 157.12119137281746, "p99_slowdown": 411.2177215189873, "avg_pue": 20.392291132978794, "jain_fairness": 0.7356835144012315}