{"country": "IT", "mw": 10.0, "nodes": 6667, "layer": "fsla", "mechanism": "M3", "seed": 20260521, "n_jobs": 1994, "energy_kwh": 60331.34666666675, "co2_g_it": 14070664.112685546, "co2_g_facility": 30034670.94285941, "co2_tonnes_y": 171.19308003767412, "cfe_pct": 62.369455496804505, "cfe_abs_pct": 0.0, "ci_weighted_mean": 247.30409701661856, "p50_slowdown": 14.280050440332307, "p95_slowdown": 159.13818687688376, "p99_slowdown": 411.2177215189873, "avg_pue": 2.033034514034723, "jain_fairness": 0.7402547418130775}