{"country": "IT", "mw": 50.0, "nodes": 33333, "layer": "fsla", "mechanism": "M2", "seed": 20260521, "n_jobs": 1994, "energy_kwh": 300102.634583333, "co2_g_it": 69945939.24627303, "co2_g_facility": 1579643012.6273217, "co2_tonnes_y": 851.0089274963218, "cfe_pct": 62.45059761830854, "cfe_abs_pct": 0.0, "ci_weighted_mean": 247.29707785227762, "p50_slowdown": 14.173945648680498, "p95_slowdown": 157.9582539407586, "p99_slowdown": 411.2177215189873, "avg_pue": 20.45867354352737, "jain_fairness": 0.7383545944995376}