{"country": "IT", "mw": 1.0, "nodes": 667, "layer": "fsla", "mechanism": "M3", "seed": 20260519, "n_jobs": 1994, "energy_kwh": 6378.21541666666, "co2_g_it": 1489823.356763651, "co2_g_facility": 1824070.423649088, "co2_tonnes_y": 18.12618417395775, "cfe_pct": 62.176043336927286, "cfe_abs_pct": 0.0, "ci_weighted_mean": 247.1470285056231, "p50_slowdown": 15.018497237545123, "p95_slowdown": 168.42418961310548, "p99_slowdown": 424.2234095018883, "avg_pue": 1.1832630368783805, "jain_fairness": 0.720415215239028}