{"country": "IT", "mw": 1.0, "nodes": 667, "layer": "pue", "mechanism": "GridPilot-PUE", "seed": 20260521, "n_jobs": 1994, "energy_kwh": 6378.21541666666, "co2_g_it": 1481909.424017025, "co2_g_facility": 1827129.9361093738, "co2_tonnes_y": 18.029897992207136, "cfe_pct": 62.84851965800879, "cfe_abs_pct": 0.0, "ci_weighted_mean": 246.51514109214878, "p50_slowdown": 14.428817205583524, "p95_slowdown": 159.05640872632807, "p99_slowdown": 411.2177215189873, "avg_pue": 1.139654845449312, "jain_fairness": 0.7319475820497136}