{"country": "IT", "mw": 1.0, "nodes": 667, "layer": "fsla", "mechanism": "M1", "seed": 20260517, "n_jobs": 1994, "energy_kwh": 6378.2154166666605, "co2_g_it": 1493048.6037857283, "co2_g_facility": 1834535.1672081342, "co2_tonnes_y": 18.165424679393027, "cfe_pct": 61.90198209311514, "cfe_abs_pct": 0.0, "ci_weighted_mean": 246.98943066533727, "p50_slowdown": 15.079687959331464, "p95_slowdown": 170.78933915983012, "p99_slowdown": 451.3987341772148, "avg_pue": 1.2286747363096266, "jain_fairness": 0.9343336027561973}