{"country": "IT", "mw": 1.0, "nodes": 667, "layer": "fsla", "mechanism": "M1", "seed": 20260520, "n_jobs": 1994, "energy_kwh": 6378.215416666659, "co2_g_it": 1494843.6839503264, "co2_g_facility": 1834658.7007256583, "co2_tonnes_y": 18.187264821395637, "cfe_pct": 61.749447450253896, "cfe_abs_pct": 0.0, "ci_weighted_mean": 247.11743921377757, "p50_slowdown": 15.248176097180831, "p95_slowdown": 171.55118110236208, "p99_slowdown": 457.19746835442993, "avg_pue": 1.21963580771987, "jain_fairness": 0.020512787393835413}