{"country": "IT", "mw": 50.0, "nodes": 33333, "layer": "fsla", "mechanism": "none", "seed": 20260522, "n_jobs": 1994, "energy_kwh": 300022.15375000064, "co2_g_it": 70217241.45613736, "co2_g_facility": 1559546291.713375, "co2_tonnes_y": 854.3097710496712, "cfe_pct": 61.92661296373585, "cfe_abs_pct": 0.0, "ci_weighted_mean": 246.95219429265592, "p50_slowdown": 15.069373167155426, "p95_slowdown": 170.78933915983012, "p99_slowdown": 451.3987341772148, "avg_pue": 19.84211236363831, "jain_fairness": 0.9081177497822039}