{"country": "IT", "mw": 10.0, "nodes": 6667, "layer": "pue", "mechanism": "GridPilot-PUE", "seed": 20260519, "n_jobs": 1994, "energy_kwh": 60331.34666666672, "co2_g_it": 14074759.816798225, "co2_g_facility": 29802229.040215176, "co2_tonnes_y": 171.2429111043784, "cfe_pct": 62.332662142777444, "cfe_abs_pct": 0.0, "ci_weighted_mean": 248.51832836921574, "p50_slowdown": 13.220166451578919, "p95_slowdown": 144.62709163346608, "p99_slowdown": 377.5530166036472, "avg_pue": 1.9650308050075411, "jain_fairness": 0.7594550652258165}