{"country": "IT", "mw": 10.0, "nodes": 6667, "layer": "fsla", "mechanism": "M2", "seed": 20260523, "n_jobs": 1994, "energy_kwh": 60331.346666666745, "co2_g_it": 14006162.404717978, "co2_g_facility": 30308797.727536187, "co2_tonnes_y": 170.40830925740207, "cfe_pct": 62.94890022994627, "cfe_abs_pct": 0.0, "ci_weighted_mean": 247.02778250702767, "p50_slowdown": 14.122741123945858, "p95_slowdown": 152.48388469311772, "p99_slowdown": 411.2177215189873, "avg_pue": 2.082109817452399, "jain_fairness": 0.8890263030813402}