{"country": "IT", "mw": 50.0, "nodes": 33333, "layer": "pue", "mechanism": "GridPilot-PUE", "seed": 20260520, "n_jobs": 1994, "energy_kwh": 300102.6345833331, "co2_g_it": 69728295.81362075, "co2_g_facility": 1549712107.7882595, "co2_tonnes_y": 848.3609323990523, "cfe_pct": 62.843658282144894, "cfe_abs_pct": 0.0, "ci_weighted_mean": 247.36260541106404, "p50_slowdown": 13.507242178447278, "p95_slowdown": 148.5702956020187, "p99_slowdown": 377.5530166036472, "avg_pue": 18.991499474390828, "jain_fairness": 0.8408829692384397}