{"country": "IT", "mw": 1.0, "nodes": 667, "layer": "fsla", "mechanism": "M2", "seed": 20260524, "n_jobs": 1994, "energy_kwh": 6378.215416666659, "co2_g_it": 1495085.3130100118, "co2_g_facility": 1834994.2715546235, "co2_tonnes_y": 18.190204641621808, "cfe_pct": 61.72891532971089, "cfe_abs_pct": 0.0, "ci_weighted_mean": 247.2166771565954, "p50_slowdown": 14.977230330917683, "p95_slowdown": 170.2308826782685, "p99_slowdown": 457.19746835442993, "avg_pue": 1.2196560479261045, "jain_fairness": 0.7114950777932081}