{"country": "IT", "mw": 10.0, "nodes": 6667, "layer": "pue", "mechanism": "GridPilot-PUE", "seed": 20260524, "n_jobs": 1994, "energy_kwh": 60331.346666666715, "co2_g_it": 14059903.872569222, "co2_g_facility": 29882919.927760288, "co2_tonnes_y": 171.06216378292552, "cfe_pct": 62.466119052843815, "cfe_abs_pct": 0.0, "ci_weighted_mean": 248.2373222330113, "p50_slowdown": 13.507242178447278, "p95_slowdown": 149.01623541349568, "p99_slowdown": 411.2177215189873, "avg_pue": 1.980844479636591, "jain_fairness": 0.7564896240368552}