{"country": "IT", "mw": 10.0, "nodes": 6667, "layer": "pue", "mechanism": "none", "seed": 20260523, "n_jobs": 1994, "energy_kwh": 115401.0, "co2_g_it": 27378649.808382608, "co2_g_facility": 58568014.420774415, "co2_tonnes_y": 333.10690600198836, "cfe_pct": 60.18807228203248, "cfe_abs_pct": 0.0, "ci_weighted_mean": 247.30409701661856, "p50_slowdown": 14.280050440332307, "p95_slowdown": 159.13818687688376, "p99_slowdown": 411.2177215189873, "avg_pue": 2.033034514034723, "jain_fairness": 0.9322280896470915}