{"country": "PL", "mw": 1.0, "nodes": 667, "layer": "pue", "mechanism": "GridPilot-PUE", "seed": 20260520, "n_jobs": 1994, "energy_kwh": 6378.215416666661, "co2_g_it": 3440437.7056636387, "co2_g_facility": 4249134.193201399, "co2_tonnes_y": 41.858658752240935, "cfe_pct": 62.671311002664055, "cfe_abs_pct": 0.0, "ci_weighted_mean": 575.8368750973202, "p50_slowdown": 14.322231587798397, "p95_slowdown": 157.9582539407586, "p99_slowdown": 411.2177215189873, "avg_pue": 1.1967943520194173, "jain_fairness": 0.8530429018608638}