{"country": "PL", "mw": 1.0, "nodes": 667, "layer": "fsla", "mechanism": "none", "seed": 20260518, "n_jobs": 1994, "energy_kwh": 6375.848333333315, "co2_g_it": 3490837.8419490606, "co2_g_facility": 4247774.822276281, "co2_tonnes_y": 42.47186041038024, "cfe_pct": 61.01469813032156, "cfe_abs_pct": 0.0, "ci_weighted_mean": 577.7976348406202, "p50_slowdown": 16.33002901353965, "p95_slowdown": 181.0, "p99_slowdown": 469.405194805194, "avg_pue": 1.1681341890936763, "jain_fairness": 0.8973982333933896}