{"country": "PL", "mw": 1.0, "nodes": 667, "layer": "pue", "mechanism": "GridPilot-PUE", "seed": 20260521, "n_jobs": 1994, "energy_kwh": 6378.21541666666, "co2_g_it": 3432247.791260676, "co2_g_facility": 4247284.753501964, "co2_tonnes_y": 41.759014793671554, "cfe_pct": 62.93375841957795, "cfe_abs_pct": 0.0, "ci_weighted_mean": 575.7822608441785, "p50_slowdown": 14.428817205583524, "p95_slowdown": 159.05640872632807, "p99_slowdown": 411.2177215189873, "avg_pue": 1.139654845449312, "jain_fairness": 0.7319475820497136}