{"country": "PL", "mw": 50.0, "nodes": 33333, "layer": "pue", "mechanism": "GridPilot-PUE", "seed": 20260519, "n_jobs": 1994, "energy_kwh": 300102.6345833332, "co2_g_it": 162153765.00983655, "co2_g_facility": 3621468806.477018, "co2_tonnes_y": 1972.870807619678, "cfe_pct": 62.48260539837514, "cfe_abs_pct": 0.0, "ci_weighted_mean": 581.4283921856775, "p50_slowdown": 13.189960999508695, "p95_slowdown": 147.08437705998676, "p99_slowdown": 377.5530166036472, "avg_pue": 18.9521019085701, "jain_fairness": 0.020131494283207454}