{"country": "PL", "mw": 10.0, "nodes": 6667, "layer": "fsla", "mechanism": "M0", "seed": 20260517, "n_jobs": 1994, "energy_kwh": 60331.34666666672, "co2_g_it": 32560234.582000706, "co2_g_facility": 69746928.51507184, "co2_tonnes_y": 396.14952074767524, "cfe_pct": 62.61291054596532, "cfe_abs_pct": 0.0, "ci_weighted_mean": 577.5434473373169, "p50_slowdown": 14.154708919351968, "p95_slowdown": 157.12119137281746, "p99_slowdown": 411.2177215189873, "avg_pue": 2.0245659416699113, "jain_fairness": 0.942409296434222}