{"country": "PL", "mw": 50.0, "nodes": 33333, "layer": "fsla", "mechanism": "M3", "seed": 20260517, "n_jobs": 1994, "energy_kwh": 300102.63458333316, "co2_g_it": 161890160.58904678, "co2_g_facility": 3677423625.5576477, "co2_tonnes_y": 1969.6636205000689, "cfe_pct": 62.662138694400966, "cfe_abs_pct": 0.0, "ci_weighted_mean": 577.790413329094, "p50_slowdown": 14.096994924260974, "p95_slowdown": 152.97361383490818, "p99_slowdown": 411.2177215189873, "avg_pue": 20.306803502084545, "jain_fairness": 0.9382380115442087}