{"country": "PL", "mw": 10.0, "nodes": 6667, "layer": "pue", "mechanism": "GridPilot-PUE", "seed": 20260524, "n_jobs": 1994, "energy_kwh": 60331.346666666715, "co2_g_it": 32578618.881532174, "co2_g_facility": 69218674.23409045, "co2_tonnes_y": 396.3731963919748, "cfe_pct": 62.55062802387329, "cfe_abs_pct": 0.0, "ci_weighted_mean": 580.3576555774844, "p50_slowdown": 13.507242178447278, "p95_slowdown": 149.01623541349568, "p99_slowdown": 411.2177215189873, "avg_pue": 1.980844479636591, "jain_fairness": 0.7564896240368552}