{"country": "PL", "mw": 50.0, "nodes": 33333, "layer": "fsla", "mechanism": "M2", "seed": 20260521, "n_jobs": 1994, "energy_kwh": 300102.634583333, "co2_g_it": 162076722.2667784, "co2_g_facility": 3656105378.4586554, "co2_tonnes_y": 1971.933454245804, "cfe_pct": 62.53507696753432, "cfe_abs_pct": 0.0, "ci_weighted_mean": 577.8596667855069, "p50_slowdown": 14.173945648680498, "p95_slowdown": 157.9582539407586, "p99_slowdown": 411.2177215189873, "avg_pue": 20.45867354352737, "jain_fairness": 0.7383545944995376}