{"country": "PL", "mw": 10.0, "nodes": 6667, "layer": "fsla", "mechanism": "M0", "seed": 20260519, "n_jobs": 1994, "energy_kwh": 60331.34666666676, "co2_g_it": 32500163.454870075, "co2_g_facility": 70391132.87154454, "co2_tonnes_y": 395.41865536758587, "cfe_pct": 62.81642013827883, "cfe_abs_pct": 0.0, "ci_weighted_mean": 577.8346977296854, "p50_slowdown": 14.081049916819971, "p95_slowdown": 152.97361383490818, "p99_slowdown": 411.2177215189873, "avg_pue": 2.086841893447293, "jain_fairness": 0.020115973196672857}