{"country": "PL", "mw": 1.0, "nodes": 667, "layer": "fsla", "mechanism": "M0", "seed": 20260522, "n_jobs": 1994, "energy_kwh": 6378.215416666662, "co2_g_it": 3442179.7401366504, "co2_g_facility": 4267811.532329328, "co2_tonnes_y": 41.879853504995914, "cfe_pct": 62.61548716554902, "cfe_abs_pct": 0.0, "ci_weighted_mean": 576.1556277907666, "p50_slowdown": 15.069373167155426, "p95_slowdown": 167.23529411764704, "p99_slowdown": 424.2234095018883, "avg_pue": 1.1773342383875205, "jain_fairness": 0.5216047029150916}