{"country": "PL", "mw": 10.0, "nodes": 6667, "layer": "fsla", "mechanism": "M0", "seed": 20260524, "n_jobs": 1994, "energy_kwh": 60331.34666666674, "co2_g_it": 32617765.6291292, "co2_g_facility": 69698856.63429396, "co2_tonnes_y": 396.84948182107195, "cfe_pct": 62.41800626323064, "cfe_abs_pct": 0.0, "ci_weighted_mean": 578.5834870544668, "p50_slowdown": 14.173945648680498, "p95_slowdown": 157.52173913043478, "p99_slowdown": 411.2177215189873, "avg_pue": 2.030118471959482, "jain_fairness": 0.7331169329896429}