{"country": "PL", "mw": 1.0, "nodes": 667, "layer": "fsla", "mechanism": "M1", "seed": 20260521, "n_jobs": 1994, "energy_kwh": 6378.215416666659, "co2_g_it": 3466657.629904733, "co2_g_facility": 4263833.683911582, "co2_tonnes_y": 42.17766783050758, "cfe_pct": 61.83108837637308, "cfe_abs_pct": 0.0, "ci_weighted_mean": 577.4306634565572, "p50_slowdown": 15.461004060365667, "p95_slowdown": 172.68944099378874, "p99_slowdown": 457.19746835442993, "avg_pue": 1.217332420242118, "jain_fairness": 0.7024957093571224}