{"country": "PL", "mw": 10.0, "nodes": 6667, "layer": "fsla", "mechanism": "none", "seed": 20260522, "n_jobs": 1994, "energy_kwh": 60314.7770833336, "co2_g_it": 32744671.777868796, "co2_g_facility": 69394507.34564345, "co2_tonnes_y": 398.393506630737, "cfe_pct": 61.95759701314356, "cfe_abs_pct": 0.0, "ci_weighted_mean": 576.7591577541256, "p50_slowdown": 15.14215650815237, "p95_slowdown": 172.42857142857142, "p99_slowdown": 457.19746835442993, "avg_pue": 2.006888246390925, "jain_fairness": 0.898116626415973}