{"country": "PL", "mw": 50.0, "nodes": 33333, "layer": "pue", "mechanism": "none", "seed": 20260517, "n_jobs": 1994, "energy_kwh": 573970.5, "co2_g_it": 316279363.69571906, "co2_g_facility": 7201399077.92625, "co2_tonnes_y": 3848.0655916312485, "cfe_pct": 60.29358241506935, "cfe_abs_pct": 0.0, "ci_weighted_mean": 577.8596667855069, "p50_slowdown": 14.173945648680498, "p95_slowdown": 157.9582539407586, "p99_slowdown": 411.2177215189873, "avg_pue": 20.45867354352737, "jain_fairness": 0.9216110615846176}