{"country": "PL", "mw": 1.0, "nodes": 667, "layer": "pue", "mechanism": "none", "seed": 20260519, "n_jobs": 1994, "energy_kwh": 12196.5, "co2_g_it": 6738209.323539434, "co2_g_facility": 7989972.976537855, "co2_tonnes_y": 81.98154676972977, "cfe_pct": 60.00067535322117, "cfe_abs_pct": 0.0, "ci_weighted_mean": 577.4306634565572, "p50_slowdown": 15.461004060365667, "p95_slowdown": 172.68944099378874, "p99_slowdown": 457.19746835442993, "avg_pue": 1.217332420242118, "jain_fairness": 0.7260110924277833}