{"country": "PL", "mw": 50.0, "nodes": 33333, "layer": "pue", "mechanism": "GridPilot-PUE", "seed": 20260518, "n_jobs": 1994, "energy_kwh": 300102.6345833334, "co2_g_it": 161063641.50823686, "co2_g_facility": 3731955558.6197224, "co2_tonnes_y": 1959.607638350215, "cfe_pct": 63.22505677582551, "cfe_abs_pct": 0.0, "ci_weighted_mean": 579.8570532901462, "p50_slowdown": 13.1008745169819, "p95_slowdown": 143.77533039647577, "p99_slowdown": 369.5909090909087, "avg_pue": 21.79173228482997, "jain_fairness": 0.9255398380625928}