{"country": "PL", "mw": 10.0, "nodes": 6667, "layer": "pue", "mechanism": "GridPilot-PUE", "seed": 20260522, "n_jobs": 1994, "energy_kwh": 60331.34666666674, "co2_g_it": 32588233.72922188, "co2_g_facility": 69164891.96437337, "co2_tonnes_y": 396.49017703886625, "cfe_pct": 62.51805474238264, "cfe_abs_pct": 0.0, "ci_weighted_mean": 578.3203013506794, "p50_slowdown": 13.7096303774749, "p95_slowdown": 151.2748691099476, "p99_slowdown": 410.163406214039, "avg_pue": 1.9890533753923807, "jain_fairness": 0.8484265932258898}