{"country": "PL", "mw": 50.0, "nodes": 33333, "layer": "fsla", "mechanism": "M1", "seed": 20260519, "n_jobs": 1994, "energy_kwh": 300102.6345833331, "co2_g_it": 161647096.54717976, "co2_g_facility": 3721405722.6943617, "co2_tonnes_y": 1966.7063413240203, "cfe_pct": 62.82768253638618, "cfe_abs_pct": 0.0, "ci_weighted_mean": 578.0119432533667, "p50_slowdown": 14.081049916819971, "p95_slowdown": 152.48388469311772, "p99_slowdown": 411.2177215189873, "avg_pue": 21.522278340979227, "jain_fairness": 0.020117604007471375}