{"country": "PL", "mw": 1.0, "nodes": 667, "layer": "pue", "mechanism": "GridPilot-PUE", "seed": 20260524, "n_jobs": 1994, "energy_kwh": 6378.215416666662, "co2_g_it": 3453913.347313392, "co2_g_facility": 4281807.02877489, "co2_tonnes_y": 42.022612392312936, "cfe_pct": 62.23948141712435, "cfe_abs_pct": 0.0, "ci_weighted_mean": 577.3240629732046, "p50_slowdown": 14.295815925671883, "p95_slowdown": 160.71816695789403, "p99_slowdown": 411.2177215189873, "avg_pue": 1.1939065450003505, "jain_fairness": 0.7328471852303933}