{"country": "SE", "mw": 1.0, "nodes": 667, "layer": "fsla", "mechanism": "M0", "seed": 20260522, "n_jobs": 1994, "energy_kwh": 6378.215416666662, "co2_g_it": 70703.47026343882, "co2_g_facility": 85915.85535464276, "co2_tonnes_y": 0.860225554871839, "cfe_pct": 44.9146980081669, "cfe_abs_pct": 100.0, "ci_weighted_mean": 11.319062576971303, "p50_slowdown": 15.07281479217604, "p95_slowdown": 169.8454119592173, "p99_slowdown": 424.2234095018883, "avg_pue": 1.1759553877864855, "jain_fairness": 0.8222735340259393}