{"country": "SE", "mw": 1.0, "nodes": 667, "layer": "fsla", "mechanism": "M1", "seed": 20260517, "n_jobs": 1994, "energy_kwh": 6378.2154166666605, "co2_g_it": 70829.1500866125, "co2_g_facility": 85712.72851904605, "co2_tonnes_y": 0.8617546593871186, "cfe_pct": 44.4683589932603, "cfe_abs_pct": 100.0, "ci_weighted_mean": 11.324958674255736, "p50_slowdown": 15.14215650815237, "p95_slowdown": 170.78933915983012, "p99_slowdown": 451.3987341772148, "avg_pue": 1.2286502206309275, "jain_fairness": 0.9376675541501945}