{"country": "SE", "mw": 1.0, "nodes": 667, "layer": "pue", "mechanism": "none", "seed": 20260520, "n_jobs": 1994, "energy_kwh": 12196.5, "co2_g_it": 136201.1557115692, "co2_g_facility": 159942.48840515333, "co2_tonnes_y": 1.6571140611574253, "cfe_pct": 43.05537591445714, "cfe_abs_pct": 100.0, "ci_weighted_mean": 11.327456499251776, "p50_slowdown": 15.461004060365667, "p95_slowdown": 172.68944099378874, "p99_slowdown": 457.19746835442993, "avg_pue": 1.217332420242118, "jain_fairness": 0.7623583603771242}