{"country": "SE", "mw": 10.0, "nodes": 6667, "layer": "pue", "mechanism": "GridPilot-PUE", "seed": 20260522, "n_jobs": 1994, "energy_kwh": 60331.34666666674, "co2_g_it": 668961.9521587926, "co2_g_facility": 1425385.6893101637, "co2_tonnes_y": 8.139037084598643, "cfe_pct": 44.8471292821445, "cfe_abs_pct": 100.0, "ci_weighted_mean": 11.332165905221043, "p50_slowdown": 13.754740191678852, "p95_slowdown": 151.9516476747767, "p99_slowdown": 411.2177215189873, "avg_pue": 1.9961626732243611, "jain_fairness": 0.8843905227671421}