{"country": "SE", "mw": 50.0, "nodes": 33333, "layer": "pue", "mechanism": "GridPilot-PUE", "seed": 20260520, "n_jobs": 1994, "energy_kwh": 300102.6345833331, "co2_g_it": 3323656.4282115926, "co2_g_facility": 74258205.43842797, "co2_tonnes_y": 40.43781987657437, "cfe_pct": 45.14310530286539, "cfe_abs_pct": 100.0, "ci_weighted_mean": 11.330788942250262, "p50_slowdown": 13.607714015010206, "p95_slowdown": 149.01623541349568, "p99_slowdown": 377.5530166036472, "avg_pue": 19.020698723033757, "jain_fairness": 0.8334079785011438}