{"country": "SE", "mw": 10.0, "nodes": 6667, "layer": "fsla", "mechanism": "M1", "seed": 20260519, "n_jobs": 1994, "energy_kwh": 60331.34666666676, "co2_g_it": 668216.7609185573, "co2_g_facility": 1449185.676582398, "co2_tonnes_y": 8.12997059117578, "cfe_pct": 45.12691348787924, "cfe_abs_pct": 100.0, "ci_weighted_mean": 11.330684524470904, "p50_slowdown": 14.146687767276866, "p95_slowdown": 152.97361383490818, "p99_slowdown": 411.2177215189873, "avg_pue": 2.09164937991718, "jain_fairness": 0.02011561442756606}