{"country": "SE", "mw": 50.0, "nodes": 33333, "layer": "pue", "mechanism": "GridPilot-PUE", "seed": 20260519, "n_jobs": 1994, "energy_kwh": 300102.6345833333, "co2_g_it": 3327698.10333003, "co2_g_facility": 74540454.95912965, "co2_tonnes_y": 40.48699359051537, "cfe_pct": 44.83804193173124, "cfe_abs_pct": 99.99999999999999, "ci_weighted_mean": 11.350149433903296, "p50_slowdown": 13.240940665550497, "p95_slowdown": 147.70089858793315, "p99_slowdown": 377.5530166036472, "avg_pue": 19.037676132230242, "jain_fairness": 0.7584841979359723}