{"country": "SE", "mw": 50.0, "nodes": 33333, "layer": "fsla", "mechanism": "M3", "seed": 20260519, "n_jobs": 1994, "energy_kwh": 300102.63458333316, "co2_g_it": 3323667.2162736696, "co2_g_facility": 76950312.56303242, "co2_tonnes_y": 40.43795113132965, "cfe_pct": 45.142291025990566, "cfe_abs_pct": 100.0, "ci_weighted_mean": 11.331988996148288, "p50_slowdown": 14.081049916819971, "p95_slowdown": 152.97361383490818, "p99_slowdown": 411.2177215189873, "avg_pue": 21.63681382833734, "jain_fairness": 0.020117830113306555}