{"country": "SE", "mw": 50.0, "nodes": 33333, "layer": "pue", "mechanism": "GridPilot-PUE", "seed": 20260518, "n_jobs": 1994, "energy_kwh": 300102.6345833334, "co2_g_it": 3319178.2280486333, "co2_g_facility": 76713470.6707864, "co2_tonnes_y": 40.383335107925035, "cfe_pct": 45.481117339530506, "cfe_abs_pct": 100.0, "ci_weighted_mean": 11.34270483637135, "p50_slowdown": 13.33632631150738, "p95_slowdown": 144.15712360077356, "p99_slowdown": 377.238522041337, "avg_pue": 21.871078732246733, "jain_fairness": 0.9408959262126821}