{"country": "SE", "mw": 10.0, "nodes": 6667, "layer": "fsla", "mechanism": "M0", "seed": 20260517, "n_jobs": 1994, "energy_kwh": 60331.34666666673, "co2_g_it": 668776.6064132679, "co2_g_facility": 1435214.9035794986, "co2_tonnes_y": 8.136782044694758, "cfe_pct": 44.916717878196344, "cfe_abs_pct": 100.0, "ci_weighted_mean": 11.328086753814803, "p50_slowdown": 14.154708919351968, "p95_slowdown": 157.12119137281746, "p99_slowdown": 411.2177215189873, "avg_pue": 2.02466356561957, "jain_fairness": 0.9438125960367993}