{"country": "SE", "mw": 1.0, "nodes": 667, "layer": "pue", "mechanism": "GridPilot-PUE", "seed": 20260517, "n_jobs": 1994, "energy_kwh": 6378.2154166666605, "co2_g_it": 70743.22958811482, "co2_g_facility": 86129.51822307966, "co2_tonnes_y": 0.8607092933220635, "cfe_pct": 44.773496840301725, "cfe_abs_pct": 100.0, "ci_weighted_mean": 11.326084019028848, "p50_slowdown": 14.28763604091737, "p95_slowdown": 157.9582539407586, "p99_slowdown": 411.2177215189873, "avg_pue": 1.2177673893821805, "jain_fairness": 0.909736286522226}