{"country": "SE", "mw": 50.0, "nodes": 33333, "layer": "pue", "mechanism": "GridPilot-PUE", "seed": 20260522, "n_jobs": 1994, "energy_kwh": 300102.6345833331, "co2_g_it": 3327757.157151971, "co2_g_facility": 74434733.54757991, "co2_tonnes_y": 40.487712078682314, "cfe_pct": 44.83358458237274, "cfe_abs_pct": 100.0, "ci_weighted_mean": 11.33450655731234, "p50_slowdown": 13.689467004366616, "p95_slowdown": 149.79629629629613, "p99_slowdown": 411.2177215189873, "avg_pue": 19.564976942830654, "jain_fairness": 0.8790094191728303}