{"country": "SE", "mw": 10.0, "nodes": 6667, "layer": "pue", "mechanism": "GridPilot-PUE", "seed": 20260523, "n_jobs": 1994, "energy_kwh": 60331.346666666745, "co2_g_it": 668839.1253970412, "co2_g_facility": 1421499.2851498881, "co2_tonnes_y": 8.137542692330667, "cfe_pct": 44.89324494497555, "cfe_abs_pct": 100.0, "ci_weighted_mean": 11.335994992488345, "p50_slowdown": 13.482686980609419, "p95_slowdown": 149.01623541349568, "p99_slowdown": 377.5530166036472, "avg_pue": 2.0408656747132854, "jain_fairness": 0.9030559589972669}