{"country": "SE", "mw": 50.0, "nodes": 33333, "layer": "pue", "mechanism": "GridPilot-PUE", "seed": 20260521, "n_jobs": 1994, "energy_kwh": 300102.63458333333, "co2_g_it": 3320745.257480843, "co2_g_facility": 75773909.32618019, "co2_tonnes_y": 40.40240063268359, "cfe_pct": 45.36283883686908, "cfe_abs_pct": 100.0, "ci_weighted_mean": 11.330609769171797, "p50_slowdown": 13.689467004366616, "p95_slowdown": 149.79629629629613, "p99_slowdown": 411.2177215189873, "avg_pue": 20.6279888897157, "jain_fairness": 0.7535768767512921}