{"country": "SE", "mw": 1.0, "nodes": 667, "layer": "pue", "mechanism": "GridPilot-PUE", "seed": 20260524, "n_jobs": 1994, "energy_kwh": 6378.215416666662, "co2_g_it": 70779.68758487418, "co2_g_facility": 86013.01354496616, "co2_tonnes_y": 0.861152865615969, "cfe_pct": 44.64402000028015, "cfe_abs_pct": 100.0, "ci_weighted_mean": 11.326765517230866, "p50_slowdown": 14.417339709880341, "p95_slowdown": 161.74912063884395, "p99_slowdown": 413.0285714285709, "avg_pue": 1.188480874725027, "jain_fairness": 0.02011270514990873}