{"country": "SE", "mw": 1.0, "nodes": 667, "layer": "pue", "mechanism": "GridPilot-PUE", "seed": 20260518, "n_jobs": 1994, "energy_kwh": 6378.21541666666, "co2_g_it": 70546.35807352628, "co2_g_facility": 85850.24546802687, "co2_tonnes_y": 0.8583140232279031, "cfe_pct": 45.47266585300172, "cfe_abs_pct": 100.0, "ci_weighted_mean": 11.318972093175834, "p50_slowdown": 14.262938013043147, "p95_slowdown": 154.65584813227147, "p99_slowdown": 411.2177215189873, "avg_pue": 1.1826534493764376, "jain_fairness": 0.9525500877557456}