{"country": "SE", "mw": 50.0, "nodes": 33333, "layer": "pue", "mechanism": "GridPilot-PUE", "seed": 20260517, "n_jobs": 1994, "energy_kwh": 300102.634583333, "co2_g_it": 3326805.2905533244, "co2_g_facility": 74670815.26326658, "co2_tonnes_y": 40.47613103506544, "cfe_pct": 44.905430939376245, "cfe_abs_pct": 100.0, "ci_weighted_mean": 11.34880251733375, "p50_slowdown": 13.240940665550497, "p95_slowdown": 144.62709163346608, "p99_slowdown": 377.5530166036472, "avg_pue": 20.5818538838933, "jain_fairness": 0.9411965804809334}