{"country": "SE", "mw": 1.0, "nodes": 667, "layer": "pue", "mechanism": "GridPilot-PUE", "seed": 20260523, "n_jobs": 1994, "energy_kwh": 6378.215416666661, "co2_g_it": 70752.69220074227, "co2_g_facility": 86120.84660649147, "co2_tonnes_y": 0.8608244217756976, "cfe_pct": 44.73989134109043, "cfe_abs_pct": 100.0, "ci_weighted_mean": 11.324732575615025, "p50_slowdown": 14.295815925671883, "p95_slowdown": 159.05640872632807, "p99_slowdown": 411.2177215189873, "avg_pue": 1.209540965027815, "jain_fairness": 0.8960940396958503}