{"country": "SE", "mw": 10.0, "nodes": 6667, "layer": "pue", "mechanism": "GridPilot-PUE", "seed": 20260521, "n_jobs": 1994, "energy_kwh": 60331.34666666673, "co2_g_it": 667571.8703039988, "co2_g_facility": 1435578.9443789474, "co2_tonnes_y": 8.122124422031986, "cfe_pct": 45.36903953370181, "cfe_abs_pct": 100.0, "ci_weighted_mean": 11.329329902813452, "p50_slowdown": 13.754740191678852, "p95_slowdown": 149.79629629629613, "p99_slowdown": 411.2177215189873, "avg_pue": 2.0441474550848935, "jain_fairness": 0.7560487985646219}