{"country": "SE", "mw": 50.0, "nodes": 33333, "layer": "pue", "mechanism": "GridPilot-PUE", "seed": 20260523, "n_jobs": 1994, "energy_kwh": 300102.6345833331, "co2_g_it": 3326386.68160385, "co2_g_facility": 74667035.69704318, "co2_tonnes_y": 40.47103795951351, "cfe_pct": 44.9370273081021, "cfe_abs_pct": 100.0, "ci_weighted_mean": 11.346030414742208, "p50_slowdown": 13.507242178447278, "p95_slowdown": 149.79629629629613, "p99_slowdown": 411.2177215189873, "avg_pue": 20.647053158726653, "jain_fairness": 0.9056370111780667}