{"country": "SE", "mw": 10.0, "nodes": 6667, "layer": "pue", "mechanism": "GridPilot-PUE", "seed": 20260517, "n_jobs": 1994, "energy_kwh": 60331.34666666674, "co2_g_it": 668808.0360293246, "co2_g_facility": 1425324.6240746465, "co2_tonnes_y": 8.137164438356782, "cfe_pct": 44.90491753797404, "cfe_abs_pct": 100.0, "ci_weighted_mean": 11.347547604319224, "p50_slowdown": 13.381780435438365, "p95_slowdown": 147.08437705998676, "p99_slowdown": 377.5530166036472, "avg_pue": 2.0413229818343903, "jain_fairness": 0.9377106688046859}