{"country": "SE", "mw": 50.0, "nodes": 33333, "layer": "pue", "mechanism": "none", "seed": 20260520, "n_jobs": 1994, "energy_kwh": 573970.5, "co2_g_it": 6404382.154356431, "co2_g_facility": 146140629.60668662, "co2_tonnes_y": 77.91998287800324, "cfe_pct": 43.26375274295689, "cfe_abs_pct": 100.0, "ci_weighted_mean": 11.330210372161718, "p50_slowdown": 14.173945648680498, "p95_slowdown": 157.9582539407586, "p99_slowdown": 411.2177215189873, "avg_pue": 20.45867354352737, "jain_fairness": 0.8417246747272737}