{"country": "CH", "mw": 10.0, "nodes": 6667, "layer": "fsla", "mechanism": "M1", "seed": 20260518, "n_jobs": 1994, "energy_kwh": 60331.34666666671, "co2_g_it": 1793337.1180599746, "co2_g_facility": 3795308.901986264, "co2_tonnes_y": 21.818934936396357, "cfe_pct": 47.077599440449184, "cfe_abs_pct": 100.0, "ci_weighted_mean": 30.05040582316191, "p50_slowdown": 10.767270675123603, "p95_slowdown": 132.24475524475514, "p99_slowdown": 241.22702702702682, "avg_pue": 1.9626768959410195, "jain_fairness": 0.9097243483731753}