{"country": "CH", "mw": 1.0, "nodes": 667, "layer": "fsla", "mechanism": "M2", "seed": 20260522, "n_jobs": 1994, "energy_kwh": 6378.215416666658, "co2_g_it": 190105.7791813193, "co2_g_facility": 237618.93205445627, "co2_tonnes_y": 2.312953646706051, "cfe_pct": 46.49886544897734, "cfe_abs_pct": 100.0, "ci_weighted_mean": 29.86660587730592, "p50_slowdown": 10.803372267777572, "p95_slowdown": 139.46153846153845, "p99_slowdown": 253.4161967065187, "avg_pue": 1.2563251032438603, "jain_fairness": 0.8536946549756325}