{"country": "CH", "mw": 1.0, "nodes": 667, "layer": "pue", "mechanism": "GridPilot-PUE", "seed": 20260518, "n_jobs": 1994, "energy_kwh": 6378.21541666666, "co2_g_it": 189636.6326042315, "co2_g_facility": 231238.65725047857, "co2_tonnes_y": 2.3072456966848165, "cfe_pct": 47.0264692737682, "cfe_abs_pct": 100.0, "ci_weighted_mean": 30.577780643671545, "p50_slowdown": 14.262938013043147, "p95_slowdown": 154.65584813227147, "p99_slowdown": 411.2177215189873, "avg_pue": 1.1826534493764376, "jain_fairness": 0.9525500877557456}