{"country": "CH", "mw": 50.0, "nodes": 33333, "layer": "fsla", "mechanism": "M2", "seed": 20260519, "n_jobs": 1994, "energy_kwh": 300102.6345833331, "co2_g_it": 8889093.780880533, "co2_g_facility": 195693682.7284742, "co2_tonnes_y": 108.15064100071315, "cfe_pct": 47.8280300001653, "cfe_abs_pct": 100.0, "ci_weighted_mean": 29.86124737471395, "p50_slowdown": 10.337176567962242, "p95_slowdown": 129.7327188940092, "p99_slowdown": 246.8951048951045, "avg_pue": 19.33957146435357, "jain_fairness": 0.6229859190610206}