{"country": "CH", "mw": 10.0, "nodes": 6667, "layer": "pue", "mechanism": "GridPilot-PUE", "seed": 20260523, "n_jobs": 1994, "energy_kwh": 60331.346666666745, "co2_g_it": 1798817.8352924145, "co2_g_facility": 3822371.242058924, "co2_tonnes_y": 21.885616996057706, "cfe_pct": 46.42598163518105, "cfe_abs_pct": 100.0, "ci_weighted_mean": 30.633491950512568, "p50_slowdown": 13.482686980609419, "p95_slowdown": 149.01623541349568, "p99_slowdown": 377.5530166036472, "avg_pue": 2.0408656747132854, "jain_fairness": 0.9030559589972669}