{"country": "CH", "mw": 1.0, "nodes": 667, "layer": "fsla", "mechanism": "M2", "seed": 20260524, "n_jobs": 1994, "energy_kwh": 6378.215416666651, "co2_g_it": 190636.13195933637, "co2_g_facility": 232210.84209701163, "co2_tonnes_y": 2.3194062721719257, "cfe_pct": 45.902428923943575, "cfe_abs_pct": 100.0, "ci_weighted_mean": 30.4411771476091, "p50_slowdown": 13.984681432334863, "p95_slowdown": 155.67420349434727, "p99_slowdown": 340.9534044298602, "avg_pue": 1.2651362119698768, "jain_fairness": 0.409265872078549}