{"country": "CH", "mw": 10.0, "nodes": 6667, "layer": "pue", "mechanism": "GridPilot-PUE", "seed": 20260517, "n_jobs": 1994, "energy_kwh": 60331.34666666674, "co2_g_it": 1798716.088270795, "co2_g_facility": 3832681.016526439, "co2_tonnes_y": 21.88437907396134, "cfe_pct": 46.43807862324063, "cfe_abs_pct": 100.0, "ci_weighted_mean": 30.671300498322683, "p50_slowdown": 13.381780435438365, "p95_slowdown": 147.08437705998676, "p99_slowdown": 377.5530166036472, "avg_pue": 2.0413229818343903, "jain_fairness": 0.9377106688046859}