{"country": "CH", "mw": 50.0, "nodes": 33333, "layer": "pue", "mechanism": "GridPilot-PUE", "seed": 20260522, "n_jobs": 1994, "energy_kwh": 300102.6345833331, "co2_g_it": 8950339.549397774, "co2_g_facility": 200077677.2351566, "co2_tonnes_y": 108.89579785100624, "cfe_pct": 46.36415212616594, "cfe_abs_pct": 100.0, "ci_weighted_mean": 30.628620708118362, "p50_slowdown": 13.689467004366616, "p95_slowdown": 149.79629629629613, "p99_slowdown": 411.2177215189873, "avg_pue": 19.564976942830654, "jain_fairness": 0.8790094191728303}