{"country": "CH", "mw": 1.0, "nodes": 667, "layer": "fsla", "mechanism": "M3", "seed": 20260520, "n_jobs": 1994, "energy_kwh": 6378.215416666655, "co2_g_it": 191808.47319190437, "co2_g_facility": 240500.35580408026, "co2_tonnes_y": 2.3336697571681695, "cfe_pct": 44.58401001507891, "cfe_abs_pct": 100.0, "ci_weighted_mean": 29.98318145826272, "p50_slowdown": 12.289697256913726, "p95_slowdown": 142.1764705882353, "p99_slowdown": 301.0, "avg_pue": 1.308098409838531, "jain_fairness": 0.47037368588211426}