{"country": "CH", "mw": 1.0, "nodes": 667, "layer": "pue", "mechanism": "GridPilot-PUE", "seed": 20260519, "n_jobs": 1994, "energy_kwh": 6378.215416666661, "co2_g_it": 190270.91752250295, "co2_g_facility": 219381.28505643108, "co2_tonnes_y": 2.314962829857119, "cfe_pct": 46.31315031284944, "cfe_abs_pct": 100.0, "ci_weighted_mean": 30.612708049162386, "p50_slowdown": 14.295815925671883, "p95_slowdown": 157.52173913043478, "p99_slowdown": 411.2177215189873, "avg_pue": 1.207922157646166, "jain_fairness": 0.7304806679722734}