{"country": "CH", "mw": 1.0, "nodes": 667, "layer": "pue", "mechanism": "GridPilot-PUE", "seed": 20260523, "n_jobs": 1994, "energy_kwh": 6378.215416666661, "co2_g_it": 190311.9079296651, "co2_g_facility": 232107.23030297618, "co2_tonnes_y": 2.3154615464775916, "cfe_pct": 46.26705236253997, "cfe_abs_pct": 100.0, "ci_weighted_mean": 30.596633131654343, "p50_slowdown": 14.295815925671883, "p95_slowdown": 159.05640872632807, "p99_slowdown": 411.2177215189873, "avg_pue": 1.209540965027815, "jain_fairness": 0.8960940396958503}