{"country": "CH", "mw": 1.0, "nodes": 667, "layer": "pue", "mechanism": "GridPilot-PUE", "seed": 20260517, "n_jobs": 1994, "energy_kwh": 6378.2154166666605, "co2_g_it": 190280.9393792483, "co2_g_facility": 232124.9815654485, "co2_tonnes_y": 2.3150847624475213, "cfe_pct": 46.30187969891224, "cfe_abs_pct": 100.0, "ci_weighted_mean": 30.601056037372295, "p50_slowdown": 14.28763604091737, "p95_slowdown": 157.9582539407586, "p99_slowdown": 411.2177215189873, "avg_pue": 1.2177673893821805, "jain_fairness": 0.909736286522226}