{"country": "CH", "mw": 50.0, "nodes": 33333, "layer": "fsla", "mechanism": "M0", "seed": 20260518, "n_jobs": 1994, "energy_kwh": 300102.6345833324, "co2_g_it": 8919532.425904572, "co2_g_facility": 198004096.85669574, "co2_tonnes_y": 108.52097784850561, "cfe_pct": 47.10049469374485, "cfe_abs_pct": 100.0, "ci_weighted_mean": 30.05365784143773, "p50_slowdown": 10.563043390822239, "p95_slowdown": 131.60079051383394, "p99_slowdown": 241.0, "avg_pue": 18.961838794011083, "jain_fairness": 0.8678970905538145}