{"country": "CH", "mw": 10.0, "nodes": 6667, "layer": "pue", "mechanism": "GridPilot-PUE", "seed": 20260520, "n_jobs": 1994, "energy_kwh": 60331.34666666677, "co2_g_it": 1797023.06816725, "co2_g_facility": 3819103.850487594, "co2_tonnes_y": 21.86378066270154, "cfe_pct": 46.639366519944716, "cfe_abs_pct": 100.0, "ci_weighted_mean": 30.618019336283933, "p50_slowdown": 13.650448428001468, "p95_slowdown": 149.79629629629613, "p99_slowdown": 377.5530166036472, "avg_pue": 1.968660052515087, "jain_fairness": 0.8548979114302192}