{"country": "CH", "mw": 10.0, "nodes": 6667, "layer": "fsla", "mechanism": "M0", "seed": 20260522, "n_jobs": 1994, "energy_kwh": 60331.34666666675, "co2_g_it": 1793407.1875641544, "co2_g_facility": 3762549.7584818373, "co2_tonnes_y": 21.81978744869721, "cfe_pct": 47.06926868106212, "cfe_abs_pct": 100.0, "ci_weighted_mean": 29.971315256120846, "p50_slowdown": 10.231722913140157, "p95_slowdown": 127.57585139318878, "p99_slowdown": 247.81506849315048, "avg_pue": 1.981845192260747, "jain_fairness": 0.8314992063862795}