{"country": "CH", "mw": 10.0, "nodes": 6667, "layer": "pue", "mechanism": "none", "seed": 20260522, "n_jobs": 1994, "energy_kwh": 115401.0, "co2_g_it": 3468224.5515045, "co2_g_facility": 7422508.244666275, "co2_tonnes_y": 42.19673204330475, "cfe_pct": 44.718554993379875, "cfe_abs_pct": 100.0, "ci_weighted_mean": 30.61495223311938, "p50_slowdown": 14.280050440332307, "p95_slowdown": 159.13818687688376, "p99_slowdown": 411.2177215189873, "avg_pue": 2.033034514034723, "jain_fairness": 0.8626281771882245}