{"country": "CH", "mw": 50.0, "nodes": 33333, "layer": "fsla", "mechanism": "M0", "seed": 20260521, "n_jobs": 1994, "energy_kwh": 300102.6345833326, "co2_g_it": 9043054.742536211, "co2_g_facility": 182685126.4447711, "co2_tonnes_y": 110.02383270085724, "cfe_pct": 44.14810156292446, "cfe_abs_pct": 100.0, "ci_weighted_mean": 29.90805269566992, "p50_slowdown": 11.675920293731817, "p95_slowdown": 127.0, "p99_slowdown": 308.1732418524858, "avg_pue": 15.203515486446804, "jain_fairness": 0.7918475447959796}