{"country": "CH", "mw": 10.0, "nodes": 6667, "layer": "fsla", "mechanism": "none", "seed": 20260524, "n_jobs": 1994, "energy_kwh": 60314.7770833336, "co2_g_it": 1802207.7595424915, "co2_g_facility": 3831705.9480481665, "co2_tonnes_y": 21.926861074433646, "cfe_pct": 45.96408026142632, "cfe_abs_pct": 100.0, "ci_weighted_mean": 30.591440528173223, "p50_slowdown": 15.14215650815237, "p95_slowdown": 172.42857142857142, "p99_slowdown": 457.19746835442993, "avg_pue": 2.006888246390925, "jain_fairness": 0.7086714052684175}