{"country": "CH", "mw": 10.0, "nodes": 6667, "layer": "pue", "mechanism": "GridPilot-PUE", "seed": 20260521, "n_jobs": 1994, "energy_kwh": 60331.34666666673, "co2_g_it": 1794670.4549879103, "co2_g_facility": 3859318.908091593, "co2_tonnes_y": 21.835157202352907, "cfe_pct": 46.919075282785, "cfe_abs_pct": 100.0, "ci_weighted_mean": 30.611678929758416, "p50_slowdown": 13.754740191678852, "p95_slowdown": 149.79629629629613, "p99_slowdown": 411.2177215189873, "avg_pue": 2.0441474550848935, "jain_fairness": 0.7560487985646219}