{"country": "CH", "mw": 10.0, "nodes": 6667, "layer": "pue", "mechanism": "GridPilot-PUE", "seed": 20260524, "n_jobs": 1994, "energy_kwh": 60331.34666666672, "co2_g_it": 1799317.8730454613, "co2_g_facility": 3821761.3738471875, "co2_tonnes_y": 21.891700788719778, "cfe_pct": 46.36653074775679, "cfe_abs_pct": 100.0, "ci_weighted_mean": 30.634983316683602, "p50_slowdown": 13.564719238997982, "p95_slowdown": 149.79629629629613, "p99_slowdown": 411.2177215189873, "avg_pue": 1.9823703862944742, "jain_fairness": 0.7543420534504939}