{"country": "CH", "mw": 10.0, "nodes": 6667, "layer": "fsla", "mechanism": "M1", "seed": 20260521, "n_jobs": 1994, "energy_kwh": 60331.34666666674, "co2_g_it": 1818764.9518576101, "co2_g_facility": 3677766.6421251227, "co2_tonnes_y": 22.12830691426759, "cfe_pct": 44.0544131403351, "cfe_abs_pct": 100.0, "ci_weighted_mean": 29.910719648818105, "p50_slowdown": 11.744282447987967, "p95_slowdown": 127.0, "p99_slowdown": 328.57416267942557, "avg_pue": 1.7850963752907107, "jain_fairness": 0.7809160724665449}