{"country": "CH", "mw": 50.0, "nodes": 33333, "layer": "pue", "mechanism": "GridPilot-PUE", "seed": 20260519, "n_jobs": 1994, "energy_kwh": 300102.6345833333, "co2_g_it": 8950146.282344172, "co2_g_facility": 200373962.17786127, "co2_tonnes_y": 108.89344643518741, "cfe_pct": 46.36877153694926, "cfe_abs_pct": 99.99999999999999, "ci_weighted_mean": 30.679815576961527, "p50_slowdown": 13.240940665550497, "p95_slowdown": 147.70089858793315, "p99_slowdown": 377.5530166036472, "avg_pue": 19.037676132230242, "jain_fairness": 0.7584841979359723}