{"country": "CH", "mw": 10.0, "nodes": 6667, "layer": "fsla", "mechanism": "M0", "seed": 20260519, "n_jobs": 1994, "energy_kwh": 60331.346666666635, "co2_g_it": 1787374.8962459345, "co2_g_facility": 3770900.4073047196, "co2_tonnes_y": 21.7463945709922, "cfe_pct": 47.786464672536624, "cfe_abs_pct": 100.0, "ci_weighted_mean": 29.86182845733824, "p50_slowdown": 10.332872729521164, "p95_slowdown": 130.52314165497884, "p99_slowdown": 252.76587412587412, "avg_pue": 1.9245537866554308, "jain_fairness": 0.6888389054642732}