{"country": "CH", "mw": 10.0, "nodes": 6667, "layer": "fsla", "mechanism": "M2", "seed": 20260523, "n_jobs": 1994, "energy_kwh": 60331.346666666686, "co2_g_it": 1786783.2319167966, "co2_g_facility": 3840342.8066279106, "co2_tonnes_y": 21.739195988321026, "cfe_pct": 47.85680929993755, "cfe_abs_pct": 100.0, "ci_weighted_mean": 30.189036308293215, "p50_slowdown": 11.750574751594947, "p95_slowdown": 133.03781512605036, "p99_slowdown": 284.0093085106367, "avg_pue": 2.00359437289704, "jain_fairness": 0.90240698378108}