{"country": "DE", "mw": 1.0, "nodes": 667, "layer": "fsla", "mechanism": "M1", "seed": 20260520, "n_jobs": 1994, "energy_kwh": 6378.215416666659, "co2_g_it": 1581916.2454791393, "co2_g_facility": 1964765.1579946375, "co2_tonnes_y": 19.246647653329525, "cfe_pct": 67.99535177714547, "cfe_abs_pct": 0.0, "ci_weighted_mean": 268.4378327449179, "p50_slowdown": 15.248176097180831, "p95_slowdown": 172.42857142857142, "p99_slowdown": 457.19746835442993, "avg_pue": 1.219637279052423, "jain_fairness": 0.020512650520222213}