{"country": "DE", "mw": 10.0, "nodes": 6667, "layer": "fsla", "mechanism": "none", "seed": 20260520, "n_jobs": 1994, "energy_kwh": 60314.7770833336, "co2_g_it": 14935947.092969012, "co2_g_facility": 31600008.943291984, "co2_tonnes_y": 181.72068963112298, "cfe_pct": 68.13924012206728, "cfe_abs_pct": 0.0, "ci_weighted_mean": 268.03675057924, "p50_slowdown": 15.14215650815237, "p95_slowdown": 172.42857142857142, "p99_slowdown": 457.19746835442993, "avg_pue": 2.006888246390925, "jain_fairness": 0.8019547820883979}