{"country": "DE", "mw": 50.0, "nodes": 33333, "layer": "pue", "mechanism": "GridPilot-PUE", "seed": 20260519, "n_jobs": 1994, "energy_kwh": 300102.6345833333, "co2_g_it": 73890519.86129421, "co2_g_facility": 1646338840.662955, "co2_tonnes_y": 899.0013249790795, "cfe_pct": 68.66791826821249, "cfe_abs_pct": 0.0, "ci_weighted_mean": 270.9894066910126, "p50_slowdown": 13.174513714798074, "p95_slowdown": 144.62709163346608, "p99_slowdown": 377.5530166036472, "avg_pue": 18.91875662101861, "jain_fairness": 0.6992889058573015}