{"country": "DE", "mw": 1.0, "nodes": 667, "layer": "pue", "mechanism": "GridPilot-PUE", "seed": 20260523, "n_jobs": 1994, "energy_kwh": 6378.2154166666605, "co2_g_it": 1570651.138574558, "co2_g_facility": 1969637.5145868098, "co2_tonnes_y": 19.109588852657122, "cfe_pct": 68.65486877714417, "cfe_abs_pct": 0.0, "ci_weighted_mean": 267.9939028717635, "p50_slowdown": 14.295815925671883, "p95_slowdown": 157.9582539407586, "p99_slowdown": 411.2177215189873, "avg_pue": 1.2208802754371688, "jain_fairness": 0.9231849499525087}