{"country": "DE", "mw": 50.0, "nodes": 33333, "layer": "fsla", "mechanism": "M0", "seed": 20260519, "n_jobs": 1994, "energy_kwh": 300102.6345833331, "co2_g_it": 73705918.83595833, "co2_g_facility": 1693222124.911724, "co2_tonnes_y": 896.755345837493, "cfe_pct": 68.89761465353995, "cfe_abs_pct": 0.0, "ci_weighted_mean": 268.97245989349096, "p50_slowdown": 13.868725202691046, "p95_slowdown": 151.9516476747767, "p99_slowdown": 411.2177215189873, "avg_pue": 21.47376503927033, "jain_fairness": 0.020121158314864707}