{"country": "DE", "mw": 1.0, "nodes": 667, "layer": "pue", "mechanism": "GridPilot-PUE", "seed": 20260520, "n_jobs": 1994, "energy_kwh": 6378.215416666661, "co2_g_it": 1566410.1328748793, "co2_g_facility": 1962426.864017404, "co2_tonnes_y": 19.057989949977696, "cfe_pct": 68.90315895137192, "cfe_abs_pct": 0.0, "ci_weighted_mean": 267.6790754451947, "p50_slowdown": 14.28763604091737, "p95_slowdown": 158.24573836429784, "p99_slowdown": 411.2177215189873, "avg_pue": 1.2017909402547844, "jain_fairness": 0.8346313127565758}