{"country": "DE", "mw": 1.0, "nodes": 667, "layer": "fsla", "mechanism": "M3", "seed": 20260519, "n_jobs": 1994, "energy_kwh": 6378.21541666666, "co2_g_it": 1576056.066164097, "co2_g_facility": 1952514.783543978, "co2_tonnes_y": 19.175348804996514, "cfe_pct": 68.33843665987673, "cfe_abs_pct": 0.0, "ci_weighted_mean": 268.3860683656833, "p50_slowdown": 14.893561844234778, "p95_slowdown": 168.42418961310548, "p99_slowdown": 424.2234095018883, "avg_pue": 1.1834597998606238, "jain_fairness": 0.7230478076043104}