{"country": "DE", "mw": 50.0, "nodes": 33333, "layer": "fsla", "mechanism": "M0", "seed": 20260520, "n_jobs": 1994, "energy_kwh": 300102.6345833331, "co2_g_it": 73805903.31169578, "co2_g_facility": 1662981282.595579, "co2_tonnes_y": 897.971823625632, "cfe_pct": 68.77320541678775, "cfe_abs_pct": 0.0, "ci_weighted_mean": 268.8550902298096, "p50_slowdown": 14.213533788397008, "p95_slowdown": 157.12119137281746, "p99_slowdown": 411.2177215189873, "avg_pue": 20.41345839543628, "jain_fairness": 0.823917603221352}