{"country": "DE", "mw": 1.0, "nodes": 667, "layer": "pue", "mechanism": "GridPilot-PUE", "seed": 20260519, "n_jobs": 1994, "energy_kwh": 6378.2154166666605, "co2_g_it": 1570793.8571898302, "co2_g_facility": 1823012.069577178, "co2_tonnes_y": 19.111325262476264, "cfe_pct": 68.64651329913717, "cfe_abs_pct": 0.0, "ci_weighted_mean": 268.91870051963747, "p50_slowdown": 14.049390989002326, "p95_slowdown": 154.44016857047762, "p99_slowdown": 411.2177215189873, "avg_pue": 1.2141048020550453, "jain_fairness": 0.7509526588268243}