{"country": "DE", "mw": 10.0, "nodes": 6667, "layer": "pue", "mechanism": "GridPilot-PUE", "seed": 20260518, "n_jobs": 1994, "energy_kwh": 60331.34666666672, "co2_g_it": 14741875.918540725, "co2_g_facility": 31943386.181510977, "co2_tonnes_y": 179.3594903422455, "cfe_pct": 69.36581564539661, "cfe_abs_pct": 0.0, "ci_weighted_mean": 269.7953833697054, "p50_slowdown": 13.2011795285824, "p95_slowdown": 144.15712360077356, "p99_slowdown": 369.5909090909087, "avg_pue": 2.0920823502776824, "jain_fairness": 0.936840099715704}