{"country": "DE", "mw": 50.0, "nodes": 33333, "layer": "fsla", "mechanism": "M3", "seed": 20260523, "n_jobs": 1994, "energy_kwh": 300102.63458333316, "co2_g_it": 73481035.2213917, "co2_g_facility": 1687446197.7227838, "co2_tonnes_y": 894.0192618602655, "cfe_pct": 69.1774340819065, "cfe_abs_pct": 0.0, "ci_weighted_mean": 268.38850309166764, "p50_slowdown": 14.049390989002326, "p95_slowdown": 152.48388469311772, "p99_slowdown": 411.2177215189873, "avg_pue": 21.40481185730175, "jain_fairness": 0.9121612375883945}