{"country": "DE", "mw": 10.0, "nodes": 6667, "layer": "pue", "mechanism": "none", "seed": 20260519, "n_jobs": 1994, "energy_kwh": 115401.0, "co2_g_it": 29151843.19564902, "co2_g_facility": 62335999.90392695, "co2_tonnes_y": 354.6807588803964, "cfe_pct": 66.27958934470819, "cfe_abs_pct": 0.0, "ci_weighted_mean": 268.71107933915266, "p50_slowdown": 14.280050440332307, "p95_slowdown": 159.13818687688376, "p99_slowdown": 411.2177215189873, "avg_pue": 2.033034514034723, "jain_fairness": 0.020113473556925977}