{"country": "DE", "mw": 10.0, "nodes": 6667, "layer": "pue", "mechanism": "GridPilot-PUE", "seed": 20260521, "n_jobs": 1994, "energy_kwh": 60331.34666666672, "co2_g_it": 14762371.268025871, "co2_g_facility": 31720829.81464214, "co2_tonnes_y": 179.6088504276481, "cfe_pct": 69.23896222874897, "cfe_abs_pct": 0.0, "ci_weighted_mean": 268.70128765308027, "p50_slowdown": 13.678288824174352, "p95_slowdown": 149.31464492014948, "p99_slowdown": 377.5530166036472, "avg_pue": 2.034735357998241, "jain_fairness": 0.755072973875407}