{"country": "DE", "mw": 10.0, "nodes": 6667, "layer": "fsla", "mechanism": "M1", "seed": 20260521, "n_jobs": 1994, "energy_kwh": 60331.34666666675, "co2_g_it": 14851802.579780601, "co2_g_facility": 31656992.266759247, "co2_tonnes_y": 180.6969313873306, "cfe_pct": 68.68543824714574, "cfe_abs_pct": 0.0, "ci_weighted_mean": 268.71107933915266, "p50_slowdown": 14.280050440332307, "p95_slowdown": 159.13818687688376, "p99_slowdown": 411.2177215189873, "avg_pue": 2.033034514034723, "jain_fairness": 0.7402547418130775}