{"country": "DE", "mw": 50.0, "nodes": 33333, "layer": "fsla", "mechanism": "M3", "seed": 20260518, "n_jobs": 1994, "energy_kwh": 300102.63458333304, "co2_g_it": 73805115.93250176, "co2_g_facility": 1659898767.9704742, "co2_tonnes_y": 897.9622438454381, "cfe_pct": 68.77418514132852, "cfe_abs_pct": 0.0, "ci_weighted_mean": 268.69950617849753, "p50_slowdown": 14.173945648680498, "p95_slowdown": 157.9582539407586, "p99_slowdown": 411.2177215189873, "avg_pue": 20.457449139970343, "jain_fairness": 0.9415101500115599}