{"country": "DE", "mw": 10.0, "nodes": 6667, "layer": "fsla", "mechanism": "M0", "seed": 20260519, "n_jobs": 1994, "energy_kwh": 60331.346666666745, "co2_g_it": 14825215.796115685, "co2_g_facility": 32072217.08427807, "co2_tonnes_y": 180.3734588527408, "cfe_pct": 68.84999383806199, "cfe_abs_pct": 0.0, "ci_weighted_mean": 268.92215818916503, "p50_slowdown": 14.122741123945858, "p95_slowdown": 152.97361383490818, "p99_slowdown": 411.2177215189873, "avg_pue": 2.0836354351155015, "jain_fairness": 0.020117513252613035}