{"country": "DE", "mw": 1.0, "nodes": 667, "layer": "pue", "mechanism": "GridPilot-PUE", "seed": 20260521, "n_jobs": 1994, "energy_kwh": 6378.215416666659, "co2_g_it": 1563071.152108508, "co2_g_facility": 1951895.178654936, "co2_tonnes_y": 19.017365683986846, "cfe_pct": 69.0986399704821, "cfe_abs_pct": 0.0, "ci_weighted_mean": 267.4123281448979, "p50_slowdown": 14.379103809705523, "p95_slowdown": 159.05640872632807, "p99_slowdown": 411.2177215189873, "avg_pue": 1.1417164516214713, "jain_fairness": 0.7354498384881055}