{"country": "DE", "mw": 1.0, "nodes": 667, "layer": "pue", "mechanism": "GridPilot-PUE", "seed": 20260518, "n_jobs": 1994, "energy_kwh": 6378.21541666666, "co2_g_it": 1556698.2536265268, "co2_g_facility": 1951819.463570349, "co2_tonnes_y": 18.939828752456076, "cfe_pct": 69.47174205675034, "cfe_abs_pct": 0.0, "ci_weighted_mean": 267.56595810278355, "p50_slowdown": 14.280050440332307, "p95_slowdown": 152.48388469311772, "p99_slowdown": 411.2177215189873, "avg_pue": 1.1917169005081147, "jain_fairness": 0.9522307975792323}