{"country": "DE", "mw": 10.0, "nodes": 6667, "layer": "fsla", "mechanism": "M0", "seed": 20260523, "n_jobs": 1994, "energy_kwh": 60331.34666666674, "co2_g_it": 14781419.397496797, "co2_g_facility": 31976011.637121208, "co2_tonnes_y": 179.84060266954438, "cfe_pct": 69.12106620038958, "cfe_abs_pct": 0.0, "ci_weighted_mean": 268.3531832066226, "p50_slowdown": 14.138686131386862, "p95_slowdown": 152.48388469311772, "p99_slowdown": 411.2177215189873, "avg_pue": 2.08098463501068, "jain_fairness": 0.8866785026185051}