{"country": "DE", "mw": 50.0, "nodes": 33333, "layer": "pue", "mechanism": "GridPilot-PUE", "seed": 20260523, "n_jobs": 1994, "energy_kwh": 300102.6345833331, "co2_g_it": 73756276.68263565, "co2_g_facility": 1640477831.8746524, "co2_tonnes_y": 897.368032972067, "cfe_pct": 68.83495511341225, "cfe_abs_pct": 0.0, "ci_weighted_mean": 270.35265559154624, "p50_slowdown": 13.33632631150738, "p95_slowdown": 147.08437705998676, "p99_slowdown": 377.5530166036472, "avg_pue": 20.484318804901566, "jain_fairness": 0.9023608246963102}