{"country": "DE", "mw": 1.0, "nodes": 667, "layer": "pue", "mechanism": "GridPilot-PUE", "seed": 20260517, "n_jobs": 1994, "energy_kwh": 6378.2154166666605, "co2_g_it": 1572206.4637248134, "co2_g_facility": 1970932.9327365218, "co2_tonnes_y": 19.128511975318563, "cfe_pct": 68.56381208449073, "cfe_abs_pct": 0.0, "ci_weighted_mean": 268.3296497592262, "p50_slowdown": 14.173945648680498, "p95_slowdown": 157.12119137281746, "p99_slowdown": 411.2177215189873, "avg_pue": 1.2208802754371688, "jain_fairness": 0.9360872270487981}