{"country": "DE", "mw": 50.0, "nodes": 33333, "layer": "pue", "mechanism": "GridPilot-PUE", "seed": 20260521, "n_jobs": 1994, "energy_kwh": 300102.6345833333, "co2_g_it": 73409092.45087497, "co2_g_facility": 1668453974.185491, "co2_tonnes_y": 893.143958152312, "cfe_pct": 69.26695143051346, "cfe_abs_pct": 0.0, "ci_weighted_mean": 268.7059003675349, "p50_slowdown": 13.650448428001468, "p95_slowdown": 149.01623541349568, "p99_slowdown": 377.5530166036472, "avg_pue": 20.44480086154535, "jain_fairness": 0.7551676716111015}