{"country": "DE", "mw": 50.0, "nodes": 33333, "layer": "fsla", "mechanism": "M0", "seed": 20260521, "n_jobs": 1994, "energy_kwh": 300102.634583333, "co2_g_it": 73804517.35444078, "co2_g_facility": 1660039006.7866313, "co2_tonnes_y": 897.9549611456961, "cfe_pct": 68.77492994335054, "cfe_abs_pct": 0.0, "ci_weighted_mean": 268.69984323499443, "p50_slowdown": 14.173945648680498, "p95_slowdown": 157.9582539407586, "p99_slowdown": 411.2177215189873, "avg_pue": 20.45867354352737, "jain_fairness": 0.7383545944995376}