{"country": "DE", "mw": 50.0, "nodes": 33333, "layer": "fsla", "mechanism": "M3", "seed": 20260524, "n_jobs": 1994, "energy_kwh": 300102.63458333304, "co2_g_it": 73896775.12590887, "co2_g_facility": 1666470385.8534355, "co2_tonnes_y": 899.0774306985578, "cfe_pct": 68.66013493294335, "cfe_abs_pct": 0.0, "ci_weighted_mean": 269.2757447105213, "p50_slowdown": 14.154708919351968, "p95_slowdown": 157.12119137281746, "p99_slowdown": 411.2177215189873, "avg_pue": 20.392291132978794, "jain_fairness": 0.7356835144012315}