{"country": "DE", "mw": 50.0, "nodes": 33333, "layer": "fsla", "mechanism": "M0", "seed": 20260517, "n_jobs": 1994, "energy_kwh": 300102.63458333316, "co2_g_it": 73691014.02827097, "co2_g_facility": 1669522775.137041, "co2_tonnes_y": 896.5740040106301, "cfe_pct": 68.916160490128, "cfe_abs_pct": 0.0, "ci_weighted_mean": 268.6576662879665, "p50_slowdown": 14.096994924260974, "p95_slowdown": 152.97361383490818, "p99_slowdown": 411.2177215189873, "avg_pue": 20.305440995951585, "jain_fairness": 0.9383940438083803}