{"country": "DE", "mw": 10.0, "nodes": 6667, "layer": "fsla", "mechanism": "M3", "seed": 20260522, "n_jobs": 1994, "energy_kwh": 60331.34666666674, "co2_g_it": 14724466.464767221, "co2_g_facility": 31333273.283428494, "co2_tonnes_y": 179.1476753213345, "cfe_pct": 69.47356929432745, "cfe_abs_pct": 0.0, "ci_weighted_mean": 267.94450525176075, "p50_slowdown": 14.122741123945858, "p95_slowdown": 152.48388469311772, "p99_slowdown": 411.2177215189873, "avg_pue": 1.9940672086553601, "jain_fairness": 0.9013057854856479}