{"country": "DE", "mw": 50.0, "nodes": 33333, "layer": "pue", "mechanism": "GridPilot-PUE", "seed": 20260524, "n_jobs": 1994, "energy_kwh": 300102.6345833332, "co2_g_it": 73781155.90796348, "co2_g_facility": 1637020906.955849, "co2_tonnes_y": 897.6707302135557, "cfe_pct": 68.80399825324784, "cfe_abs_pct": 0.0, "ci_weighted_mean": 270.3367758343334, "p50_slowdown": 13.403109976853226, "p95_slowdown": 149.01623541349568, "p99_slowdown": 377.5530166036472, "avg_pue": 19.222247250786406, "jain_fairness": 0.7583792613008957}