{"country": "DE", "mw": 1.0, "nodes": 667, "layer": "pue", "mechanism": "GridPilot-PUE", "seed": 20260522, "n_jobs": 1994, "energy_kwh": 6378.215416666664, "co2_g_it": 1576465.2947040703, "co2_g_facility": 1961654.7089742585, "co2_tonnes_y": 19.180327752232852, "cfe_pct": 68.31447832718749, "cfe_abs_pct": 0.0, "ci_weighted_mean": 268.213604678328, "p50_slowdown": 14.331927921164215, "p95_slowdown": 160.71816695789403, "p99_slowdown": 411.2177215189873, "avg_pue": 1.187298879007316, "jain_fairness": 0.8615887196828985}