{"country": "DE", "mw": 10.0, "nodes": 6667, "layer": "pue", "mechanism": "GridPilot-PUE", "seed": 20260522, "n_jobs": 1994, "energy_kwh": 60331.34666666674, "co2_g_it": 14842217.919672433, "co2_g_facility": 31469512.933599565, "co2_tonnes_y": 180.58031802268127, "cfe_pct": 68.74476130884815, "cfe_abs_pct": 0.0, "ci_weighted_mean": 268.95932658549054, "p50_slowdown": 13.667142093064719, "p95_slowdown": 151.2748691099476, "p99_slowdown": 411.2177215189873, "avg_pue": 1.9873705785042495, "jain_fairness": 0.8497748457263689}