{"country": "FR", "mw": 1.0, "nodes": 667, "layer": "fsla", "mechanism": "M1", "seed": 20260523, "n_jobs": 1994, "energy_kwh": 6378.215416666659, "co2_g_it": 328918.43816376367, "co2_g_facility": 399330.9498850394, "co2_tonnes_y": 4.001840997659125, "cfe_pct": 52.26519624240255, "cfe_abs_pct": 100.0, "ci_weighted_mean": 53.26622686153902, "p50_slowdown": 15.069373167155426, "p95_slowdown": 170.2308826782685, "p99_slowdown": 424.2234095018883, "avg_pue": 1.1879777075403342, "jain_fairness": 0.9207110066416676}