{"country": "FR", "mw": 10.0, "nodes": 6667, "layer": "pue", "mechanism": "GridPilot-PUE", "seed": 20260518, "n_jobs": 1994, "energy_kwh": 60331.34666666674, "co2_g_it": 3101036.5899066343, "co2_g_facility": 6705105.991311981, "co2_tonnes_y": 37.72927851053072, "cfe_pct": 52.88455626651236, "cfe_abs_pct": 100.0, "ci_weighted_mean": 53.415967788114834, "p50_slowdown": 13.33632631150738, "p95_slowdown": 144.62709163346608, "p99_slowdown": 375.72415584415523, "avg_pue": 2.0946449072153306, "jain_fairness": 0.9307599975557305}