{"country": "FR", "mw": 50.0, "nodes": 33333, "layer": "fsla", "mechanism": "M0", "seed": 20260520, "n_jobs": 1994, "energy_kwh": 300102.63458333304, "co2_g_it": 15477333.713600393, "co2_g_facility": 351299701.2151085, "co2_tonnes_y": 188.3075601821381, "cfe_pct": 52.248957848283, "cfe_abs_pct": 100.0, "ci_weighted_mean": 53.338634366153634, "p50_slowdown": 14.213533788397008, "p95_slowdown": 157.12119137281746, "p99_slowdown": 411.2177215189873, "avg_pue": 20.414552711600667, "jain_fairness": 0.8413364729194398}