{"country": "FR", "mw": 10.0, "nodes": 6667, "layer": "pue", "mechanism": "GridPilot-PUE", "seed": 20260523, "n_jobs": 1994, "energy_kwh": 60331.34666666674, "co2_g_it": 3110913.352356196, "co2_g_facility": 6610953.064018002, "co2_tonnes_y": 37.84944578700038, "cfe_pct": 52.284409865317, "cfe_abs_pct": 100.0, "ci_weighted_mean": 53.370124694838275, "p50_slowdown": 13.482686980609419, "p95_slowdown": 149.01623541349568, "p99_slowdown": 411.2177215189873, "avg_pue": 2.0393103747601327, "jain_fairness": 0.8998392335285974}