{"country": "FR", "mw": 10.0, "nodes": 6667, "layer": "fsla", "mechanism": "M0", "seed": 20260519, "n_jobs": 1994, "energy_kwh": 60331.34666666676, "co2_g_it": 3106361.056890311, "co2_g_facility": 6728215.796749774, "co2_tonnes_y": 37.79405952549879, "cfe_pct": 52.56102315382907, "cfe_abs_pct": 100.0, "ci_weighted_mean": 53.326570150235476, "p50_slowdown": 14.122741123945858, "p95_slowdown": 152.97361383490818, "p99_slowdown": 411.2177215189873, "avg_pue": 2.0870068043161316, "jain_fairness": 0.0201157838815459}