{"country": "FR", "mw": 10.0, "nodes": 6667, "layer": "fsla", "mechanism": "M0", "seed": 20260522, "n_jobs": 1994, "energy_kwh": 60331.34666666674, "co2_g_it": 3102706.4066390404, "co2_g_facility": 6628603.666900461, "co2_tonnes_y": 37.749594614108325, "cfe_pct": 52.78309240041953, "cfe_abs_pct": 100.0, "ci_weighted_mean": 53.26990348506002, "p50_slowdown": 14.122741123945858, "p95_slowdown": 152.48388469311772, "p99_slowdown": 411.2177215189873, "avg_pue": 1.9996930976908938, "jain_fairness": 0.8525767388882635}