{"country": "FR", "mw": 50.0, "nodes": 33333, "layer": "fsla", "mechanism": "M3", "seed": 20260517, "n_jobs": 1994, "energy_kwh": 300102.63458333316, "co2_g_it": 15468851.697412066, "co2_g_facility": 352846923.0897413, "co2_tonnes_y": 188.20436231851346, "cfe_pct": 52.35257100516883, "cfe_abs_pct": 99.99999999999999, "ci_weighted_mean": 53.32424062663995, "p50_slowdown": 14.096994924260974, "p95_slowdown": 152.97361383490818, "p99_slowdown": 411.2177215189873, "avg_pue": 20.307489909093242, "jain_fairness": 0.9415088671833385}