{"country": "FR", "mw": 50.0, "nodes": 33333, "layer": "pue", "mechanism": "GridPilot-PUE", "seed": 20260523, "n_jobs": 1994, "energy_kwh": 300102.6345833331, "co2_g_it": 15470542.779045232, "co2_g_facility": 346821152.0785815, "co2_tonnes_y": 188.22493714505032, "cfe_pct": 52.331913380534424, "cfe_abs_pct": 100.0, "ci_weighted_mean": 53.443869315980194, "p50_slowdown": 13.4503035609203, "p95_slowdown": 149.79629629629613, "p99_slowdown": 411.2177215189873, "avg_pue": 20.613040434132476, "jain_fairness": 0.9034965144366854}