{"country": "FR", "mw": 10.0, "nodes": 6667, "layer": "pue", "mechanism": "GridPilot-PUE", "seed": 20260520, "n_jobs": 1994, "energy_kwh": 60331.34666666677, "co2_g_it": 3107011.2417179807, "co2_g_facility": 6599037.386207393, "co2_tonnes_y": 37.80197010756876, "cfe_pct": 52.52151566476785, "cfe_abs_pct": 100.0, "ci_weighted_mean": 53.33600586041637, "p50_slowdown": 13.650448428001468, "p95_slowdown": 149.79629629629613, "p99_slowdown": 377.5530166036472, "avg_pue": 1.9677338709859395, "jain_fairness": 0.8578473314029501}