{"country": "FR", "mw": 50.0, "nodes": 33333, "layer": "fsla", "mechanism": "none", "seed": 20260519, "n_jobs": 1994, "energy_kwh": 300022.15375000064, "co2_g_it": 15509285.102051973, "co2_g_facility": 346253896.1254314, "co2_tonnes_y": 188.69630207496564, "cfe_pct": 51.8078301514933, "cfe_abs_pct": 99.99999999999999, "ci_weighted_mean": 53.285279403134666, "p50_slowdown": 15.069373167155426, "p95_slowdown": 170.78933915983012, "p99_slowdown": 451.3987341772148, "avg_pue": 19.84211236363831, "jain_fairness": 0.72453246802421}