{"country": "FR", "mw": 10.0, "nodes": 6667, "layer": "pue", "mechanism": "GridPilot-PUE", "seed": 20260517, "n_jobs": 1994, "energy_kwh": 60331.34666666674, "co2_g_it": 3110835.2418497447, "co2_g_facility": 6626798.05173848, "co2_tonnes_y": 37.848495442505225, "cfe_pct": 52.28915613106757, "cfe_abs_pct": 100.0, "ci_weighted_mean": 53.45393646532534, "p50_slowdown": 13.355214629082958, "p95_slowdown": 147.08437705998676, "p99_slowdown": 377.5530166036472, "avg_pue": 2.0388289553613155, "jain_fairness": 0.9386846343408228}