{"country": "FR", "mw": 1.0, "nodes": 667, "layer": "pue", "mechanism": "GridPilot-PUE", "seed": 20260519, "n_jobs": 1994, "energy_kwh": 6378.215416666661, "co2_g_it": 329113.8529301695, "co2_g_facility": 379713.54087047774, "co2_tonnes_y": 4.004218543983729, "cfe_pct": 52.15287967763239, "cfe_abs_pct": 100.0, "ci_weighted_mean": 53.323409287138844, "p50_slowdown": 14.28763604091737, "p95_slowdown": 157.12119137281746, "p99_slowdown": 411.2177215189873, "avg_pue": 1.2067650958275593, "jain_fairness": 0.7511259342797149}