{"country": "FR", "mw": 10.0, "nodes": 6667, "layer": "fsla", "mechanism": "M3", "seed": 20260520, "n_jobs": 1994, "energy_kwh": 60331.346666666745, "co2_g_it": 3112040.37131292, "co2_g_facility": 6657203.935823642, "co2_tonnes_y": 37.863157850973856, "cfe_pct": 52.215928277912596, "cfe_abs_pct": 100.0, "ci_weighted_mean": 53.33022827238214, "p50_slowdown": 14.213533788397008, "p95_slowdown": 158.81295869154957, "p99_slowdown": 411.2177215189873, "avg_pue": 2.0312720033267473, "jain_fairness": 0.8177634833439488}