{"country": "FR", "mw": 10.0, "nodes": 6667, "layer": "pue", "mechanism": "GridPilot-PUE", "seed": 20260524, "n_jobs": 1994, "energy_kwh": 60331.346666666715, "co2_g_it": 3111971.946354396, "co2_g_facility": 6606186.667078942, "co2_tonnes_y": 37.86232534731182, "cfe_pct": 52.220086016121414, "cfe_abs_pct": 100.0, "ci_weighted_mean": 53.37437026991343, "p50_slowdown": 13.53558190638589, "p95_slowdown": 149.79629629629613, "p99_slowdown": 377.5530166036472, "avg_pue": 1.9805631333815144, "jain_fairness": 0.7579463952447167}