{"country": "FR", "mw": 50.0, "nodes": 33333, "layer": "fsla", "mechanism": "M1", "seed": 20260519, "n_jobs": 1994, "energy_kwh": 300102.63458333316, "co2_g_it": 15451272.192481237, "co2_g_facility": 356332805.87452203, "co2_tonnes_y": 187.99047834185504, "cfe_pct": 52.56731570288405, "cfe_abs_pct": 100.0, "ci_weighted_mean": 53.33602804301516, "p50_slowdown": 14.081049916819971, "p95_slowdown": 152.48388469311772, "p99_slowdown": 411.2177215189873, "avg_pue": 21.52565073607832, "jain_fairness": 0.020118018089458}