{"country": "FR", "mw": 1.0, "nodes": 667, "layer": "fsla", "mechanism": "M1", "seed": 20260521, "n_jobs": 1994, "energy_kwh": 6378.215416666659, "co2_g_it": 329973.34342713683, "co2_g_facility": 400355.53831616003, "co2_tonnes_y": 4.014675678363498, "cfe_pct": 51.65887903557585, "cfe_abs_pct": 100.0, "ci_weighted_mean": 53.30788531641889, "p50_slowdown": 15.461004060365667, "p95_slowdown": 172.68944099378874, "p99_slowdown": 457.19746835442993, "avg_pue": 1.217332420242118, "jain_fairness": 0.7024957093571224}