{"country": "FR", "mw": 10.0, "nodes": 6667, "layer": "pue", "mechanism": "GridPilot-PUE", "seed": 20260521, "n_jobs": 1994, "energy_kwh": 60331.34666666672, "co2_g_it": 3102197.9350366015, "co2_g_facility": 6665870.829785931, "co2_tonnes_y": 37.743408209611985, "cfe_pct": 52.813988901562965, "cfe_abs_pct": 100.0, "ci_weighted_mean": 53.3199032682284, "p50_slowdown": 13.689467004366616, "p95_slowdown": 149.79629629629613, "p99_slowdown": 411.2177215189873, "avg_pue": 2.038903406606809, "jain_fairness": 0.7503682943878001}