{"country": "FR", "mw": 1.0, "nodes": 667, "layer": "pue", "mechanism": "GridPilot-PUE", "seed": 20260522, "n_jobs": 1994, "energy_kwh": 6378.215416666663, "co2_g_it": 329548.05770036485, "co2_g_facility": 402266.0039926086, "co2_tonnes_y": 4.009501368687772, "cfe_pct": 51.903316202506865, "cfe_abs_pct": 100.0, "ci_weighted_mean": 53.29543387723484, "p50_slowdown": 14.548730920428678, "p95_slowdown": 162.2633598246094, "p99_slowdown": 421.0545454545454, "avg_pue": 1.1825302233038804, "jain_fairness": 0.8989219114330915}