{"country": "FR", "mw": 1.0, "nodes": 667, "layer": "fsla", "mechanism": "M0", "seed": 20260520, "n_jobs": 1994, "energy_kwh": 6378.215416666659, "co2_g_it": 329969.32678778504, "co2_g_facility": 400802.4024300591, "co2_tonnes_y": 4.014626809251384, "cfe_pct": 51.66118763866775, "cfe_abs_pct": 100.0, "ci_weighted_mean": 53.30564680038929, "p50_slowdown": 15.248176097180831, "p95_slowdown": 171.55118110236208, "p99_slowdown": 457.19746835442993, "avg_pue": 1.2196343503259734, "jain_fairness": 0.0205127229842305}