{"country": "FR", "mw": 10.0, "nodes": 6667, "layer": "fsla", "mechanism": "M1", "seed": 20260517, "n_jobs": 1994, "energy_kwh": 60331.34666666673, "co2_g_it": 3110458.4572004694, "co2_g_facility": 6672029.021851093, "co2_tonnes_y": 37.84391122927237, "cfe_pct": 52.31205087541738, "cfe_abs_pct": 100.0, "ci_weighted_mean": 53.31244033803319, "p50_slowdown": 14.154708919351968, "p95_slowdown": 157.12119137281746, "p99_slowdown": 411.2177215189873, "avg_pue": 2.02466356561957, "jain_fairness": 0.9438125960367993}