{"country": "FR", "mw": 1.0, "nodes": 667, "layer": "fsla", "mechanism": "M0", "seed": 20260518, "n_jobs": 1994, "energy_kwh": 6378.215416666659, "co2_g_it": 329972.54490489885, "co2_g_facility": 400354.97612385696, "co2_tonnes_y": 4.014665963009603, "cfe_pct": 51.65933799410963, "cfe_abs_pct": 100.0, "ci_weighted_mean": 53.30779425723286, "p50_slowdown": 15.461004060365667, "p95_slowdown": 172.68944099378874, "p99_slowdown": 457.19746835442993, "avg_pue": 1.2173335627471258, "jain_fairness": 0.9483007130653144}