{"country": "FR", "mw": 50.0, "nodes": 33333, "layer": "fsla", "mechanism": "M3", "seed": 20260518, "n_jobs": 1994, "energy_kwh": 300102.63458333304, "co2_g_it": 15477730.36085646, "co2_g_facility": 350728089.3789643, "co2_tonnes_y": 188.3123860570869, "cfe_pct": 52.24411255284167, "cfe_abs_pct": 100.0, "ci_weighted_mean": 53.32776235446091, "p50_slowdown": 14.173945648680498, "p95_slowdown": 157.9582539407586, "p99_slowdown": 411.2177215189873, "avg_pue": 20.457449139970343, "jain_fairness": 0.9415101500115599}