{"country": "FR", "mw": 1.0, "nodes": 667, "layer": "fsla", "mechanism": "none", "seed": 20260523, "n_jobs": 1994, "energy_kwh": 6375.848333333315, "co2_g_it": 331032.3772199451, "co2_g_facility": 397934.2793047034, "co2_tonnes_y": 4.027560589509331, "cfe_pct": 50.97955187820872, "cfe_abs_pct": 100.0, "ci_weighted_mean": 53.32491042439802, "p50_slowdown": 16.33002901353965, "p95_slowdown": 181.0, "p99_slowdown": 469.405194805194, "avg_pue": 1.1681341890936763, "jain_fairness": 0.9277854163067875}