{"country": "FR", "mw": 1.0, "nodes": 667, "layer": "fsla", "mechanism": "M3", "seed": 20260524, "n_jobs": 1994, "energy_kwh": 6378.215416666659, "co2_g_it": 330000.9535244801, "co2_g_facility": 400851.60531077307, "co2_tonnes_y": 4.015011601214508, "cfe_pct": 51.643009859752645, "cfe_abs_pct": 100.0, "ci_weighted_mean": 53.317878453806344, "p50_slowdown": 14.977230330917683, "p95_slowdown": 170.2308826782685, "p99_slowdown": 457.19746835442993, "avg_pue": 1.2196560479261045, "jain_fairness": 0.7114950777932081}