{"country": "FR", "mw": 50.0, "nodes": 33333, "layer": "pue", "mechanism": "GridPilot-PUE", "seed": 20260522, "n_jobs": 1994, "energy_kwh": 300102.63458333316, "co2_g_it": 15480000.253744539, "co2_g_facility": 345609481.7113091, "co2_tonnes_y": 188.34000308722523, "cfe_pct": 52.21638438506835, "cfe_abs_pct": 100.0, "ci_weighted_mean": 53.358916391578774, "p50_slowdown": 13.678288824174352, "p95_slowdown": 149.01623541349568, "p99_slowdown": 411.2177215189873, "avg_pue": 19.51359580733035, "jain_fairness": 0.8389679954919932}