{"country": "FR", "mw": 1.0, "nodes": 667, "layer": "pue", "mechanism": "GridPilot-PUE", "seed": 20260523, "n_jobs": 1994, "energy_kwh": 6378.215416666661, "co2_g_it": 329174.58659177076, "co2_g_facility": 402766.2063914984, "co2_tonnes_y": 4.004957470199877, "cfe_pct": 52.11797240648586, "cfe_abs_pct": 100.0, "ci_weighted_mean": 53.28501926376128, "p50_slowdown": 14.302131006083908, "p95_slowdown": 159.05640872632807, "p99_slowdown": 411.2177215189873, "avg_pue": 1.2149170470557882, "jain_fairness": 0.8978173681058184}