{"country": "FR", "mw": 50.0, "nodes": 33333, "layer": "pue", "mechanism": "GridPilot-PUE", "seed": 20260524, "n_jobs": 1994, "energy_kwh": 300102.63458333316, "co2_g_it": 15475015.550462062, "co2_g_facility": 346073880.7605491, "co2_tonnes_y": 188.2793558639551, "cfe_pct": 52.27727566749102, "cfe_abs_pct": 100.0, "ci_weighted_mean": 53.447028971986065, "p50_slowdown": 13.507242178447278, "p95_slowdown": 149.79629629629613, "p99_slowdown": 377.5530166036472, "avg_pue": 19.300817951988012, "jain_fairness": 0.7600870696017699}