{"country": "FR", "mw": 50.0, "nodes": 33333, "layer": "fsla", "mechanism": "M0", "seed": 20260522, "n_jobs": 1994, "energy_kwh": 300102.6345833333, "co2_g_it": 15432521.660595883, "co2_g_facility": 346790557.612956, "co2_tonnes_y": 187.76234687058323, "cfe_pct": 52.796365230590375, "cfe_abs_pct": 100.0, "ci_weighted_mean": 53.28453861208122, "p50_slowdown": 14.122741123945858, "p95_slowdown": 152.48388469311772, "p99_slowdown": 411.2177215189873, "avg_pue": 19.631500623833347, "jain_fairness": 0.8988406271904671}