{"country": "FR", "mw": 50.0, "nodes": 33333, "layer": "pue", "mechanism": "GridPilot-PUE", "seed": 20260518, "n_jobs": 1994, "energy_kwh": 300102.6345833334, "co2_g_it": 15422630.784677425, "co2_g_facility": 357548987.19119763, "co2_tonnes_y": 187.64200788024198, "cfe_pct": 52.91718849424908, "cfe_abs_pct": 99.99999999999999, "ci_weighted_mean": 53.414031785041594, "p50_slowdown": 13.2011795285824, "p95_slowdown": 144.15712360077356, "p99_slowdown": 369.5909090909087, "avg_pue": 21.804847407474714, "jain_fairness": 0.9423394508517913}