{"country": "FR", "mw": 10.0, "nodes": 6667, "layer": "pue", "mechanism": "GridPilot-PUE", "seed": 20260522, "n_jobs": 1994, "energy_kwh": 60331.34666666674, "co2_g_it": 3111801.0687115807, "co2_g_facility": 6620872.122584414, "co2_tonnes_y": 37.8602463359909, "cfe_pct": 52.230469135377646, "cfe_abs_pct": 100.0, "ci_weighted_mean": 53.34628146393543, "p50_slowdown": 13.678288824174352, "p95_slowdown": 151.2748691099476, "p99_slowdown": 411.2177215189873, "avg_pue": 1.992536768012211, "jain_fairness": 0.8862105124607031}