{"country": "FR", "mw": 50.0, "nodes": 33333, "layer": "pue", "mechanism": "GridPilot-PUE", "seed": 20260519, "n_jobs": 1994, "energy_kwh": 300102.63458333333, "co2_g_it": 15482228.480974955, "co2_g_facility": 346317649.9109937, "co2_tonnes_y": 188.3671131851953, "cfe_pct": 52.18916518948121, "cfe_abs_pct": 99.99999999999999, "ci_weighted_mean": 53.488550885834066, "p50_slowdown": 13.189960999508695, "p95_slowdown": 147.08437705998676, "p99_slowdown": 377.5530166036472, "avg_pue": 18.98789432860079, "jain_fairness": 0.7596197217027629}