{"country": "FR", "mw": 10.0, "nodes": 6667, "layer": "fsla", "mechanism": "M3", "seed": 20260523, "n_jobs": 1994, "energy_kwh": 60331.346666666745, "co2_g_it": 3102976.5030716844, "co2_g_facility": 6714805.4536701, "co2_tonnes_y": 37.752880787372156, "cfe_pct": 52.766680402777794, "cfe_abs_pct": 100.0, "ci_weighted_mean": 53.29180174764052, "p50_slowdown": 14.122741123945858, "p95_slowdown": 152.48388469311772, "p99_slowdown": 411.2177215189873, "avg_pue": 2.0823006948714515, "jain_fairness": 0.9091827094625046}