{"country": "FR", "mw": 1.0, "nodes": 667, "layer": "pue", "mechanism": "GridPilot-PUE", "seed": 20260521, "n_jobs": 1994, "energy_kwh": 6378.21541666666, "co2_g_it": 328242.3267764994, "co2_g_facility": 400354.05517468153, "co2_tonnes_y": 3.9936149757807424, "cfe_pct": 52.65379793211109, "cfe_abs_pct": 100.0, "ci_weighted_mean": 53.233420720481, "p50_slowdown": 14.428817205583524, "p95_slowdown": 159.83591282990912, "p99_slowdown": 411.2177215189873, "avg_pue": 1.1389419287342943, "jain_fairness": 0.7253537845279584}