{"country": "IT", "mw": 10.0, "nodes": 6667, "layer": "pue", "mechanism": "GridPilot-PUE", "seed": 20260520, "n_jobs": 1994, "energy_kwh": 60331.34666666676, "co2_g_it": 14025836.816266766, "co2_g_facility": 29762150.464520834, "co2_tonnes_y": 170.64768126457898, "cfe_pct": 62.772157093852165, "cfe_abs_pct": 0.0, "ci_weighted_mean": 247.4008807375121, "p50_slowdown": 13.650448428001468, "p95_slowdown": 149.79629629629613, "p99_slowdown": 377.5530166036472, "avg_pue": 1.9671918376983275, "jain_fairness": 0.8595072375267839}