{"country": "IT", "mw": 50.0, "nodes": 33333, "layer": "fsla", "mechanism": "M2", "seed": 20260523, "n_jobs": 1994, "energy_kwh": 300102.6345833332, "co2_g_it": 69647169.2583426, "co2_g_facility": 1603059631.9667504, "co2_tonnes_y": 847.3738926431682, "cfe_pct": 62.990171582748, "cfe_abs_pct": 0.0, "ci_weighted_mean": 247.11196470954948, "p50_slowdown": 14.049390989002326, "p95_slowdown": 152.48388469311772, "p99_slowdown": 411.2177215189873, "avg_pue": 21.430946054432866, "jain_fairness": 0.9126635071526012}