{"country": "IT", "mw": 10.0, "nodes": 6667, "layer": "pue", "mechanism": "GridPilot-PUE", "seed": 20260518, "n_jobs": 1994, "energy_kwh": 60331.34666666675, "co2_g_it": 13989203.918094166, "co2_g_facility": 30264193.71923147, "co2_tonnes_y": 170.201981003479, "cfe_pct": 63.10124512228871, "cfe_abs_pct": 0.0, "ci_weighted_mean": 248.02973939815413, "p50_slowdown": 13.2011795285824, "p95_slowdown": 144.38504389521557, "p99_slowdown": 375.72415584415523, "avg_pue": 2.0939955832285015, "jain_fairness": 0.9254855459225974}