{"country": "IT", "mw": 10.0, "nodes": 6667, "layer": "fsla", "mechanism": "M3", "seed": 20260518, "n_jobs": 1994, "energy_kwh": 60331.34666666675, "co2_g_it": 14070918.386912024, "co2_g_facility": 30035089.06455192, "co2_tonnes_y": 171.1961737074296, "cfe_pct": 62.36717124936441, "cfe_abs_pct": 0.0, "ci_weighted_mean": 247.3074498859504, "p50_slowdown": 14.280050440332307, "p95_slowdown": 159.13818687688376, "p99_slowdown": 411.2177215189873, "avg_pue": 2.0329616871135654, "jain_fairness": 0.9435911327520178}