{"country": "IT", "mw": 1.0, "nodes": 667, "layer": "fsla", "mechanism": "M1", "seed": 20260521, "n_jobs": 1994, "energy_kwh": 6378.215416666659, "co2_g_it": 1494861.3065598693, "co2_g_facility": 1832437.4440839114, "co2_tonnes_y": 18.187479229811743, "cfe_pct": 61.74794999152987, "cfe_abs_pct": 0.0, "ci_weighted_mean": 247.13560075892326, "p50_slowdown": 15.461004060365667, "p95_slowdown": 172.68944099378874, "p99_slowdown": 457.19746835442993, "avg_pue": 1.217332420242118, "jain_fairness": 0.7024957093571224}