{"country": "IT", "mw": 50.0, "nodes": 33333, "layer": "pue", "mechanism": "GridPilot-PUE", "seed": 20260523, "n_jobs": 1994, "energy_kwh": 300102.6345833331, "co2_g_it": 69905303.25449653, "co2_g_facility": 1561458970.393008, "co2_tonnes_y": 850.5145229297077, "cfe_pct": 62.523985589214156, "cfe_abs_pct": 0.0, "ci_weighted_mean": 248.3326890881347, "p50_slowdown": 13.4503035609203, "p95_slowdown": 149.01623541349568, "p99_slowdown": 411.2177215189873, "avg_pue": 20.584520296754107, "jain_fairness": 0.9072684097535374}