{"country": "IT", "mw": 1.0, "nodes": 667, "layer": "fsla", "mechanism": "M0", "seed": 20260518, "n_jobs": 1994, "energy_kwh": 6378.215416666659, "co2_g_it": 1494854.8279832208, "co2_g_facility": 1832431.7447707749, "co2_tonnes_y": 18.187400407129186, "cfe_pct": 61.748500500300885, "cfe_abs_pct": 0.0, "ci_weighted_mean": 247.13486197684787, "p50_slowdown": 15.461004060365667, "p95_slowdown": 172.68944099378874, "p99_slowdown": 457.19746835442993, "avg_pue": 1.2173335627471258, "jain_fairness": 0.9483007130653144}