{"country": "IT", "mw": 1.0, "nodes": 667, "layer": "pue", "mechanism": "GridPilot-PUE", "seed": 20260522, "n_jobs": 1994, "energy_kwh": 6378.215416666662, "co2_g_it": 1491251.5249387715, "co2_g_facility": 1841074.3585599037, "co2_tonnes_y": 18.143560220088386, "cfe_pct": 62.05468657145573, "cfe_abs_pct": 0.0, "ci_weighted_mean": 247.02748541793977, "p50_slowdown": 14.37827040499262, "p95_slowdown": 162.2633598246094, "p99_slowdown": 411.2177215189873, "avg_pue": 1.1869844913035517, "jain_fairness": 0.8608605201619639}