{"country": "IT", "mw": 50.0, "nodes": 33333, "layer": "pue", "mechanism": "GridPilot-PUE", "seed": 20260524, "n_jobs": 1994, "energy_kwh": 300102.6345833332, "co2_g_it": 69926732.4889665, "co2_g_facility": 1559049198.1116998, "co2_tonnes_y": 850.7752452824257, "cfe_pct": 62.48528472411731, "cfe_abs_pct": 0.0, "ci_weighted_mean": 248.31058942168482, "p50_slowdown": 13.403109976853226, "p95_slowdown": 149.01623541349568, "p99_slowdown": 377.5530166036472, "avg_pue": 19.246767198623672, "jain_fairness": 0.7589758714943303}