{"country": "IT", "mw": 1.0, "nodes": 667, "layer": "fsla", "mechanism": "M3", "seed": 20260522, "n_jobs": 1994, "energy_kwh": 6378.215416666662, "co2_g_it": 1485647.8151380578, "co2_g_facility": 1835229.779940812, "co2_tonnes_y": 18.07538175084637, "cfe_pct": 62.530854650189816, "cfe_abs_pct": 0.0, "ci_weighted_mean": 246.6556766200133, "p50_slowdown": 15.069373167155426, "p95_slowdown": 167.23529411764704, "p99_slowdown": 424.2234095018883, "avg_pue": 1.1773342383875205, "jain_fairness": 0.5216047029150916}