{"country": "IT", "mw": 1.0, "nodes": 667, "layer": "pue", "mechanism": "GridPilot-PUE", "seed": 20260517, "n_jobs": 1994, "energy_kwh": 6378.2154166666605, "co2_g_it": 1488287.8435782038, "co2_g_facility": 1841755.9998408193, "co2_tonnes_y": 18.107502096868146, "cfe_pct": 62.30652160746359, "cfe_abs_pct": 0.0, "ci_weighted_mean": 247.05145117919164, "p50_slowdown": 14.213533788397008, "p95_slowdown": 157.52173913043478, "p99_slowdown": 411.2177215189873, "avg_pue": 1.2201829600565868, "jain_fairness": 0.9394581909062222}