{"country": "IT", "mw": 10.0, "nodes": 6667, "layer": "fsla", "mechanism": "M2", "seed": 20260519, "n_jobs": 1994, "energy_kwh": 60331.34666666676, "co2_g_it": 14030373.206020942, "co2_g_facility": 30387830.998204343, "co2_tonnes_y": 170.70287400658813, "cfe_pct": 62.73140488382002, "cfe_abs_pct": 0.0, "ci_weighted_mean": 247.2876794856782, "p50_slowdown": 14.081049916819971, "p95_slowdown": 152.97361383490818, "p99_slowdown": 411.2177215189873, "avg_pue": 2.086841893447293, "jain_fairness": 0.020115973196672857}