{"country": "IT", "mw": 10.0, "nodes": 6667, "layer": "pue", "mechanism": "GridPilot-PUE", "seed": 20260523, "n_jobs": 1994, "energy_kwh": 60331.34666666673, "co2_g_it": 14053436.549276205, "co2_g_facility": 29903756.221205626, "co2_tonnes_y": 170.9834780161938, "cfe_pct": 62.524217613916925, "cfe_abs_pct": 0.0, "ci_weighted_mean": 248.18462470067934, "p50_slowdown": 13.507242178447278, "p95_slowdown": 149.01623541349568, "p99_slowdown": 377.5530166036472, "avg_pue": 2.043067208545416, "jain_fairness": 0.8410548017173285}