{"country": "IT", "mw": 10.0, "nodes": 6667, "layer": "fsla", "mechanism": "M2", "seed": 20260520, "n_jobs": 1994, "energy_kwh": 60331.346666666745, "co2_g_it": 14065772.352053555, "co2_g_facility": 30053844.063841343, "co2_tonnes_y": 171.13356361665157, "cfe_pct": 62.41340014607528, "cfe_abs_pct": 0.0, "ci_weighted_mean": 247.31687379786945, "p50_slowdown": 14.213533788397008, "p95_slowdown": 158.81295869154957, "p99_slowdown": 411.2177215189873, "avg_pue": 2.0312720033267473, "jain_fairness": 0.8177634833439488}