{"country": "IT", "mw": 50.0, "nodes": 33333, "layer": "pue", "mechanism": "GridPilot-PUE", "seed": 20260522, "n_jobs": 1994, "energy_kwh": 300102.63458333316, "co2_g_it": 69973001.99691315, "co2_g_facility": 1553758176.9584248, "co2_tonnes_y": 851.3381909624433, "cfe_pct": 62.401722710380966, "cfe_abs_pct": 0.0, "ci_weighted_mean": 247.61768376518165, "p50_slowdown": 13.607714015010206, "p95_slowdown": 149.01623541349568, "p99_slowdown": 411.2177215189873, "avg_pue": 19.42654019328906, "jain_fairness": 0.8212285108957673}