{"country": "IT", "mw": 50.0, "nodes": 33333, "layer": "pue", "mechanism": "none", "seed": 20260524, "n_jobs": 1994, "energy_kwh": 573970.5, "co2_g_it": 136146526.42816687, "co2_g_facility": 3101180277.484425, "co2_tonnes_y": 1656.4494048760303, "cfe_pct": 60.21337268667793, "cfe_abs_pct": 0.0, "ci_weighted_mean": 247.29707785227762, "p50_slowdown": 14.173945648680498, "p95_slowdown": 157.9582539407586, "p99_slowdown": 411.2177215189873, "avg_pue": 20.45867354352737, "jain_fairness": 0.7372557330197216}