{"country": "IT", "mw": 10.0, "nodes": 6667, "layer": "pue", "mechanism": "GridPilot-PUE", "seed": 20260517, "n_jobs": 1994, "energy_kwh": 60331.34666666674, "co2_g_it": 14060954.913078409, "co2_g_facility": 29919255.767757807, "co2_tonnes_y": 171.07495144245394, "cfe_pct": 62.45667713407054, "cfe_abs_pct": 0.0, "ci_weighted_mean": 248.39550697585065, "p50_slowdown": 13.2011795285824, "p95_slowdown": 144.62709163346608, "p99_slowdown": 377.5530166036472, "avg_pue": 2.0358045571328174, "jain_fairness": 0.9358676126989837}