{"country": "IT", "mw": 1.0, "nodes": 667, "layer": "fsla", "mechanism": "M3", "seed": 20260523, "n_jobs": 1994, "energy_kwh": 6378.215416666659, "co2_g_it": 1487665.4243134393, "co2_g_facility": 1825095.023113814, "co2_tonnes_y": 18.099929329146843, "cfe_pct": 62.359410889031004, "cfe_abs_pct": 0.0, "ci_weighted_mean": 246.79817043028294, "p50_slowdown": 15.069373167155426, "p95_slowdown": 170.2308826782685, "p99_slowdown": 424.2234095018883, "avg_pue": 1.1879919652202444, "jain_fairness": 0.9203008828150511}