{"country": "IT", "mw": 1.0, "nodes": 667, "layer": "pue", "mechanism": "GridPilot-PUE", "seed": 20260520, "n_jobs": 1994, "energy_kwh": 6378.215416666661, "co2_g_it": 1484992.1123864858, "co2_g_facility": 1827666.6215135863, "co2_tonnes_y": 18.067404034035576, "cfe_pct": 62.58657215351159, "cfe_abs_pct": 0.0, "ci_weighted_mean": 246.5356979276272, "p50_slowdown": 14.322231587798397, "p95_slowdown": 157.9582539407586, "p99_slowdown": 411.2177215189873, "avg_pue": 1.1967943520194173, "jain_fairness": 0.8530429018608638}