{"country": "IT", "mw": 10.0, "nodes": 6667, "layer": "pue", "mechanism": "GridPilot-PUE", "seed": 20260521, "n_jobs": 1994, "energy_kwh": 60331.34666666672, "co2_g_it": 13996698.485125441, "co2_g_facility": 30085521.565525547, "co2_tonnes_y": 170.2931649023595, "cfe_pct": 63.03391841838748, "cfe_abs_pct": 0.0, "ci_weighted_mean": 247.27147375921433, "p50_slowdown": 13.667142093064719, "p95_slowdown": 149.01623541349568, "p99_slowdown": 377.5530166036472, "avg_pue": 2.0370366318704436, "jain_fairness": 0.7549459132310662}