{"country": "IT", "mw": 1.0, "nodes": 667, "layer": "pue", "mechanism": "GridPilot-PUE", "seed": 20260518, "n_jobs": 1994, "energy_kwh": 6378.21541666666, "co2_g_it": 1477987.3340434022, "co2_g_facility": 1828721.4652102687, "co2_tonnes_y": 17.98217923086139, "cfe_pct": 63.181794241058284, "cfe_abs_pct": 0.0, "ci_weighted_mean": 246.64446301963898, "p50_slowdown": 14.280050440332307, "p95_slowdown": 154.65584813227147, "p99_slowdown": 411.2177215189873, "avg_pue": 1.1869147308312946, "jain_fairness": 0.9533763767142445}