{"country": "IT", "mw": 1.0, "nodes": 667, "layer": "pue", "mechanism": "GridPilot-PUE", "seed": 20260523, "n_jobs": 1994, "energy_kwh": 6378.2154166666605, "co2_g_it": 1488422.3289232482, "co2_g_facility": 1841576.8446371593, "co2_tonnes_y": 18.109138335232853, "cfe_pct": 62.29509388714193, "cfe_abs_pct": 0.0, "ci_weighted_mean": 246.91595019419788, "p50_slowdown": 14.302131006083908, "p95_slowdown": 157.9582539407586, "p99_slowdown": 411.2177215189873, "avg_pue": 1.215325164337454, "jain_fairness": 0.75391946197543}