{"country": "IT", "mw": 10.0, "nodes": 6667, "layer": "fsla", "mechanism": "M2", "seed": 20260524, "n_jobs": 1994, "energy_kwh": 60331.34666666674, "co2_g_it": 14074638.730295688, "co2_g_facility": 30086590.162022892, "co2_tonnes_y": 171.2414378852642, "cfe_pct": 62.33374991143301, "cfe_abs_pct": 0.0, "ci_weighted_mean": 247.56952420701543, "p50_slowdown": 14.173945648680498, "p95_slowdown": 157.52173913043478, "p99_slowdown": 411.2177215189873, "avg_pue": 2.030118471959482, "jain_fairness": 0.7331169329896429}