{"country": "PL", "mw": 50.0, "nodes": 33333, "layer": "fsla", "mechanism": "M2", "seed": 20260524, "n_jobs": 1994, "energy_kwh": 300102.63458333304, "co2_g_it": 162229838.8935948, "co2_g_facility": 3668678052.4365277, "co2_tonnes_y": 1973.7963732054034, "cfe_pct": 62.43079369107666, "cfe_abs_pct": 0.0, "ci_weighted_mean": 578.8154680140423, "p50_slowdown": 14.154708919351968, "p95_slowdown": 157.12119137281746, "p99_slowdown": 411.2177215189873, "avg_pue": 20.392291132978794, "jain_fairness": 0.7356835144012315}