{"country": "PL", "mw": 1.0, "nodes": 667, "layer": "fsla", "mechanism": "M0", "seed": 20260524, "n_jobs": 1994, "energy_kwh": 6378.215416666659, "co2_g_it": 3467252.75773878, "co2_g_facility": 4269999.775350629, "co2_tonnes_y": 42.184908552488494, "cfe_pct": 61.81201738794812, "cfe_abs_pct": 0.0, "ci_weighted_mean": 577.6460627046984, "p50_slowdown": 14.977230330917683, "p95_slowdown": 170.2308826782685, "p99_slowdown": 457.19746835442993, "avg_pue": 1.2196560479261045, "jain_fairness": 0.7114950777932081}