{"country": "PL", "mw": 50.0, "nodes": 33333, "layer": "pue", "mechanism": "GridPilot-PUE", "seed": 20260517, "n_jobs": 1994, "energy_kwh": 300102.6345833331, "co2_g_it": 161998296.25817457, "co2_g_facility": 3624557288.799276, "co2_tonnes_y": 1970.9792711411237, "cfe_pct": 62.58849063858205, "cfe_abs_pct": 0.0, "ci_weighted_mean": 581.1848102796762, "p50_slowdown": 13.2011795285824, "p95_slowdown": 147.08437705998676, "p99_slowdown": 377.5530166036472, "avg_pue": 20.50463516302285, "jain_fairness": 0.9381952167119688}