{"country": "PL", "mw": 1.0, "nodes": 667, "layer": "pue", "mechanism": "GridPilot-PUE", "seed": 20260519, "n_jobs": 1994, "energy_kwh": 6378.215416666661, "co2_g_it": 3447081.0198347038, "co2_g_facility": 3990057.0011193724, "co2_tonnes_y": 41.93948574132223, "cfe_pct": 62.45842469419254, "cfe_abs_pct": 0.0, "ci_weighted_mean": 577.8219530323273, "p50_slowdown": 14.173945648680498, "p95_slowdown": 157.12119137281746, "p99_slowdown": 411.2177215189873, "avg_pue": 1.2109775723702318, "jain_fairness": 0.752009249020217}