{"country": "PL", "mw": 50.0, "nodes": 33333, "layer": "fsla", "mechanism": "M2", "seed": 20260518, "n_jobs": 1994, "energy_kwh": 300102.63458333304, "co2_g_it": 162077715.70345178, "co2_g_facility": 3655802169.772687, "co2_tonnes_y": 1971.9455410586634, "cfe_pct": 62.534400366740485, "cfe_abs_pct": 0.0, "ci_weighted_mean": 577.8591073859783, "p50_slowdown": 14.173945648680498, "p95_slowdown": 157.9582539407586, "p99_slowdown": 411.2177215189873, "avg_pue": 20.457449139970343, "jain_fairness": 0.9415101500115599}