{"country": "PL", "mw": 10.0, "nodes": 6667, "layer": "fsla", "mechanism": "M3", "seed": 20260518, "n_jobs": 1994, "energy_kwh": 60331.34666666675, "co2_g_it": 32607881.628474526, "co2_g_facility": 69575136.05827247, "co2_tonnes_y": 396.7292264797734, "cfe_pct": 62.45149138394888, "cfe_abs_pct": 0.0, "ci_weighted_mean": 577.8872226256658, "p50_slowdown": 14.280050440332307, "p95_slowdown": 159.13818687688376, "p99_slowdown": 411.2177215189873, "avg_pue": 2.0329616871135654, "jain_fairness": 0.9435911327520178}