{"country": "PL", "mw": 10.0, "nodes": 6667, "layer": "pue", "mechanism": "GridPilot-PUE", "seed": 20260519, "n_jobs": 1994, "energy_kwh": 60331.34666666672, "co2_g_it": 32618087.32499088, "co2_g_facility": 69032983.42489552, "co2_tonnes_y": 396.85339578738905, "cfe_pct": 62.41691641862819, "cfe_abs_pct": 0.0, "ci_weighted_mean": 581.1042169960892, "p50_slowdown": 13.220166451578919, "p95_slowdown": 144.62709163346608, "p99_slowdown": 377.5530166036472, "avg_pue": 1.9650308050075411, "jain_fairness": 0.7594550652258165}