{"country": "PL", "mw": 1.0, "nodes": 667, "layer": "fsla", "mechanism": "M0", "seed": 20260520, "n_jobs": 1994, "energy_kwh": 6378.215416666659, "co2_g_it": 3466610.811139284, "co2_g_facility": 4269126.82431737, "co2_tonnes_y": 42.17709820219462, "cfe_pct": 61.832588692914825, "cfe_abs_pct": 0.0, "ci_weighted_mean": 577.3824128770822, "p50_slowdown": 15.248176097180831, "p95_slowdown": 171.55118110236208, "p99_slowdown": 457.19746835442993, "avg_pue": 1.21963580771987, "jain_fairness": 0.020512787393835413}