{"country": "PL", "mw": 10.0, "nodes": 6667, "layer": "fsla", "mechanism": "M3", "seed": 20260521, "n_jobs": 1994, "energy_kwh": 60331.34666666675, "co2_g_it": 32607206.08690167, "co2_g_facility": 69573976.87166381, "co2_tonnes_y": 396.72100739063694, "cfe_pct": 62.45377999074965, "cfe_abs_pct": 0.0, "ci_weighted_mean": 577.8783149095616, "p50_slowdown": 14.280050440332307, "p95_slowdown": 159.13818687688376, "p99_slowdown": 411.2177215189873, "avg_pue": 2.033034514034723, "jain_fairness": 0.7402547418130775}