{"country": "PL", "mw": 50.0, "nodes": 33333, "layer": "pue", "mechanism": "GridPilot-PUE", "seed": 20260523, "n_jobs": 1994, "energy_kwh": 300102.6345833331, "co2_g_it": 161968762.8318821, "co2_g_facility": 3614060255.6592507, "co2_tonnes_y": 1970.6199477878986, "cfe_pct": 62.60860499534938, "cfe_abs_pct": 0.0, "ci_weighted_mean": 580.611020915375, "p50_slowdown": 13.4503035609203, "p95_slowdown": 149.01623541349568, "p99_slowdown": 411.2177215189873, "avg_pue": 20.584520296754107, "jain_fairness": 0.9072684097535374}