{"country": "PL", "mw": 10.0, "nodes": 6667, "layer": "pue", "mechanism": "none", "seed": 20260523, "n_jobs": 1994, "energy_kwh": 115401.0, "co2_g_it": 63604609.58415237, "co2_g_facility": 136046380.74783558, "co2_tonnes_y": 773.8560832738538, "cfe_pct": 60.268233725992005, "cfe_abs_pct": 0.0, "ci_weighted_mean": 577.8783149095616, "p50_slowdown": 14.280050440332307, "p95_slowdown": 159.13818687688376, "p99_slowdown": 411.2177215189873, "avg_pue": 2.033034514034723, "jain_fairness": 0.9322280896470915}