{"country": "PL", "mw": 10.0, "nodes": 6667, "layer": "pue", "mechanism": "GridPilot-PUE", "seed": 20260521, "n_jobs": 1994, "energy_kwh": 60331.34666666672, "co2_g_it": 32410698.33591417, "co2_g_facility": 69665046.40651381, "co2_tonnes_y": 394.33016308695574, "cfe_pct": 63.11951100330218, "cfe_abs_pct": 0.0, "ci_weighted_mean": 577.7916432601223, "p50_slowdown": 13.667142093064719, "p95_slowdown": 149.01623541349568, "p99_slowdown": 377.5530166036472, "avg_pue": 2.0370366318704436, "jain_fairness": 0.7549459132310662}