{"country": "PL", "mw": 1.0, "nodes": 667, "layer": "pue", "mechanism": "GridPilot-PUE", "seed": 20260518, "n_jobs": 1994, "energy_kwh": 6378.21541666666, "co2_g_it": 3421827.8015260883, "co2_g_facility": 4249686.221948039, "co2_tonnes_y": 41.63223825190074, "cfe_pct": 63.26766903885385, "cfe_abs_pct": 0.0, "ci_weighted_mean": 576.1258361231655, "p50_slowdown": 14.280050440332307, "p95_slowdown": 154.65584813227147, "p99_slowdown": 411.2177215189873, "avg_pue": 1.1869147308312946, "jain_fairness": 0.9533763767142445}