{"country": "PL", "mw": 50.0, "nodes": 33333, "layer": "fsla", "mechanism": "none", "seed": 20260524, "n_jobs": 1994, "energy_kwh": 300022.15375000064, "co2_g_it": 162803872.52380902, "co2_g_facility": 3609729780.505566, "co2_tonnes_y": 1980.7804490396761, "cfe_pct": 62.01009231704415, "cfe_abs_pct": 0.0, "ci_weighted_mean": 576.9433993936187, "p50_slowdown": 15.069373167155426, "p95_slowdown": 170.78933915983012, "p99_slowdown": 451.3987341772148, "avg_pue": 19.84211236363831, "jain_fairness": 0.7121377822260568}