{"country": "PL", "mw": 10.0, "nodes": 6667, "layer": "fsla", "mechanism": "M3", "seed": 20260523, "n_jobs": 1994, "energy_kwh": 60331.346666666745, "co2_g_it": 32435841.549268875, "co2_g_facility": 70189805.62850589, "co2_tonnes_y": 394.63607218277133, "cfe_pct": 63.03433056232061, "cfe_abs_pct": 0.0, "ci_weighted_mean": 577.1442179426839, "p50_slowdown": 14.122741123945858, "p95_slowdown": 152.48388469311772, "p99_slowdown": 411.2177215189873, "avg_pue": 2.082109817452399, "jain_fairness": 0.8890263030813402}