{"country": "PL", "mw": 50.0, "nodes": 33333, "layer": "pue", "mechanism": "GridPilot-PUE", "seed": 20260520, "n_jobs": 1994, "energy_kwh": 300102.6345833331, "co2_g_it": 161498499.34244868, "co2_g_facility": 3585112231.0179596, "co2_tonnes_y": 1964.8984086664589, "cfe_pct": 62.928887766046536, "cfe_abs_pct": 0.0, "ci_weighted_mean": 578.0337567463396, "p50_slowdown": 13.507242178447278, "p95_slowdown": 148.5702956020187, "p99_slowdown": 377.5530166036472, "avg_pue": 18.991499474390828, "jain_fairness": 0.8408829692384397}