{"country": "PL", "mw": 50.0, "nodes": 33333, "layer": "pue", "mechanism": "GridPilot-PUE", "seed": 20260524, "n_jobs": 1994, "energy_kwh": 300102.6345833332, "co2_g_it": 162025694.82597178, "co2_g_facility": 3608458871.3394103, "co2_tonnes_y": 1971.3126203826566, "cfe_pct": 62.56983027177818, "cfe_abs_pct": 0.0, "ci_weighted_mean": 580.5523077550209, "p50_slowdown": 13.403109976853226, "p95_slowdown": 149.01623541349568, "p99_slowdown": 377.5530166036472, "avg_pue": 19.246767198623672, "jain_fairness": 0.7589758714943303}