{"country": "PL", "mw": 1.0, "nodes": 667, "layer": "fsla", "mechanism": "M3", "seed": 20260519, "n_jobs": 1994, "energy_kwh": 6378.21541666666, "co2_g_it": 3453273.0860740407, "co2_g_facility": 4242295.294677589, "co2_tonnes_y": 42.01482254723416, "cfe_pct": 62.259998714393866, "cfe_abs_pct": 0.0, "ci_weighted_mean": 577.4610240561618, "p50_slowdown": 15.018497237545123, "p95_slowdown": 168.42418961310548, "p99_slowdown": 424.2234095018883, "avg_pue": 1.1832630368783805, "jain_fairness": 0.720415215239028}