{"country": "PL", "mw": 10.0, "nodes": 6667, "layer": "fsla", "mechanism": "M0", "seed": 20260520, "n_jobs": 1994, "energy_kwh": 60331.346666666745, "co2_g_it": 32594209.9302831, "co2_g_facility": 69615827.11433327, "co2_tonnes_y": 396.562887485111, "cfe_pct": 62.49780850596851, "cfe_abs_pct": 0.0, "ci_weighted_mean": 577.9122595488668, "p50_slowdown": 14.213533788397008, "p95_slowdown": 158.81295869154957, "p99_slowdown": 411.2177215189873, "avg_pue": 2.0312720033267473, "jain_fairness": 0.8177634833439488}