{"country": "PL", "mw": 50.0, "nodes": 33333, "layer": "fsla", "mechanism": "M1", "seed": 20260523, "n_jobs": 1994, "energy_kwh": 300102.6345833332, "co2_g_it": 161282966.83837897, "co2_g_facility": 3710613704.5129104, "co2_tonnes_y": 1962.2760965336106, "cfe_pct": 63.07568067923237, "cfe_abs_pct": 0.0, "ci_weighted_mean": 577.367868519804, "p50_slowdown": 14.049390989002326, "p95_slowdown": 152.48388469311772, "p99_slowdown": 411.2177215189873, "avg_pue": 21.430946054432866, "jain_fairness": 0.9126635071526012}