{"country": "PL", "mw": 1.0, "nodes": 667, "layer": "fsla", "mechanism": "M2", "seed": 20260518, "n_jobs": 1994, "energy_kwh": 6378.215416666659, "co2_g_it": 3466640.417983889, "co2_g_facility": 4263818.056339364, "co2_tonnes_y": 42.17745841880398, "cfe_pct": 61.83163993575982, "cfe_abs_pct": 0.0, "ci_weighted_mean": 577.4287007015737, "p50_slowdown": 15.461004060365667, "p95_slowdown": 172.68944099378874, "p99_slowdown": 457.19746835442993, "avg_pue": 1.2173335627471258, "jain_fairness": 0.9483007130653144}