{"country": "PL", "mw": 10.0, "nodes": 6667, "layer": "pue", "mechanism": "GridPilot-PUE", "seed": 20260520, "n_jobs": 1994, "energy_kwh": 60331.34666666676, "co2_g_it": 32488111.427764945, "co2_g_facility": 68912752.83884576, "co2_tonnes_y": 395.2720223711401, "cfe_pct": 62.85725012166431, "cfe_abs_pct": 0.0, "ci_weighted_mean": 578.1354444973499, "p50_slowdown": 13.650448428001468, "p95_slowdown": 149.79629629629613, "p99_slowdown": 377.5530166036472, "avg_pue": 1.9671918376983275, "jain_fairness": 0.8595072375267839}