{"country": "PL", "mw": 50.0, "nodes": 33333, "layer": "fsla", "mechanism": "M1", "seed": 20260520, "n_jobs": 1994, "energy_kwh": 300102.63458333304, "co2_g_it": 162073067.27312368, "co2_g_facility": 3662166072.931892, "co2_tonnes_y": 1971.8889851563379, "cfe_pct": 62.53756627729554, "cfe_abs_pct": 0.0, "ci_weighted_mean": 578.0934505210312, "p50_slowdown": 14.213533788397008, "p95_slowdown": 157.12119137281746, "p99_slowdown": 411.2177215189873, "avg_pue": 20.414552711600667, "jain_fairness": 0.8413364729194398}