{"country": "PL", "mw": 1.0, "nodes": 667, "layer": "fsla", "mechanism": "M1", "seed": 20260517, "n_jobs": 1994, "energy_kwh": 6378.2154166666605, "co2_g_it": 3461841.7423485043, "co2_g_facility": 4268259.289181609, "co2_tonnes_y": 42.1190745319068, "cfe_pct": 61.985414439759296, "cfe_abs_pct": 0.0, "ci_weighted_mean": 577.0423269102492, "p50_slowdown": 15.079687959331464, "p95_slowdown": 170.78933915983012, "p99_slowdown": 451.3987341772148, "avg_pue": 1.2286747363096266, "jain_fairness": 0.9343336027561973}