{"country": "PL", "mw": 10.0, "nodes": 6667, "layer": "fsla", "mechanism": "M0", "seed": 20260522, "n_jobs": 1994, "energy_kwh": 60331.34666666674, "co2_g_it": 32397712.751438256, "co2_g_facility": 69101992.9301228, "co2_tonnes_y": 394.17217180916543, "cfe_pct": 63.16350370210542, "cfe_abs_pct": 0.0, "ci_weighted_mean": 576.6480952319587, "p50_slowdown": 14.122741123945858, "p95_slowdown": 152.48388469311772, "p99_slowdown": 411.2177215189873, "avg_pue": 1.9988576059609853, "jain_fairness": 0.8580611674897007}