{"country": "PL", "mw": 1.0, "nodes": 667, "layer": "fsla", "mechanism": "M0", "seed": 20260523, "n_jobs": 1994, "energy_kwh": 6378.215416666659, "co2_g_it": 3447540.0115830516, "co2_g_facility": 4244077.603803905, "co2_tonnes_y": 41.94507014092713, "cfe_pct": 62.44371621339373, "cfe_abs_pct": 0.0, "ci_weighted_mean": 576.5341973927469, "p50_slowdown": 15.069373167155426, "p95_slowdown": 170.2308826782685, "p99_slowdown": 424.2234095018883, "avg_pue": 1.1879919652202444, "jain_fairness": 0.9203008828150511}