{"country": "PL", "mw": 50.0, "nodes": 33333, "layer": "pue", "mechanism": "GridPilot-PUE", "seed": 20260521, "n_jobs": 1994, "energy_kwh": 300102.63458333333, "co2_g_it": 161197680.0395259, "co2_g_facility": 3668408681.0383, "co2_tonnes_y": 1961.2384404808984, "cfe_pct": 63.133767034763345, "cfe_abs_pct": 0.0, "ci_weighted_mean": 577.8931551589557, "p50_slowdown": 13.564719238997982, "p95_slowdown": 149.01623541349568, "p99_slowdown": 377.5530166036472, "avg_pue": 20.488087258567013, "jain_fairness": 0.7561035763268674}