{"country": "SE", "mw": 10.0, "nodes": 6667, "layer": "fsla", "mechanism": "M2", "seed": 20260521, "n_jobs": 1994, "energy_kwh": 60331.34666666675, "co2_g_it": 669086.0469325478, "co2_g_facility": 1430724.6346650014, "co2_tonnes_y": 8.140546904345998, "cfe_pct": 44.800537540540645, "cfe_abs_pct": 100.0, "ci_weighted_mean": 11.33033007884042, "p50_slowdown": 14.280050440332307, "p95_slowdown": 159.13818687688376, "p99_slowdown": 411.2177215189873, "avg_pue": 2.033034514034723, "jain_fairness": 0.7402547418130775}