{"country": "SE", "mw": 1.0, "nodes": 667, "layer": "fsla", "mechanism": "M2", "seed": 20260521, "n_jobs": 1994, "energy_kwh": 6378.215416666659, "co2_g_it": 70860.35191656493, "co2_g_facility": 85575.39941944188, "co2_tonnes_y": 0.8621342816515399, "cfe_pct": 44.35754889110877, "cfe_abs_pct": 100.0, "ci_weighted_mean": 11.327456499251776, "p50_slowdown": 15.461004060365667, "p95_slowdown": 172.68944099378874, "p99_slowdown": 457.19746835442993, "avg_pue": 1.217332420242118, "jain_fairness": 0.7024957093571224}