{"country": "SE", "mw": 50.0, "nodes": 33333, "layer": "fsla", "mechanism": "M1", "seed": 20260517, "n_jobs": 1994, "energy_kwh": 300102.63458333316, "co2_g_it": 3326201.0289634457, "co2_g_facility": 75975669.5140966, "co2_tonnes_y": 40.46877918572192, "cfe_pct": 44.95104026527586, "cfe_abs_pct": 99.99999999999999, "ci_weighted_mean": 11.32972624344465, "p50_slowdown": 14.096994924260974, "p95_slowdown": 152.97361383490818, "p99_slowdown": 411.2177215189873, "avg_pue": 20.308179751712615, "jain_fairness": 0.9415075005384174}