{"country": "SE", "mw": 1.0, "nodes": 667, "layer": "pue", "mechanism": "GridPilot-PUE", "seed": 20260519, "n_jobs": 1994, "energy_kwh": 6378.215416666661, "co2_g_it": 70740.16735410933, "co2_g_facility": 81529.79377102184, "co2_tonnes_y": 0.8606720361416635, "cfe_pct": 44.78437205061719, "cfe_abs_pct": 100.0, "ci_weighted_mean": 11.329644355964705, "p50_slowdown": 14.295815925671883, "p95_slowdown": 157.52173913043478, "p99_slowdown": 411.2177215189873, "avg_pue": 1.207922157646166, "jain_fairness": 0.7304806679722734}