{"country": "SE", "mw": 1.0, "nodes": 667, "layer": "fsla", "mechanism": "M1", "seed": 20260520, "n_jobs": 1994, "energy_kwh": 6378.215416666659, "co2_g_it": 70860.76193542176, "co2_g_facility": 85668.56736704831, "co2_tonnes_y": 0.862139270214298, "cfe_pct": 44.35609275114908, "cfe_abs_pct": 100.0, "ci_weighted_mean": 11.327200561331388, "p50_slowdown": 15.248176097180831, "p95_slowdown": 171.55118110236208, "p99_slowdown": 457.19746835442993, "avg_pue": 1.2196329068019576, "jain_fairness": 0.020512707680732354}