{"country": "SE", "mw": 50.0, "nodes": 33333, "layer": "fsla", "mechanism": "none", "seed": 20260517, "n_jobs": 1994, "energy_kwh": 300022.15375000064, "co2_g_it": 3331483.164763199, "co2_g_facility": 74549882.38785292, "co2_tonnes_y": 40.533045171285586, "cfe_pct": 44.484893971867336, "cfe_abs_pct": 99.99999999999999, "ci_weighted_mean": 11.324328637036375, "p50_slowdown": 15.069373167155426, "p95_slowdown": 170.78933915983012, "p99_slowdown": 451.3987341772148, "avg_pue": 19.84211236363831, "jain_fairness": 0.7222765509131669}