{"country": "SE", "mw": 1.0, "nodes": 667, "layer": "pue", "mechanism": "GridPilot-PUE", "seed": 20260522, "n_jobs": 1994, "energy_kwh": 6378.215416666662, "co2_g_it": 70807.80346175135, "co2_g_facility": 85999.19673542333, "co2_tonnes_y": 0.8614949421179747, "cfe_pct": 44.5441693442901, "cfe_abs_pct": 100.0, "ci_weighted_mean": 11.326175311514673, "p50_slowdown": 14.66742596810934, "p95_slowdown": 162.40533288613108, "p99_slowdown": 421.0545454545454, "avg_pue": 1.1822477595616718, "jain_fairness": 0.8987988792180047}