{"country": "SE", "mw": 10.0, "nodes": 6667, "layer": "fsla", "mechanism": "M0", "seed": 20260518, "n_jobs": 1994, "energy_kwh": 60331.34666666675, "co2_g_it": 669090.3833922243, "co2_g_facility": 1430727.4207610905, "co2_tonnes_y": 8.140599664605396, "cfe_pct": 44.798909404217035, "cfe_abs_pct": 100.0, "ci_weighted_mean": 11.330387259557712, "p50_slowdown": 14.280050440332307, "p95_slowdown": 159.13818687688376, "p99_slowdown": 411.2177215189873, "avg_pue": 2.0329616871135654, "jain_fairness": 0.9435911327520178}