{"country": "SE", "mw": 1.0, "nodes": 667, "layer": "fsla", "mechanism": "M1", "seed": 20260519, "n_jobs": 1994, "energy_kwh": 6378.21541666666, "co2_g_it": 70765.05037598692, "co2_g_facility": 85363.13545077224, "co2_tonnes_y": 0.8609747795745075, "cfe_pct": 44.696002547921836, "cfe_abs_pct": 100.0, "ci_weighted_mean": 11.327750724751887, "p50_slowdown": 15.018497237545123, "p95_slowdown": 170.2308826782685, "p99_slowdown": 424.2234095018883, "avg_pue": 1.1816567197008754, "jain_fairness": 0.726087362686845}