{"country": "SE", "mw": 10.0, "nodes": 6667, "layer": "fsla", "mechanism": "none", "seed": 20260522, "n_jobs": 1994, "energy_kwh": 60314.7770833336, "co2_g_it": 669842.1980423769, "co2_g_facility": 1424667.8414779268, "co2_tonnes_y": 8.149746742848919, "cfe_pct": 44.447548320762735, "cfe_abs_pct": 100.0, "ci_weighted_mean": 11.323145946773556, "p50_slowdown": 15.14215650815237, "p95_slowdown": 172.42857142857142, "p99_slowdown": 457.19746835442993, "avg_pue": 2.006888246390925, "jain_fairness": 0.898116626415973}