{"country": "SE", "mw": 1.0, "nodes": 667, "layer": "fsla", "mechanism": "none", "seed": 20260517, "n_jobs": 1994, "energy_kwh": 6375.848333333315, "co2_g_it": 70997.53131070445, "co2_g_facility": 84990.61020066008, "co2_tonnes_y": 0.8638032976135708, "cfe_pct": 43.776761220039816, "cfe_abs_pct": 100.0, "ci_weighted_mean": 11.329812174569657, "p50_slowdown": 16.33002901353965, "p95_slowdown": 181.0, "p99_slowdown": 469.405194805194, "avg_pue": 1.1681341890936763, "jain_fairness": 0.9507103967005236}