{"country": "SE", "mw": 50.0, "nodes": 33333, "layer": "fsla", "mechanism": "M1", "seed": 20260524, "n_jobs": 1994, "energy_kwh": 300102.63458333304, "co2_g_it": 3328411.6361912414, "co2_g_facility": 75713566.86111258, "co2_tonnes_y": 40.495674906993436, "cfe_pct": 44.78418487155852, "cfe_abs_pct": 100.0, "ci_weighted_mean": 11.336345884249651, "p50_slowdown": 14.154708919351968, "p95_slowdown": 157.12119137281746, "p99_slowdown": 411.2177215189873, "avg_pue": 20.392291132978794, "jain_fairness": 0.7356835144012315}