{"country": "SE", "mw": 50.0, "nodes": 33333, "layer": "fsla", "mechanism": "M2", "seed": 20260518, "n_jobs": 1994, "energy_kwh": 300102.63458333304, "co2_g_it": 3327435.121782063, "co2_g_facility": 75517145.32214406, "co2_tonnes_y": 40.483793981681764, "cfe_pct": 44.85789163147756, "cfe_abs_pct": 100.0, "ci_weighted_mean": 11.33020678124504, "p50_slowdown": 14.173945648680498, "p95_slowdown": 157.9582539407586, "p99_slowdown": 411.2177215189873, "avg_pue": 20.457449139970343, "jain_fairness": 0.9415101500115599}