{"country": "SE", "mw": 50.0, "nodes": 33333, "layer": "fsla", "mechanism": "M1", "seed": 20260523, "n_jobs": 1994, "energy_kwh": 300102.6345833333, "co2_g_it": 3321038.256403775, "co2_g_facility": 76794014.08462092, "co2_tonnes_y": 40.40596545291259, "cfe_pct": 45.340723442497364, "cfe_abs_pct": 100.0, "ci_weighted_mean": 11.327856270039302, "p50_slowdown": 14.049390989002326, "p95_slowdown": 152.48388469311772, "p99_slowdown": 411.2177215189873, "avg_pue": 21.53958171103613, "jain_fairness": 0.887288873063201}