{"country": "SE", "mw": 50.0, "nodes": 33333, "layer": "pue", "mechanism": "GridPilot-PUE", "seed": 20260524, "n_jobs": 1994, "energy_kwh": 300102.6345833332, "co2_g_it": 3327125.504645915, "co2_g_facility": 74517458.92127131, "co2_tonnes_y": 40.48002697319196, "cfe_pct": 44.88126135926237, "cfe_abs_pct": 100.0, "ci_weighted_mean": 11.346731054570055, "p50_slowdown": 13.507242178447278, "p95_slowdown": 149.79629629629613, "p99_slowdown": 411.2177215189873, "avg_pue": 19.34276450580699, "jain_fairness": 0.7598253573218067}