{"country": "SE", "mw": 1.0, "nodes": 667, "layer": "fsla", "mechanism": "M0", "seed": 20260524, "n_jobs": 1994, "energy_kwh": 6378.215416666659, "co2_g_it": 70864.17218160609, "co2_g_facility": 85675.32935862218, "co2_tonnes_y": 0.862180761542874, "cfe_pct": 44.34398161123754, "cfe_abs_pct": 100.0, "ci_weighted_mean": 11.328839197506646, "p50_slowdown": 14.977230330917683, "p95_slowdown": 170.2308826782685, "p99_slowdown": 457.19746835442993, "avg_pue": 1.2196560479261045, "jain_fairness": 0.7114950777932081}