{"country": "SE", "mw": 1.0, "nodes": 667, "layer": "fsla", "mechanism": "M2", "seed": 20260523, "n_jobs": 1994, "energy_kwh": 6378.215416666658, "co2_g_it": 70721.86011722113, "co2_g_facility": 85447.78045415781, "co2_tonnes_y": 0.8604492980928571, "cfe_pct": 44.849388326675005, "cfe_abs_pct": 100.0, "ci_weighted_mean": 11.321729090211347, "p50_slowdown": 15.14215650815237, "p95_slowdown": 170.78933915983012, "p99_slowdown": 424.2234095018883, "avg_pue": 1.1861700484685098, "jain_fairness": 0.9198404891085744}