{"country": "SE", "mw": 10.0, "nodes": 6667, "layer": "pue", "mechanism": "none", "seed": 20260521, "n_jobs": 1994, "energy_kwh": 115401.0, "co2_g_it": 1287740.1141325186, "co2_g_facility": 2756124.8902577246, "co2_tonnes_y": 15.667504721945644, "cfe_pct": 43.24571944801603, "cfe_abs_pct": 100.0, "ci_weighted_mean": 11.33033007884042, "p50_slowdown": 14.280050440332307, "p95_slowdown": 159.13818687688376, "p99_slowdown": 411.2177215189873, "avg_pue": 2.033034514034723, "jain_fairness": 0.7398994856842631}