{"country": "SE", "mw": 50.0, "nodes": 33333, "layer": "fsla", "mechanism": "M1", "seed": 20260522, "n_jobs": 1994, "energy_kwh": 300102.63458333333, "co2_g_it": 3321277.2599401344, "co2_g_facility": 74781977.6691699, "co2_tonnes_y": 40.40887332927163, "cfe_pct": 45.322683589619956, "cfe_abs_pct": 100.0, "ci_weighted_mean": 11.323238337605869, "p50_slowdown": 14.122741123945858, "p95_slowdown": 152.97361383490818, "p99_slowdown": 411.2177215189873, "avg_pue": 19.666168977111052, "jain_fairness": 0.8836483703555283}