{"country": "SE", "mw": 10.0, "nodes": 6667, "layer": "pue", "mechanism": "GridPilot-PUE", "seed": 20260524, "n_jobs": 1994, "energy_kwh": 60331.34666666672, "co2_g_it": 668991.9147104721, "co2_g_facility": 1421221.7605178158, "co2_tonnes_y": 8.13940162897741, "cfe_pct": 44.835879755484825, "cfe_abs_pct": 100.0, "ci_weighted_mean": 11.336450687707268, "p50_slowdown": 13.564719238997982, "p95_slowdown": 149.79629629629613, "p99_slowdown": 411.2177215189873, "avg_pue": 1.9823703862944742, "jain_fairness": 0.7543420534504939}