{"country": "SE", "mw": 10.0, "nodes": 6667, "layer": "fsla", "mechanism": "M1", "seed": 20260523, "n_jobs": 1994, "energy_kwh": 60331.34666666675, "co2_g_it": 667723.3896514643, "co2_g_facility": 1446765.4613083517, "co2_tonnes_y": 8.123967907426149, "cfe_pct": 45.312151156605, "cfe_abs_pct": 100.0, "ci_weighted_mean": 11.326064203017607, "p50_slowdown": 14.154708919351968, "p95_slowdown": 152.97361383490818, "p99_slowdown": 411.2177215189873, "avg_pue": 2.0868171239324727, "jain_fairness": 0.911774263705643}