{"country": "SE", "mw": 50.0, "nodes": 33333, "layer": "fsla", "mechanism": "M1", "seed": 20260520, "n_jobs": 1994, "energy_kwh": 300102.63458333304, "co2_g_it": 3327409.7136569824, "co2_g_facility": 75622985.84716383, "co2_tonnes_y": 40.48348484949329, "cfe_pct": 44.85980942250821, "cfe_abs_pct": 100.0, "ci_weighted_mean": 11.331737175280322, "p50_slowdown": 14.173945648680498, "p95_slowdown": 157.12119137281746, "p99_slowdown": 411.2177215189873, "avg_pue": 20.417856203067856, "jain_fairness": 0.8412398161079702}