{"country": "SE", "mw": 10.0, "nodes": 6667, "layer": "pue", "mechanism": "GridPilot-PUE", "seed": 20260520, "n_jobs": 1994, "energy_kwh": 60331.34666666677, "co2_g_it": 668290.7243310182, "co2_g_facility": 1420554.2816300446, "co2_tonnes_y": 8.130870479360722, "cfe_pct": 45.09914371081817, "cfe_abs_pct": 100.0, "ci_weighted_mean": 11.331267249251825, "p50_slowdown": 13.650448428001468, "p95_slowdown": 149.79629629629613, "p99_slowdown": 377.5530166036472, "avg_pue": 1.968660052515087, "jain_fairness": 0.8548979114302192}