{"country": "SE", "mw": 10.0, "nodes": 6667, "layer": "pue", "mechanism": "GridPilot-PUE", "seed": 20260519, "n_jobs": 1994, "energy_kwh": 60331.34666666673, "co2_g_it": 669041.4669406755, "co2_g_facility": 1419558.7827959263, "co2_tonnes_y": 8.140004514444884, "cfe_pct": 44.81727522738304, "cfe_abs_pct": 100.0, "ci_weighted_mean": 11.34958887884748, "p50_slowdown": 13.28679456991631, "p95_slowdown": 147.08437705998676, "p99_slowdown": 377.5530166036472, "avg_pue": 1.9703358660707053, "jain_fairness": 0.7489464493108866}