{"country": "SE", "mw": 50.0, "nodes": 33333, "layer": "fsla", "mechanism": "M0", "seed": 20260521, "n_jobs": 1994, "energy_kwh": 300102.634583333, "co2_g_it": 3327428.744679234, "co2_g_facility": 75523162.37088862, "co2_tonnes_y": 40.48371639359734, "cfe_pct": 44.8583729716224, "cfe_abs_pct": 100.0, "ci_weighted_mean": 11.330210372161718, "p50_slowdown": 14.173945648680498, "p95_slowdown": 157.9582539407586, "p99_slowdown": 411.2177215189873, "avg_pue": 20.45867354352737, "jain_fairness": 0.7383545944995376}