{"country": "SE", "mw": 1.0, "nodes": 667, "layer": "pue", "mechanism": "GridPilot-PUE", "seed": 20260521, "n_jobs": 1994, "energy_kwh": 6378.215416666659, "co2_g_it": 70628.04597456992, "co2_g_facility": 85699.34644275716, "co2_tonnes_y": 0.8593078926906006, "cfe_pct": 45.182559642149045, "cfe_abs_pct": 100.0, "ci_weighted_mean": 11.31868138435968, "p50_slowdown": 14.471974648445237, "p95_slowdown": 159.83591282990912, "p99_slowdown": 413.0285714285709, "avg_pue": 1.1356806474458583, "jain_fairness": 0.719333296032101}