{"country": "SE", "mw": 1.0, "nodes": 667, "layer": "pue", "mechanism": "GridPilot-PUE", "seed": 20260520, "n_jobs": 1994, "energy_kwh": 6378.2154166666605, "co2_g_it": 70692.41075208719, "co2_g_facility": 85676.46022614778, "co2_tonnes_y": 0.8600909974837274, "cfe_pct": 44.9539747295802, "cfe_abs_pct": 100.0, "ci_weighted_mean": 11.317554510243685, "p50_slowdown": 14.37827040499262, "p95_slowdown": 159.05640872632807, "p99_slowdown": 411.2177215189873, "avg_pue": 1.195529773560636, "jain_fairness": 0.8552006158239072}