{"country": "SE", "mw": 10.0, "nodes": 6667, "layer": "fsla", "mechanism": "M3", "seed": 20260520, "n_jobs": 1994, "energy_kwh": 60331.34666666674, "co2_g_it": 668999.0063958643, "co2_g_facility": 1431831.1802656176, "co2_tonnes_y": 8.139487911149681, "cfe_pct": 44.833217161700915, "cfe_abs_pct": 100.0, "ci_weighted_mean": 11.33059558459465, "p50_slowdown": 14.213533788397008, "p95_slowdown": 159.83591282990912, "p99_slowdown": 411.2177215189873, "avg_pue": 2.031544036082737, "jain_fairness": 0.8184122329388875}