{"country": "SE", "mw": 10.0, "nodes": 6667, "layer": "fsla", "mechanism": "M2", "seed": 20260522, "n_jobs": 1994, "energy_kwh": 60331.34666666674, "co2_g_it": 667712.1264621662, "co2_g_facility": 1427402.121867477, "co2_tonnes_y": 8.123830871956354, "cfe_pct": 45.316379953592005, "cfe_abs_pct": 100.0, "ci_weighted_mean": 11.323151728982632, "p50_slowdown": 14.122741123945858, "p95_slowdown": 152.48388469311772, "p99_slowdown": 411.2177215189873, "avg_pue": 2.001114162368762, "jain_fairness": 0.8629786368037796}