{
  "seed": 20260521,
  "pi": [
    0.30347888968697956,
    0.41359928705229804,
    0.1383513011547963,
    0.144570522105926
  ],
  "prior_report": {
    "seed": 1068320056,
    "pi": [
      0.30347888968697956,
      0.41359928705229804,
      0.1383513011547963,
      0.144570522105926
    ],
    "n_jobs": 1994,
    "n_long_reassigned_from_T0": 0,
    "n_short_reassigned_from_high_tier": 441,
    "tier_counts": {
      "T0": 829,
      "T1": 1072,
      "T2": 52,
      "T3": 41
    },
    "tier_fractions": {
      "T0": 0.4157472417251755,
      "T1": 0.5376128385155466,
      "T2": 0.026078234704112337,
      "T3": 0.020561685055165497
    }
  },
  "all_rigid": {
    "co2_g": 2158603.1855698256,
    "facility_co2_g": 2640911.6312746895,
    "energy_kwh": 8825.209999999983,
    "p95_slowdown": 149.01623541349568,
    "avg_pue": 1.176850879625148,
    "it_co2_pct": 0.0,
    "facility_co2_pct": 0.0
  },
  "declared_tier": {
    "co2_g": 2159048.75240303,
    "facility_co2_g": 2662681.8547191108,
    "energy_kwh": 8826.377083333322,
    "p95_slowdown": 149.01623541349568,
    "avg_pue": 1.176850879625148,
    "it_co2_pct": -0.020641442400481935,
    "facility_co2_pct": -0.8243450173269773
  },
  "delta_it_pp": -0.020641442400481935,
  "delta_facility_pp": -0.8243450173269773,
  "p95_match": true
}