{
  "seed": 20260532,
  "pi": [
    0.20256158945441943,
    0.4641849465303049,
    0.2096806668959134,
    0.12357279711936234
  ],
  "prior_report": {
    "seed": 1869875921,
    "pi": [
      0.20256158945441943,
      0.4641849465303049,
      0.2096806668959134,
      0.12357279711936234
    ],
    "n_jobs": 1994,
    "n_long_reassigned_from_T0": 0,
    "n_short_reassigned_from_high_tier": 497,
    "tier_counts": {
      "T0": 554,
      "T1": 1339,
      "T2": 57,
      "T3": 44
    },
    "tier_fractions": {
      "T0": 0.2778335005015045,
      "T1": 0.6715145436308927,
      "T2": 0.028585757271815445,
      "T3": 0.022066198595787363
    }
  },
  "all_rigid": {
    "co2_g": 2159492.289883382,
    "facility_co2_g": 2645507.655455808,
    "energy_kwh": 8825.209999999974,
    "p95_slowdown": 149.79629629629613,
    "avg_pue": 1.1712363431421857,
    "it_co2_pct": 0.0,
    "facility_co2_pct": 0.0
  },
  "declared_tier": {
    "co2_g": 2159939.7963406155,
    "facility_co2_g": 2657781.09411797,
    "energy_kwh": 8826.377083333315,
    "p95_slowdown": 149.79629629629613,
    "avg_pue": 1.1712363431421857,
    "it_co2_pct": -0.020722762444203013,
    "facility_co2_pct": -0.4639351028469241
  },
  "delta_it_pp": -0.020722762444203013,
  "delta_facility_pp": -0.4639351028469241,
  "p95_match": true
}