{
  "seed": 20260522,
  "pi": [
    0.24290135505677743,
    0.4263315654076933,
    0.2084797698378378,
    0.1222873096976915
  ],
  "prior_report": {
    "seed": 647422624,
    "pi": [
      0.24290135505677743,
      0.4263315654076933,
      0.2084797698378378,
      0.1222873096976915
    ],
    "n_jobs": 1994,
    "n_long_reassigned_from_T0": 0,
    "n_short_reassigned_from_high_tier": 555,
    "tier_counts": {
      "T0": 674,
      "T1": 1210,
      "T2": 74,
      "T3": 36
    },
    "tier_fractions": {
      "T0": 0.33801404212637914,
      "T1": 0.6068204613841525,
      "T2": 0.037111334002006016,
      "T3": 0.01805416248746239
    }
  },
  "all_rigid": {
    "co2_g": 2171484.335681409,
    "facility_co2_g": 2655720.4879660117,
    "energy_kwh": 8825.20999999999,
    "p95_slowdown": 149.79629629629613,
    "avg_pue": 1.2008311676481127,
    "it_co2_pct": 0.0,
    "facility_co2_pct": 0.0
  },
  "declared_tier": {
    "co2_g": 2171931.8421386424,
    "facility_co2_g": 2669791.1818397855,
    "energy_kwh": 8826.377083333331,
    "p95_slowdown": 149.79629629629613,
    "avg_pue": 1.2008311676481127,
    "it_co2_pct": -0.02060832076382635,
    "facility_co2_pct": -0.529825858464128
  },
  "delta_it_pp": -0.02060832076382635,
  "delta_facility_pp": -0.529825858464128,
  "p95_match": true
}