{
  "seed": 20260540,
  "pi": [
    0.12089384683491386,
    0.310721803082289,
    0.15635582141547216,
    0.41202852866732476
  ],
  "prior_report": {
    "seed": 1013835827,
    "pi": [
      0.12089384683491386,
      0.310721803082289,
      0.15635582141547216,
      0.41202852866732476
    ],
    "n_jobs": 1994,
    "n_long_reassigned_from_T0": 0,
    "n_short_reassigned_from_high_tier": 924,
    "tier_counts": {
      "T0": 512,
      "T1": 1294,
      "T2": 62,
      "T3": 126
    },
    "tier_fractions": {
      "T0": 0.2567703109327984,
      "T1": 0.6489468405215647,
      "T2": 0.031093279839518557,
      "T3": 0.06318956870611836
    }
  },
  "all_rigid": {
    "co2_g": 2153073.422042346,
    "facility_co2_g": 2645138.170791834,
    "energy_kwh": 8825.209999999992,
    "p95_slowdown": 147.70089858793315,
    "avg_pue": 1.1944569441490067,
    "it_co2_pct": 0.0,
    "facility_co2_pct": 0.0
  },
  "declared_tier": {
    "co2_g": 2153518.9888755507,
    "facility_co2_g": 2668308.245268474,
    "energy_kwh": 8826.377083333331,
    "p95_slowdown": 147.70089858793315,
    "avg_pue": 1.1944569441490067,
    "it_co2_pct": -0.0206944560572353,
    "facility_co2_pct": -0.8759494960410175
  },
  "delta_it_pp": -0.0206944560572353,
  "delta_facility_pp": -0.8759494960410175,
  "p95_match": true
}