{
  "seed": 20260528,
  "pi": [
    0.36749095101314394,
    0.3406619931856967,
    0.24243341257532353,
    0.04941364322583587
  ],
  "prior_report": {
    "seed": 691061664,
    "pi": [
      0.36749095101314394,
      0.3406619931856967,
      0.24243341257532353,
      0.04941364322583587
    ],
    "n_jobs": 1994,
    "n_long_reassigned_from_T0": 0,
    "n_short_reassigned_from_high_tier": 455,
    "tier_counts": {
      "T0": 969,
      "T1": 936,
      "T2": 74,
      "T3": 15
    },
    "tier_fractions": {
      "T0": 0.48595787362086257,
      "T1": 0.46940822467402205,
      "T2": 0.037111334002006016,
      "T3": 0.007522567703109328
    }
  },
  "all_rigid": {
    "co2_g": 2173159.567233125,
    "facility_co2_g": 2532446.9269631323,
    "energy_kwh": 8826.37708333333,
    "p95_slowdown": 147.90277313732028,
    "avg_pue": 1.2141078377426935,
    "it_co2_pct": 0.0,
    "facility_co2_pct": 0.0
  },
  "declared_tier": {
    "co2_g": 2173161.506857154,
    "facility_co2_g": 2533780.2120573632,
    "energy_kwh": 8826.377083333331,
    "p95_slowdown": 147.90277313732028,
    "avg_pue": 1.2141078377426935,
    "it_co2_pct": -8.925364054501728e-05,
    "facility_co2_pct": -0.052648096196428185
  },
  "delta_it_pp": -8.925364054501728e-05,
  "delta_facility_pp": -0.052648096196428185,
  "p95_match": true
}