{
  "seed": 20260527,
  "pi": [
    0.2965291246665421,
    0.2861880907960625,
    0.21999316219267712,
    0.1972896223447184
  ],
  "prior_report": {
    "seed": 568848807,
    "pi": [
      0.2965291246665421,
      0.2861880907960625,
      0.21999316219267712,
      0.1972896223447184
    ],
    "n_jobs": 1994,
    "n_long_reassigned_from_T0": 0,
    "n_short_reassigned_from_high_tier": 661,
    "tier_counts": {
      "T0": 941,
      "T1": 911,
      "T2": 76,
      "T3": 66
    },
    "tier_fractions": {
      "T0": 0.4719157472417252,
      "T1": 0.45687061183550653,
      "T2": 0.03811434302908726,
      "T3": 0.033099297893681046
    }
  },
  "all_rigid": {
    "co2_g": 2152580.4898672868,
    "facility_co2_g": 2512972.016169478,
    "energy_kwh": 8826.377083333315,
    "p95_slowdown": 147.4438122332858,
    "avg_pue": 1.143164316208098,
    "it_co2_pct": 0.0,
    "facility_co2_pct": 0.0
  },
  "declared_tier": {
    "co2_g": 2152580.4898672868,
    "facility_co2_g": 2512972.016169478,
    "energy_kwh": 8826.377083333315,
    "p95_slowdown": 147.4438122332858,
    "avg_pue": 1.143164316208098,
    "it_co2_pct": 0.0,
    "facility_co2_pct": 0.0
  },
  "delta_it_pp": 0.0,
  "delta_facility_pp": 0.0,
  "p95_match": true
}