{
  "seed": 20260526,
  "pi": [
    0.3069092507204433,
    0.19368022091734644,
    0.12105232784308705,
    0.3783582005191231
  ],
  "prior_report": {
    "seed": 19261362,
    "pi": [
      0.3069092507204433,
      0.19368022091734644,
      0.12105232784308705,
      0.3783582005191231
    ],
    "n_jobs": 1994,
    "n_long_reassigned_from_T0": 0,
    "n_short_reassigned_from_high_tier": 812,
    "tier_counts": {
      "T0": 1141,
      "T1": 678,
      "T2": 35,
      "T3": 140
    },
    "tier_fractions": {
      "T0": 0.5722166499498496,
      "T1": 0.34002006018054165,
      "T2": 0.017552657973921765,
      "T3": 0.07021063189568706
    }
  },
  "all_rigid": {
    "co2_g": 2168120.846164441,
    "facility_co2_g": 2653566.7821320724,
    "energy_kwh": 8825.209999999994,
    "p95_slowdown": 149.79629629629613,
    "avg_pue": 1.1565076849654246,
    "it_co2_pct": 0.0,
    "facility_co2_pct": 0.0
  },
  "declared_tier": {
    "co2_g": 2168568.3526216745,
    "facility_co2_g": 2667637.476005846,
    "energy_kwh": 8826.377083333335,
    "p95_slowdown": 149.79629629629613,
    "avg_pue": 1.1565076849654246,
    "it_co2_pct": -0.02064029124690947,
    "facility_co2_pct": -0.5302558793138124
  },
  "delta_it_pp": -0.02064029124690947,
  "delta_facility_pp": -0.5302558793138124,
  "p95_match": true
}