{"country": "CH", "mw": 50, "tier": 4, "seed": 4, "nodes": 33333, "energy_kwh": 34941.14166664601, "ci_weighted_mean": 32.429007975256035, "cfe_canonical_pct": 95.946374003093, "cfe_pct": 32.03659265689908, "cfe_abs_pct": 100.0, "co2_g_facility": 20360052.443632156, "p50_slowdown": 900.6166666666667, "p95_slowdown": 1620.6166666666666}