{"country": "CH", "mw": 10, "tier": 0, "seed": 4, "nodes": 6667, "energy_kwh": 3622.6933333341744, "ci_weighted_mean": 31.137225387223054, "cfe_canonical_pct": 96.10784682659713, "cfe_pct": 40.34647091383927, "cfe_abs_pct": 100.0, "co2_g_facility": 189650.3234135923, "p50_slowdown": 600.6166666666667, "p95_slowdown": 600.6333333333333}