{"country": "CH", "mw": 1, "tier": 3, "seed": 1, "nodes": 667, "energy_kwh": 866.8524999995817, "ci_weighted_mean": 32.00797490730304, "cfe_canonical_pct": 95.99900313658712, "cfe_pct": 33.53575006175443, "cfe_abs_pct": 100.0, "co2_g_facility": 32272.92847836589, "p50_slowdown": 1200.6166666666666, "p95_slowdown": 2160.616666666667}