{"country": "CH", "mw": 1, "tier": 4, "seed": 0, "nodes": 667, "energy_kwh": 765.202499999641, "ci_weighted_mean": 31.897511665868155, "cfe_canonical_pct": 96.01281104176648, "cfe_pct": 33.509368131073984, "cfe_abs_pct": 100.0, "co2_g_facility": 28446.048133708042, "p50_slowdown": 1200.6166666666666, "p95_slowdown": 1980.6166666666666}