{"country": "CH", "mw": 1, "tier": 2, "seed": 3, "nodes": 667, "energy_kwh": 765.1024999996424, "ci_weighted_mean": 31.89753623779255, "cfe_canonical_pct": 96.01280797027593, "cfe_pct": 33.473748626138075, "cfe_abs_pct": 100.0, "co2_g_facility": 28636.516788565135, "p50_slowdown": 1200.6166666666666, "p95_slowdown": 1980.6166666666666}