{"country": "CH", "mw": 50, "tier": 0, "seed": 4, "nodes": 33333, "energy_kwh": 18029.12833333312, "ci_weighted_mean": 31.14198494632952, "cfe_canonical_pct": 96.1072518817088, "cfe_pct": 40.367960606326335, "cfe_abs_pct": 100.0, "co2_g_facility": 7482899.72249204, "p50_slowdown": 600.6166666666667, "p95_slowdown": 600.6333333333333}