{"country": "CH", "mw": 10, "tier": 3, "seed": 3, "nodes": 6667, "energy_kwh": 7101.479166670179, "ci_weighted_mean": 32.297723768117734, "cfe_canonical_pct": 95.96278452898528, "cfe_pct": 32.73268895954176, "cfe_abs_pct": 100.0, "co2_g_facility": 437791.63405241485, "p50_slowdown": 900.6166666666667, "p95_slowdown": 1680.6166666666666}