{"country": "CH", "mw": 10, "tier": 5, "seed": 5, "nodes": 6667, "energy_kwh": 7101.4791666702195, "ci_weighted_mean": 32.37916010918888, "cfe_canonical_pct": 95.95260498635139, "cfe_pct": 32.34026355388942, "cfe_abs_pct": 100.0, "co2_g_facility": 435841.1851632554, "p50_slowdown": 900.6166666666667, "p95_slowdown": 1680.6166666666666}