{"country": "CH", "mw": 10, "tier": 1, "seed": 7, "nodes": 6667, "energy_kwh": 3612.568333334154, "ci_weighted_mean": 31.056446945974965, "cfe_canonical_pct": 96.11794413175313, "cfe_pct": 40.984731659558356, "cfe_abs_pct": 100.0, "co2_g_facility": 190415.5926679976, "p50_slowdown": 600.6166666666667, "p95_slowdown": 600.6333333333333}