{"country": "CH", "mw": 10, "tier": 4, "seed": 2, "nodes": 6667, "energy_kwh": 7101.479166670218, "ci_weighted_mean": 32.37912184188067, "cfe_canonical_pct": 95.95260976976492, "cfe_pct": 32.371863687536965, "cfe_abs_pct": 100.0, "co2_g_facility": 435652.9623274188, "p50_slowdown": 900.6166666666667, "p95_slowdown": 1680.6166666666666}