{"country": "CH", "mw": 1, "tier": 1, "seed": 4, "nodes": 667, "energy_kwh": 378.3616666665926, "ci_weighted_mean": 30.989628004799773, "cfe_canonical_pct": 96.12629649940003, "cfe_pct": 40.83535499642889, "cfe_abs_pct": 100.0, "co2_g_facility": 14124.261550373616, "p50_slowdown": 600.6166666666667, "p95_slowdown": 600.6333333333333}