{"country": "CH", "mw": 50, "tier": 3, "seed": 3, "nodes": 33333, "energy_kwh": 34941.14166664616, "ci_weighted_mean": 32.3467595041551, "cfe_canonical_pct": 95.95665506198061, "cfe_pct": 32.40290489869885, "cfe_abs_pct": 100.0, "co2_g_facility": 20594684.835953888, "p50_slowdown": 900.6166666666667, "p95_slowdown": 1680.6}