{"country": "CH", "mw": 50, "tier": 5, "seed": 4, "nodes": 33333, "energy_kwh": 34941.14166664609, "ci_weighted_mean": 32.42893096422837, "cfe_canonical_pct": 95.94638362947146, "cfe_pct": 32.00590601098283, "cfe_abs_pct": 100.0, "co2_g_facility": 20344689.801740173, "p50_slowdown": 900.6166666666667, "p95_slowdown": 1620.6166666666666}