{"country": "CH", "mw": 50, "tier": 1, "seed": 4, "nodes": 33333, "energy_kwh": 17979.82833333321, "ci_weighted_mean": 31.060357041673612, "cfe_canonical_pct": 96.11745536979079, "cfe_pct": 41.00867332790211, "cfe_abs_pct": 100.0, "co2_g_facility": 7644357.456280666, "p50_slowdown": 600.6166666666667, "p95_slowdown": 600.6333333333333}