{"country": "CH", "mw": 1, "tier": 0, "seed": 1, "nodes": 667, "energy_kwh": 379.7366666665925, "ci_weighted_mean": 31.063056433085148, "cfe_canonical_pct": 96.11711794586436, "cfe_pct": 40.19882737236622, "cfe_abs_pct": 100.0, "co2_g_facility": 14212.340201939414, "p50_slowdown": 600.6166666666667, "p95_slowdown": 600.6333333333333}