{"country": "DE", "mw": 50, "tier": 0, "seed": 6, "nodes": 33333, "energy_kwh": 18029.12833333312, "ci_weighted_mean": 283.82667035060643, "cfe_canonical_pct": 64.52166620617419, "cfe_pct": 59.78386706478897, "cfe_abs_pct": 0.0, "co2_g_facility": 60937892.958738916, "p50_slowdown": 600.6166666666667, "p95_slowdown": 600.6333333333333}