{"country": "DE", "mw": 50, "tier": 1, "seed": 4, "nodes": 33333, "energy_kwh": 17979.82833333321, "ci_weighted_mean": 281.4855366962184, "cfe_canonical_pct": 64.81430791297271, "cfe_pct": 60.740493109486735, "cfe_abs_pct": 0.0, "co2_g_facility": 61844711.60990475, "p50_slowdown": 600.6166666666667, "p95_slowdown": 600.6333333333333}