{"country": "DE", "mw": 1, "tier": 4, "seed": 0, "nodes": 667, "energy_kwh": 765.5024999996403, "ci_weighted_mean": 305.44619733727427, "cfe_canonical_pct": 61.81922533284072, "cfe_pct": 49.09631960576362, "cfe_abs_pct": 0.0, "co2_g_facility": 273513.563315768, "p50_slowdown": 1200.6166666666666, "p95_slowdown": 1980.6166666666666}