{"country": "DE", "mw": 1, "tier": 3, "seed": 2, "nodes": 667, "energy_kwh": 866.852499999572, "ci_weighted_mean": 310.6930266897273, "cfe_canonical_pct": 61.16337166378409, "cfe_pct": 49.11518817891832, "cfe_abs_pct": 0.0, "co2_g_facility": 304834.19975200907, "p50_slowdown": 1200.6166666666666, "p95_slowdown": 2160.616666666667}