{"country": "DE", "mw": 10, "tier": 3, "seed": 2, "nodes": 6667, "energy_kwh": 7101.4791666702195, "ci_weighted_mean": 319.2809358571368, "cfe_canonical_pct": 60.08988301785789, "cfe_pct": 47.8102418860569, "cfe_abs_pct": 0.0, "co2_g_facility": 4134617.7427319475, "p50_slowdown": 900.6166666666667, "p95_slowdown": 1680.6166666666666}