{"country": "DE", "mw": 50, "tier": 3, "seed": 4, "nodes": 33333, "energy_kwh": 34941.14166664609, "ci_weighted_mean": 320.7104020522416, "cfe_canonical_pct": 59.9111997434698, "cfe_pct": 47.31029939368809, "cfe_abs_pct": 0.0, "co2_g_facility": 193169939.24122208, "p50_slowdown": 900.6166666666667, "p95_slowdown": 1620.6166666666666}