{"country": "DE", "mw": 1, "tier": 0, "seed": 2, "nodes": 667, "energy_kwh": 379.7366666665925, "ci_weighted_mean": 281.56295674133, "cfe_canonical_pct": 64.80463040733375, "cfe_pct": 59.53134007228511, "cfe_abs_pct": 0.0, "co2_g_facility": 126003.63972275381, "p50_slowdown": 600.6166666666667, "p95_slowdown": 600.6333333333333}