{"country": "DE", "mw": 10, "tier": 1, "seed": 3, "nodes": 6667, "energy_kwh": 3612.568333334154, "ci_weighted_mean": 281.37339297886433, "cfe_canonical_pct": 64.82832587764196, "cfe_pct": 60.704746631026666, "cfe_abs_pct": 0.0, "co2_g_facility": 1619302.3031589808, "p50_slowdown": 600.6166666666667, "p95_slowdown": 600.6333333333333}