{"country": "DE", "mw": 10, "tier": 4, "seed": 3, "nodes": 6667, "energy_kwh": 7101.4791666702195, "ci_weighted_mean": 319.30428240759005, "cfe_canonical_pct": 60.08696469905124, "cfe_pct": 47.388511714885, "cfe_abs_pct": 0.0, "co2_g_facility": 4128240.1513251876, "p50_slowdown": 900.6166666666667, "p95_slowdown": 1680.6166666666666}