{"country": "DE", "mw": 10, "tier": 0, "seed": 0, "nodes": 6667, "energy_kwh": 3622.6933333341744, "ci_weighted_mean": 283.69016355076303, "cfe_canonical_pct": 64.53872955615464, "cfe_pct": 59.75178154682844, "cfe_abs_pct": 0.0, "co2_g_facility": 1624287.8393242706, "p50_slowdown": 600.6166666666667, "p95_slowdown": 600.6333333333333}