{"country": "DE", "mw": 50, "tier": 4, "seed": 1, "nodes": 33333, "energy_kwh": 34941.14166664601, "ci_weighted_mean": 320.72730431705145, "cfe_canonical_pct": 59.90908696036856, "cfe_pct": 46.88789279057678, "cfe_abs_pct": 0.0, "co2_g_facility": 191434692.7185585, "p50_slowdown": 900.6166666666667, "p95_slowdown": 1620.6166666666666}