{"country": "DE", "mw": 1, "tier": 2, "seed": 2, "nodes": 667, "energy_kwh": 765.1024999996424, "ci_weighted_mean": 305.4442058447102, "cfe_canonical_pct": 61.819474269411224, "cfe_pct": 49.504951394030876, "cfe_abs_pct": 0.0, "co2_g_facility": 269399.52645648323, "p50_slowdown": 1200.6166666666666, "p95_slowdown": 1980.6166666666666}