{"country": "DE", "mw": 1, "tier": 1, "seed": 1, "nodes": 667, "energy_kwh": 378.3616666665926, "ci_weighted_mean": 279.4569886245323, "cfe_canonical_pct": 65.06787642193346, "cfe_pct": 60.48171749237183, "cfe_abs_pct": 0.0, "co2_g_facility": 124472.93842478734, "p50_slowdown": 600.6166666666667, "p95_slowdown": 600.6333333333333}