{"country": "FR", "mw": 50, "tier": 0, "seed": 1, "nodes": 33333, "energy_kwh": 18029.12833333312, "ci_weighted_mean": 54.492517368197966, "cfe_canonical_pct": 93.18843532897525, "cfe_pct": 45.448198423198214, "cfe_abs_pct": 100.0, "co2_g_facility": 12923490.506690307, "p50_slowdown": 600.6166666666667, "p95_slowdown": 600.6333333333333}