{"country": "FR", "mw": 10, "tier": 2, "seed": 7, "nodes": 6667, "energy_kwh": 7101.4791666702195, "ci_weighted_mean": 57.22394217725155, "cfe_canonical_pct": 92.84700722784356, "cfe_pct": 36.39071558658646, "cfe_abs_pct": 100.0, "co2_g_facility": 766443.9461230949, "p50_slowdown": 900.6166666666667, "p95_slowdown": 1680.6166666666666}