{"country": "FR", "mw": 50, "tier": 1, "seed": 1, "nodes": 33333, "energy_kwh": 17979.82833333321, "ci_weighted_mean": 54.312255745414895, "cfe_canonical_pct": 93.21096803182314, "cfe_pct": 46.171326170024905, "cfe_abs_pct": 100.0, "co2_g_facility": 13192777.454967283, "p50_slowdown": 600.6166666666667, "p95_slowdown": 600.6333333333333}