{"country": "FR", "mw": 10, "tier": 0, "seed": 0, "nodes": 6667, "energy_kwh": 3622.6933333341744, "ci_weighted_mean": 54.48200667513127, "cfe_canonical_pct": 93.18974916560859, "cfe_pct": 45.42394450660171, "cfe_abs_pct": 100.0, "co2_g_facility": 329410.50908869907, "p50_slowdown": 600.6166666666667, "p95_slowdown": 600.6333333333333}