{"country": "FR", "mw": 1, "tier": 0, "seed": 7, "nodes": 667, "energy_kwh": 379.7366666665925, "ci_weighted_mean": 54.318216901420655, "cfe_canonical_pct": 93.21022288732242, "cfe_pct": 45.25730954230655, "cfe_abs_pct": 100.0, "co2_g_facility": 24786.22521554464, "p50_slowdown": 600.6166666666667, "p95_slowdown": 600.6333333333333}