{"country": "FR", "mw": 50, "tier": 4, "seed": 6, "nodes": 33333, "energy_kwh": 34941.14166664601, "ci_weighted_mean": 57.33449880283622, "cfe_canonical_pct": 92.83318764964548, "cfe_pct": 35.936247194581455, "cfe_abs_pct": 100.0, "co2_g_facility": 35685496.076038375, "p50_slowdown": 900.6166666666667, "p95_slowdown": 1620.6166666666666}