{"country": "FR", "mw": 1, "tier": 4, "seed": 3, "nodes": 667, "energy_kwh": 765.3524999996405, "ci_weighted_mean": 56.159685336649794, "cfe_canonical_pct": 92.98003933291878, "cfe_pct": 37.6045609131404, "cfe_abs_pct": 100.0, "co2_g_facility": 50383.35319972827, "p50_slowdown": 1200.6166666666666, "p95_slowdown": 1980.6166666666666}