{"country": "FR", "mw": 10, "tier": 4, "seed": 5, "nodes": 6667, "energy_kwh": 7101.47916667022, "ci_weighted_mean": 57.224444289540905, "cfe_canonical_pct": 92.84694446380739, "cfe_pct": 36.31535330958414, "cfe_abs_pct": 100.0, "co2_g_facility": 765477.4000733583, "p50_slowdown": 900.6166666666667, "p95_slowdown": 1680.6166666666666}