{"country": "FR", "mw": 10, "tier": 1, "seed": 7, "nodes": 6667, "energy_kwh": 3612.568333334154, "ci_weighted_mean": 54.30362095070881, "cfe_canonical_pct": 93.2120473811614, "cfe_pct": 46.14430487935167, "cfe_abs_pct": 100.0, "co2_g_facility": 330469.30883489933, "p50_slowdown": 600.6166666666667, "p95_slowdown": 600.6333333333333}