{"country": "FR", "mw": 1, "tier": 2, "seed": 6, "nodes": 667, "energy_kwh": 765.1024999996424, "ci_weighted_mean": 56.15980566661854, "cfe_canonical_pct": 92.98002429167268, "cfe_pct": 37.67053992632788, "cfe_abs_pct": 100.0, "co2_g_facility": 50305.45095052516, "p50_slowdown": 1200.6166666666666, "p95_slowdown": 1980.6166666666666}