{"country": "FR", "mw": 1, "tier": 1, "seed": 3, "nodes": 667, "energy_kwh": 378.3616666665926, "ci_weighted_mean": 54.156062455624145, "cfe_canonical_pct": 93.23049219304697, "cfe_pct": 45.97571386156111, "cfe_abs_pct": 100.0, "co2_g_facility": 24615.045458551678, "p50_slowdown": 600.6166666666667, "p95_slowdown": 600.6333333333333}