{"country": "FR", "mw": 50, "tier": 2, "seed": 3, "nodes": 33333, "energy_kwh": 34941.14166664609, "ci_weighted_mean": 57.33389992779066, "cfe_canonical_pct": 92.83326250902617, "cfe_pct": 36.01318281021333, "cfe_abs_pct": 100.0, "co2_g_facility": 35780914.32662341, "p50_slowdown": 900.6166666666667, "p95_slowdown": 1620.6166666666666}