{"country": "FR", "mw": 1, "tier": 3, "seed": 7, "nodes": 667, "energy_kwh": 866.852499999572, "ci_weighted_mean": 56.56395216267201, "cfe_canonical_pct": 92.929505979666, "cfe_pct": 37.372679749510034, "cfe_abs_pct": 100.0, "co2_g_facility": 56801.39987066569, "p50_slowdown": 1200.6166666666666, "p95_slowdown": 2160.616666666667}