{"country": "IT", "mw": 1, "tier": 0, "seed": 3, "nodes": 667, "energy_kwh": 379.7366666665925, "ci_weighted_mean": 255.33263059969897, "cfe_canonical_pct": 68.08342117503763, "cfe_pct": 54.0694346248476, "cfe_abs_pct": 0.0, "co2_g_facility": 115428.633537707, "p50_slowdown": 600.6166666666667, "p95_slowdown": 600.6333333333333}