{"country": "IT", "mw": 50, "tier": 1, "seed": 6, "nodes": 33333, "energy_kwh": 17979.82833333321, "ci_weighted_mean": 255.28426650367973, "cfe_canonical_pct": 68.08946668704003, "cfe_pct": 55.165773691171644, "cfe_abs_pct": 0.0, "co2_g_facility": 59154681.12092791, "p50_slowdown": 600.6166666666667, "p95_slowdown": 600.6333333333333}