{"country": "IT", "mw": 50, "tier": 4, "seed": 4, "nodes": 33333, "energy_kwh": 34941.14166664602, "ci_weighted_mean": 279.8011637304116, "cfe_canonical_pct": 65.02485453369854, "cfe_pct": 42.709308949523646, "cfe_abs_pct": 0.0, "co2_g_facility": 170294207.41664568, "p50_slowdown": 900.6166666666667, "p95_slowdown": 1620.6166666666666}