{"country": "IT", "mw": 10, "tier": 1, "seed": 6, "nodes": 6667, "energy_kwh": 3612.568333334154, "ci_weighted_mean": 255.2142106222353, "cfe_canonical_pct": 68.09822367222058, "cfe_pct": 55.1333623589431, "cfe_abs_pct": 0.0, "co2_g_facility": 1512451.5122742674, "p50_slowdown": 600.6166666666667, "p95_slowdown": 600.6333333333333}