{"country": "IT", "mw": 1, "tier": 1, "seed": 5, "nodes": 667, "energy_kwh": 378.3616666665926, "ci_weighted_mean": 254.0170379262538, "cfe_canonical_pct": 68.24787025921827, "cfe_pct": 54.93114183753867, "cfe_abs_pct": 0.0, "co2_g_facility": 114342.6309520616, "p50_slowdown": 600.6166666666667, "p95_slowdown": 600.6333333333333}