{"country": "IT", "mw": 10, "tier": 2, "seed": 0, "nodes": 6667, "energy_kwh": 7101.4791666702195, "ci_weighted_mean": 278.89868103682306, "cfe_canonical_pct": 65.13766487039712, "cfe_pct": 43.43959642284646, "cfe_abs_pct": 0.0, "co2_g_facility": 3673514.9265598175, "p50_slowdown": 900.6166666666667, "p95_slowdown": 1680.6166666666666}