{"country": "IT", "mw": 1, "tier": 3, "seed": 3, "nodes": 667, "energy_kwh": 866.852499999572, "ci_weighted_mean": 273.53689945810385, "cfe_canonical_pct": 65.80788756773701, "cfe_pct": 44.621184899039434, "cfe_abs_pct": 0.0, "co2_g_facility": 271552.8427107854, "p50_slowdown": 1200.6166666666666, "p95_slowdown": 2160.616666666667}