{"country": "IT", "mw": 50, "tier": 0, "seed": 2, "nodes": 33333, "energy_kwh": 18029.12833333312, "ci_weighted_mean": 256.7467664621132, "cfe_canonical_pct": 67.90665419223585, "cfe_pct": 54.298400850507655, "cfe_abs_pct": 0.0, "co2_g_facility": 58102705.81330375, "p50_slowdown": 600.6166666666667, "p95_slowdown": 600.6333333333333}