{"country": "IT", "mw": 1, "tier": 4, "seed": 7, "nodes": 667, "energy_kwh": 765.4774999996401, "ci_weighted_mean": 270.25879510575345, "cfe_canonical_pct": 66.21765061178083, "cfe_pct": 44.71288531975096, "cfe_abs_pct": 0.0, "co2_g_facility": 243464.8285224645, "p50_slowdown": 1200.6166666666666, "p95_slowdown": 1980.6166666666666}