{"country": "IT", "mw": 10, "tier": 0, "seed": 6, "nodes": 6667, "energy_kwh": 3622.6933333341744, "ci_weighted_mean": 256.6614910279355, "cfe_canonical_pct": 67.91731362150806, "cfe_pct": 54.26930891118679, "cfe_abs_pct": 0.0, "co2_g_facility": 1512054.5494615277, "p50_slowdown": 600.6166666666667, "p95_slowdown": 600.6333333333333}