{"country": "IT", "mw": 10, "tier": 4, "seed": 2, "nodes": 6667, "energy_kwh": 7101.4791666702195, "ci_weighted_mean": 278.9100638159312, "cfe_canonical_pct": 65.1362420230086, "cfe_pct": 43.16364360506058, "cfe_abs_pct": 0.0, "co2_g_facility": 3666491.9961991054, "p50_slowdown": 900.6166666666667, "p95_slowdown": 1680.6166666666666}