{"country": "IT", "mw": 1, "tier": 2, "seed": 5, "nodes": 667, "energy_kwh": 765.1024999996424, "ci_weighted_mean": 270.25797505620113, "cfe_canonical_pct": 66.21775311797487, "cfe_pct": 44.9757463658932, "cfe_abs_pct": 0.0, "co2_g_facility": 240246.7859485539, "p50_slowdown": 1200.6166666666666, "p95_slowdown": 1980.6166666666666}