{"country": "IT", "mw": 50, "tier": 3, "seed": 3, "nodes": 33333, "energy_kwh": 34941.14166664609, "ci_weighted_mean": 279.7914026596401, "cfe_canonical_pct": 65.026074667545, "cfe_pct": 42.98643570953075, "cfe_abs_pct": 0.0, "co2_g_facility": 171560317.83128968, "p50_slowdown": 900.6166666666667, "p95_slowdown": 1620.6166666666666}