{"country": "PL", "mw": 10, "tier": 1, "seed": 5, "nodes": 6667, "energy_kwh": 3612.568333334154, "ci_weighted_mean": 598.893463241718, "cfe_canonical_pct": 25.138317094785243, "cfe_pct": 55.20387716679793, "cfe_abs_pct": 0.0, "co2_g_facility": 3519182.816397716, "p50_slowdown": 600.6166666666667, "p95_slowdown": 600.6333333333333}