{"country": "PL", "mw": 50, "tier": 5, "seed": 5, "nodes": 33333, "energy_kwh": 34941.14166664609, "ci_weighted_mean": 664.18532095714, "cfe_canonical_pct": 16.976834880357504, "cfe_pct": 43.034588307536836, "cfe_abs_pct": 0.0, "co2_g_facility": 405093654.77347183, "p50_slowdown": 900.6166666666667, "p95_slowdown": 1620.6166666666666}