{"country": "PL", "mw": 1, "tier": 0, "seed": 4, "nodes": 667, "energy_kwh": 379.7366666665925, "ci_weighted_mean": 599.2080748287073, "cfe_canonical_pct": 25.09899064641159, "cfe_pct": 54.137918985087836, "cfe_abs_pct": 0.0, "co2_g_facility": 270086.46772468585, "p50_slowdown": 600.6166666666667, "p95_slowdown": 600.6333333333333}