{"country": "PL", "mw": 1, "tier": 3, "seed": 1, "nodes": 667, "energy_kwh": 866.852499999572, "ci_weighted_mean": 647.5653938033929, "cfe_canonical_pct": 19.054325774575886, "cfe_pct": 44.6731123800172, "cfe_abs_pct": 0.0, "co2_g_facility": 640624.5617829881, "p50_slowdown": 1200.6166666666666, "p95_slowdown": 2160.616666666667}