{"country": "PL", "mw": 50, "tier": 4, "seed": 5, "nodes": 33333, "energy_kwh": 34941.14166664601, "ci_weighted_mean": 664.2112643909123, "cfe_canonical_pct": 16.97359195113596, "cfe_pct": 42.75576713944722, "cfe_abs_pct": 0.0, "co2_g_facility": 402208221.76101685, "p50_slowdown": 900.6166666666667, "p95_slowdown": 1620.6166666666666}