{"country": "PL", "mw": 10, "tier": 4, "seed": 4, "nodes": 6667, "energy_kwh": 7101.479166670219, "ci_weighted_mean": 661.8435800351341, "cfe_canonical_pct": 17.26955249560824, "cfe_pct": 43.21102586399812, "cfe_abs_pct": 0.0, "co2_g_facility": 8658693.290508496, "p50_slowdown": 900.6166666666667, "p95_slowdown": 1680.6166666666666}