{"country": "PL", "mw": 1, "tier": 1, "seed": 3, "nodes": 667, "energy_kwh": 378.3616666665926, "ci_weighted_mean": 595.712881642325, "cfe_canonical_pct": 25.535889794709377, "cfe_pct": 55.001270718638466, "cfe_abs_pct": 0.0, "co2_g_facility": 267330.5313377274, "p50_slowdown": 600.6166666666667, "p95_slowdown": 600.6333333333333}