{"country": "PL", "mw": 1, "tier": 5, "seed": 6, "nodes": 667, "energy_kwh": 765.1024999996424, "ci_weighted_mean": 638.8541304619469, "cfe_canonical_pct": 20.143233692256647, "cfe_pct": 45.02791349152479, "cfe_abs_pct": 0.0, "co2_g_facility": 566588.3668822498, "p50_slowdown": 1200.6166666666666, "p95_slowdown": 1980.6166666666666}