{"country": "PL", "mw": 50, "tier": 0, "seed": 3, "nodes": 33333, "energy_kwh": 18029.12833333312, "ci_weighted_mean": 602.9650720588152, "cfe_canonical_pct": 24.6293659926481, "cfe_pct": 54.36732218021515, "cfe_abs_pct": 0.0, "co2_g_facility": 134403608.1888995, "p50_slowdown": 600.6166666666667, "p95_slowdown": 600.6333333333333}