{"country": "PL", "mw": 10, "tier": 0, "seed": 7, "nodes": 6667, "energy_kwh": 3622.6933333341744, "ci_weighted_mean": 602.7385170451093, "cfe_canonical_pct": 24.657685369361324, "cfe_pct": 54.33817472052124, "cfe_abs_pct": 0.0, "co2_g_facility": 3521626.5360029526, "p50_slowdown": 600.6166666666667, "p95_slowdown": 600.6333333333333}