{"country": "PL", "mw": 50, "tier": 1, "seed": 6, "nodes": 33333, "energy_kwh": 17979.82833333321, "ci_weighted_mean": 599.0795837971701, "cfe_canonical_pct": 25.115052025353734, "cfe_pct": 55.23635035427904, "cfe_abs_pct": 0.0, "co2_g_facility": 136714755.82718983, "p50_slowdown": 600.6166666666667, "p95_slowdown": 600.6333333333333}