{"country": "PL", "mw": 10, "tier": 3, "seed": 3, "nodes": 6667, "energy_kwh": 7101.4791666702195, "ci_weighted_mean": 661.8133268493084, "cfe_canonical_pct": 17.27333414383645, "cfe_pct": 43.48866538169219, "cfe_abs_pct": 0.0, "co2_g_facility": 8673017.347533222, "p50_slowdown": 900.6166666666667, "p95_slowdown": 1680.6166666666666}