{"country": "PL", "mw": 1, "tier": 4, "seed": 7, "nodes": 667, "energy_kwh": 765.4774999996404, "ci_weighted_mean": 638.856319199979, "cfe_canonical_pct": 20.142960100002625, "cfe_pct": 44.763350997079954, "cfe_abs_pct": 0.0, "co2_g_facility": 574295.5302331839, "p50_slowdown": 1200.6166666666666, "p95_slowdown": 1980.6166666666666}