{"country": "SE", "mw": 50, "tier": 4, "seed": 6, "nodes": 33333, "energy_kwh": 34941.141666646035, "ci_weighted_mean": 11.884697705650588, "cfe_canonical_pct": 98.51441278679368, "cfe_pct": 31.03265114017792, "cfe_abs_pct": 100.0, "co2_g_facility": 7494335.493634565, "p50_slowdown": 900.6166666666667, "p95_slowdown": 1620.6166666666666}