{"country": "SE", "mw": 1, "tier": 0, "seed": 0, "nodes": 667, "energy_kwh": 379.7366666665925, "ci_weighted_mean": 11.467250806610753, "cfe_canonical_pct": 98.56659364917365, "cfe_pct": 38.88455609689845, "cfe_abs_pct": 100.0, "co2_g_facility": 5255.778416435063, "p50_slowdown": 600.6166666666667, "p95_slowdown": 600.6333333333333}