{"country": "SE", "mw": 1, "tier": 3, "seed": 7, "nodes": 667, "energy_kwh": 866.852499999572, "ci_weighted_mean": 11.778319304111182, "cfe_canonical_pct": 98.5277100869861, "cfe_pct": 32.1354684721023, "cfe_abs_pct": 100.0, "co2_g_facility": 11894.537487151292, "p50_slowdown": 1200.6166666666666, "p95_slowdown": 2160.616666666667}