{"country": "SE", "mw": 1, "tier": 5, "seed": 6, "nodes": 667, "energy_kwh": 765.1024999996424, "ci_weighted_mean": 11.722399663148218, "cfe_canonical_pct": 98.53470004210646, "cfe_pct": 32.39254077111498, "cfe_abs_pct": 100.0, "co2_g_facility": 10539.590945768721, "p50_slowdown": 1200.6166666666666, "p95_slowdown": 1980.6166666666666}