{"country": "SE", "mw": 10, "tier": 0, "seed": 4, "nodes": 6667, "energy_kwh": 3622.6933333341744, "ci_weighted_mean": 11.489913542587942, "cfe_canonical_pct": 98.56376080717651, "cfe_pct": 39.02701990359533, "cfe_abs_pct": 100.0, "co2_g_facility": 70318.60728554719, "p50_slowdown": 600.6166666666667, "p95_slowdown": 600.6333333333333}