{"country": "SE", "mw": 50, "tier": 0, "seed": 4, "nodes": 33333, "energy_kwh": 18029.12833333312, "ci_weighted_mean": 11.491367852323792, "cfe_canonical_pct": 98.56357901845952, "cfe_pct": 39.047755679557035, "cfe_abs_pct": 100.0, "co2_g_facility": 2784727.2445809143, "p50_slowdown": 600.6166666666667, "p95_slowdown": 600.6333333333333}