{"country": "SE", "mw": 50, "tier": 5, "seed": 3, "nodes": 33333, "energy_kwh": 34941.14166664609, "ci_weighted_mean": 11.884687590855416, "cfe_canonical_pct": 98.51441405114308, "cfe_pct": 30.976797266085207, "cfe_abs_pct": 100.0, "co2_g_facility": 7482047.655451005, "p50_slowdown": 900.6166666666667, "p95_slowdown": 1620.6166666666666}