{"country": "SE", "mw": 50, "tier": 1, "seed": 3, "nodes": 33333, "energy_kwh": 17979.82833333321, "ci_weighted_mean": 11.466425992567853, "cfe_canonical_pct": 98.56669675092901, "cfe_pct": 39.665990465860034, "cfe_abs_pct": 100.0, "co2_g_facility": 2846136.0303526144, "p50_slowdown": 600.6166666666667, "p95_slowdown": 600.6333333333333}