{"country": "SE", "mw": 1, "tier": 4, "seed": 5, "nodes": 667, "energy_kwh": 765.1774999996413, "ci_weighted_mean": 11.722385100805857, "cfe_canonical_pct": 98.53470186239926, "cfe_pct": 32.45202214809237, "cfe_abs_pct": 100.0, "co2_g_facility": 10469.266398273316, "p50_slowdown": 1200.6166666666666, "p95_slowdown": 1980.6166666666666}