{"country": "SE", "mw": 10, "tier": 4, "seed": 3, "nodes": 6667, "energy_kwh": 7101.4791666702195, "ci_weighted_mean": 11.869457038729642, "cfe_canonical_pct": 98.5163178701588, "cfe_pct": 31.3558549975958, "cfe_abs_pct": 100.0, "co2_g_facility": 160287.64412681467, "p50_slowdown": 900.6166666666667, "p95_slowdown": 1680.6166666666666}