{"country": "SE", "mw": 1, "tier": 1, "seed": 5, "nodes": 667, "energy_kwh": 378.3616666665926, "ci_weighted_mean": 11.444814342412279, "cfe_canonical_pct": 98.56939820719846, "cfe_pct": 39.49875261022907, "cfe_abs_pct": 100.0, "co2_g_facility": 5225.637823206736, "p50_slowdown": 600.6166666666667, "p95_slowdown": 600.6333333333333}