{"country": "SE", "mw": 10, "tier": 1, "seed": 4, "nodes": 6667, "energy_kwh": 3612.568333334154, "ci_weighted_mean": 11.465231241095642, "cfe_canonical_pct": 98.56684609486305, "cfe_pct": 39.64288873598701, "cfe_abs_pct": 100.0, "co2_g_facility": 70639.77123608693, "p50_slowdown": 600.6166666666667, "p95_slowdown": 600.6333333333333}