{"country": "SE", "mw": 10, "tier": 2, "seed": 7, "nodes": 6667, "energy_kwh": 7101.4791666702195, "ci_weighted_mean": 11.869486348275954, "cfe_canonical_pct": 98.51631420646551, "cfe_pct": 31.299282083664583, "cfe_abs_pct": 100.0, "co2_g_facility": 160298.54304181004, "p50_slowdown": 900.6166666666667, "p95_slowdown": 1680.6166666666666}