{"country": "CH", "season": "Autumn", "layer": "easy_fcfs", "seed": 1, "mw": 10, "ci_source": "synth", "n_completed": 1000, "n_truncated": 0, "energy_kwh": 32.67374999999937, "ci_weighted_mean": 32.11269016700772, "cfe_canonical_pct": 95.98591372912404, "co2_g_facility": 1259.0904124131077, "p95_slowdown": 1.0}