{"country": "CH", "season": "Spring", "layer": "saf", "seed": 3, "mw": 10, "ci_source": "synth", "n_completed": 1000, "n_truncated": 0, "energy_kwh": 41.702499999999304, "ci_weighted_mean": 32.827632506236206, "cfe_canonical_pct": 95.89654593672049, "co2_g_facility": 1642.7932135095684, "p95_slowdown": 1.0}