{"country": "CH", "season": "Summer", "layer": "fcfs", "seed": 2, "mw": 10, "ci_source": "synth", "n_completed": 1000, "n_truncated": 0, "energy_kwh": 68.52541666666639, "ci_weighted_mean": 31.249628515345098, "cfe_canonical_pct": 96.09379643558187, "co2_g_facility": 2569.6725776311105, "p95_slowdown": 1.0}