{"country": "CH", "season": "Spring", "layer": "fcfs", "seed": 0, "mw": 10, "ci_source": "synth", "n_completed": 1000, "n_truncated": 0, "energy_kwh": 39.269583333332534, "ci_weighted_mean": 32.434456146908225, "cfe_canonical_pct": 95.94569298163648, "co2_g_facility": 1528.4250942388135, "p95_slowdown": 1.0}