{"country": "CH", "season": "Winter", "layer": "replay", "seed": 2, "mw": 10, "ci_source": "synth", "n_completed": 1000, "n_truncated": 0, "energy_kwh": 68.52541666666639, "ci_weighted_mean": 34.5390630959081, "cfe_canonical_pct": 95.68261711301149, "co2_g_facility": 2840.164427908062, "p95_slowdown": 1.0}