{"country": "CH", "season": "Winter", "layer": "replay", "seed": 1, "mw": 10, "ci_source": "synth", "n_completed": 1000, "n_truncated": 0, "energy_kwh": 32.67374999999937, "ci_weighted_mean": 33.71832467535821, "cfe_canonical_pct": 95.78520941558023, "co2_g_facility": 1322.044933033758, "p95_slowdown": 1.0}