{"country": "DE", "season": "Autumn", "layer": "fcfs", "seed": 1, "mw": 10, "ci_source": "synth", "n_completed": 1000, "n_truncated": 0, "energy_kwh": 32.67374999999937, "ci_weighted_mean": 327.0620941323077, "cfe_canonical_pct": 59.117238233461535, "co2_g_facility": 12823.61411778644, "p95_slowdown": 1.0}