{"country": "DE", "season": "Autumn", "layer": "fcfs", "seed": 3, "mw": 10, "ci_source": "synth", "n_completed": 1000, "n_truncated": 0, "energy_kwh": 41.702499999999304, "ci_weighted_mean": 348.5922847855329, "cfe_canonical_pct": 56.42596440180838, "co2_g_facility": 17444.603707522117, "p95_slowdown": 1.0}