{"country": "DE", "season": "Autumn", "layer": "easy_fcfs", "seed": 0, "mw": 10, "ci_source": "synth", "n_completed": 1000, "n_truncated": 0, "energy_kwh": 39.269583333332534, "ci_weighted_mean": 336.7519425478525, "cfe_canonical_pct": 57.90600718151844, "co2_g_facility": 15868.93016465357, "p95_slowdown": 1.0}