{"country": "DE", "season": "Spring", "layer": "fcfs", "seed": 0, "mw": 10, "ci_source": "synth", "n_completed": 1000, "n_truncated": 0, "energy_kwh": 39.269583333332534, "ci_weighted_mean": 320.7161357598597, "cfe_canonical_pct": 59.91048303001754, "co2_g_facility": 15113.266823479478, "p95_slowdown": 1.0}