{"country": "DE", "season": "Summer", "layer": "replay", "seed": 3, "mw": 10, "ci_source": "synth", "n_completed": 1000, "n_truncated": 0, "energy_kwh": 41.702499999999304, "ci_weighted_mean": 282.19375435019384, "cfe_canonical_pct": 64.72578070622576, "co2_g_facility": 14121.822048946498, "p95_slowdown": 1.0}