{"country": "DE", "season": "Summer", "layer": "saf", "seed": 2, "mw": 10, "ci_source": "synth", "n_completed": 1000, "n_truncated": 0, "energy_kwh": 68.52541666666639, "ci_weighted_mean": 283.8201226662379, "cfe_canonical_pct": 64.52248466672026, "co2_g_facility": 23338.67059690624, "p95_slowdown": 1.0}