{"country": "DE", "season": "Spring", "layer": "saf", "seed": 3, "mw": 10, "ci_source": "synth", "n_completed": 1000, "n_truncated": 0, "energy_kwh": 41.702499999999304, "ci_weighted_mean": 331.9926521766987, "cfe_canonical_pct": 58.500918477912656, "co2_g_facility": 16613.908292878194, "p95_slowdown": 1.0}