{"country": "DE", "season": "Spring", "layer": "saf", "seed": 1, "mw": 10, "ci_source": "synth", "n_completed": 1000, "n_truncated": 0, "energy_kwh": 32.67374999999937, "ci_weighted_mean": 311.4877086974355, "cfe_canonical_pct": 61.06403641282056, "co2_g_facility": 12212.965826463153, "p95_slowdown": 1.0}