{"country": "DE", "season": "Summer", "layer": "replay", "seed": 1, "mw": 10, "ci_source": "synth", "n_completed": 1000, "n_truncated": 0, "energy_kwh": 32.67374999999937, "ci_weighted_mean": 264.76455239282103, "cfe_canonical_pct": 66.90443095089738, "co2_g_facility": 10381.02095249366, "p95_slowdown": 1.0}