{"country": "DE", "season": "Spring", "layer": "replay", "seed": 2, "mw": 10, "ci_source": "synth", "n_completed": 1000, "n_truncated": 0, "energy_kwh": 68.52541666666639, "ci_weighted_mean": 333.90602666616024, "cfe_canonical_pct": 58.26174666672996, "co2_g_facility": 27457.259525771922, "p95_slowdown": 1.0}