{"country": "DE", "season": "Winter", "layer": "saf", "seed": 2, "mw": 10, "ci_source": "synth", "n_completed": 1000, "n_truncated": 0, "energy_kwh": 68.52541666666639, "ci_weighted_mean": 394.0091114660714, "cfe_canonical_pct": 50.74886106674108, "co2_g_facility": 32399.566240411456, "p95_slowdown": 1.0}