{"country": "IT", "season": "Autumn", "layer": "easy_fcfs", "seed": 3, "mw": 10, "ci_source": "synth", "n_completed": 1000, "n_truncated": 0, "energy_kwh": 41.702499999999304, "ci_weighted_mean": 301.20227143523186, "cfe_canonical_pct": 62.34971607059602, "co2_g_facility": 15073.065269433171, "p95_slowdown": 1.0}