{"country": "IT", "season": "Autumn", "layer": "easy_fcfs", "seed": 2, "mw": 10, "ci_source": "synth", "n_completed": 1000, "n_truncated": 0, "energy_kwh": 68.52541666666639, "ci_weighted_mean": 302.4573153800168, "cfe_canonical_pct": 62.19283557749791, "co2_g_facility": 24871.21627235641, "p95_slowdown": 1.0}