{"country": "IT", "season": "Autumn", "layer": "saf", "seed": 1, "mw": 10, "ci_source": "synth", "n_completed": 1000, "n_truncated": 0, "energy_kwh": 32.67374999999937, "ci_weighted_mean": 287.75241867849576, "cfe_canonical_pct": 64.03094766518804, "co2_g_facility": 11282.340707755598, "p95_slowdown": 1.0}