{"country": "IT", "season": "Autumn", "layer": "easy_fcfs", "seed": 0, "mw": 10, "ci_source": "synth", "n_completed": 1000, "n_truncated": 0, "energy_kwh": 39.269583333332534, "ci_weighted_mean": 293.80564117537364, "cfe_canonical_pct": 63.274294853078295, "co2_g_facility": 13845.150131927569, "p95_slowdown": 1.0}