{"country": "IT", "season": "Summer", "layer": "easy_fcfs", "seed": 0, "mw": 10, "ci_source": "synth", "n_completed": 1000, "n_truncated": 0, "energy_kwh": 39.269583333332534, "ci_weighted_mean": 237.84266190387393, "cfe_canonical_pct": 70.26966726201576, "co2_g_facility": 11207.978678226966, "p95_slowdown": 1.0}