{"country": "IT", "season": "Summer", "layer": "fcfs", "seed": 2, "mw": 10, "ci_source": "synth", "n_completed": 1000, "n_truncated": 0, "energy_kwh": 68.52541666666639, "ci_weighted_mean": 244.84639816477303, "cfe_canonical_pct": 69.39420022940337, "co2_g_facility": 20133.841744288413, "p95_slowdown": 1.0}