{"country": "IT", "season": "Spring", "layer": "easy_fcfs", "seed": 3, "mw": 10, "ci_source": "synth", "n_completed": 1000, "n_truncated": 0, "energy_kwh": 41.702499999999304, "ci_weighted_mean": 286.8593061287898, "cfe_canonical_pct": 64.14258673390127, "co2_g_facility": 14355.300256602875, "p95_slowdown": 1.0}