{"country": "IT", "season": "Summer", "layer": "easy_fcfs", "seed": 3, "mw": 10, "ci_source": "synth", "n_completed": 1000, "n_truncated": 0, "energy_kwh": 41.702499999999304, "ci_weighted_mean": 243.8304102094712, "cfe_canonical_pct": 69.5211987238161, "co2_g_facility": 12202.005218112432, "p95_slowdown": 1.0}