{"country": "IT", "season": "Spring", "layer": "saf", "seed": 1, "mw": 10, "ci_source": "synth", "n_completed": 1000, "n_truncated": 0, "energy_kwh": 32.67374999999937, "ci_weighted_mean": 274.04992255094675, "cfe_canonical_pct": 65.74375968113166, "co2_g_facility": 10745.086388338643, "p95_slowdown": 1.0}