{"country": "IT", "season": "Summer", "layer": "easy_fcfs", "seed": 1, "mw": 10, "ci_source": "synth", "n_completed": 1000, "n_truncated": 0, "energy_kwh": 32.67374999999937, "ci_weighted_mean": 232.94243416830594, "cfe_canonical_pct": 70.88219572896175, "co2_g_facility": 9133.323430087825, "p95_slowdown": 1.0}