{"country": "IT", "season": "Spring", "layer": "easy_fcfs", "seed": 0, "mw": 10, "ci_source": "synth", "n_completed": 1000, "n_truncated": 0, "energy_kwh": 39.269583333332534, "ci_weighted_mean": 279.81489635749796, "cfe_canonical_pct": 65.02313795531276, "co2_g_facility": 13185.857268502292, "p95_slowdown": 1.0}