{"country": "IT", "season": "Winter", "layer": "replay", "seed": 3, "mw": 10, "ci_source": "synth", "n_completed": 1000, "n_truncated": 0, "energy_kwh": 41.702499999999304, "ci_weighted_mean": 338.4939812319774, "cfe_canonical_pct": 57.688252346002834, "co2_g_facility": 16939.254302791334, "p95_slowdown": 1.0}