{"country": "IT", "season": "Winter", "layer": "fcfs", "seed": 1, "mw": 10, "ci_source": "synth", "n_completed": 1000, "n_truncated": 0, "energy_kwh": 32.67374999999937, "ci_weighted_mean": 323.3789086101207, "cfe_canonical_pct": 59.577636423734916, "co2_g_facility": 12679.20193823949, "p95_slowdown": 1.0}