{"country": "IT", "season": "Winter", "layer": "fcfs", "seed": 0, "mw": 10, "ci_source": "synth", "n_completed": 1000, "n_truncated": 0, "energy_kwh": 39.269583333332534, "ci_weighted_mean": 330.18157770185127, "cfe_canonical_pct": 58.727302787268584, "co2_g_facility": 15559.311576832615, "p95_slowdown": 1.0}