{
  "n_seeds": 32,
  "n_resamples": 10000,
  "confidence": 0.95,
  "alpha": [
    3.0,
    3.0,
    2.5,
    1.5
  ],
  "delta_it_pp": {
    "mean": -0.012943577355078312,
    "ci_lower": -0.016169820592884295,
    "ci_upper": -0.009712369971788815,
    "ci_width": 0.006457450621095481
  },
  "delta_facility_pp": {
    "mean": -0.3948692991115846,
    "ci_lower": -0.5000973900027795,
    "ci_upper": -0.2907628845974901,
    "ci_width": 0.20933450540528942
  },
  "declared_it_pct": {
    "mean": -0.012943577355078312,
    "ci_lower": -0.01616736718106795,
    "ci_upper": -0.00970967589623761
  },
  "declared_facility_pct": {
    "mean": -0.3948692991115846,
    "ci_lower": -0.4989803109743838,
    "ci_upper": -0.29033883127607235
  }
}